text,true,pred
yes mtv really way market daria started clever teenage angst- comment suck make viewer feel better sucky teenage life sitcom mutated deal problem -charade used watch daria time loved sitting watching called movie wonder point daria tell lead life college excuse did the_NEG point_NEG daria_NEG made_NEG every_NEG episode_NEG that_NEG what_NEG you_NEG like_NEG to_NEG do_NEG is_NEG ok_NEG long ok matter_NEG what_NEG the_NEG rest_NEG of_NEG the_NEG sick_NEG sad_NEG world_NEG think_NEG of_NEG it_NEG entire thing reminded scene reality bite movie channel show documentry time,negative,positive
little quentin mastered art having cake eating usual pure sadistic display explained clever thought-provoking way sending violence audience face sure mr tarantino violence baaad sadism baaad worth wading make point brilliant juvenile audience be_NEG clever_NEG enough_NEG to_NEG follow_NEG all_NEG the_NEG smart_NEG reference_NEG to_NEG higher_NEG level_NEG of_NEG consciousness_NEG though_NEG confident light day thanks making little world little better deserve medal,negative,positive
film listed having num the_NEG film_NEG which_NEG is_NEG available_NEG from_NEG something_NEG weird_NEG video_NEG in_NEG their_NEG ``_NEG driver_NEG 's_NEG ed_NEG scare_NEG film_NEG vol_NEG num thing num version color swv disc earlier version num film b w wlwt television channel num cincinnati way film notorious unlike driver ed film intended television broadcast viewing general public level carnage ratcheted pretty grim exercise exploitation bloody death purported educational intent live cincinnati area remember thing shown year prom time channel num looking film demonstrates tone uniquely american film phenomenon prom pretty typical - morose hyperbolic extremely didactic heavy melodrama really affected teenager driving guess,negative,positive
known brad linaweaver florida state u early num inspiring inventive writer thought headed greater glory rented video time been_NEG kind_NEG to_NEG mr_NEG linaweaver_NEG suppose pressure making living make higher aspiration expendable flower bloom come gone un-noticed summer breeze amen say add sad epitaph blossoming career stated price pay chasing shadow firm foundation goal oneself life movie goal_NEG purpose_NEG kept telling happened brad creativity shining genius gone gone year neglect deteriorated shining mind,negative,positive
order enjoy - imaginary portrait diane arbus stephen shainberg need viewer suspend reality prior knowledge american photographer diane arbus paradoxically use diane arbus knowledge life work set film fail grand scale apparent quite early casting beautiful waspish glamorous nicole kidman anti-glamorous jewish diane arbus shainberg did get_NEG arbus_NEG or_NEG what_NEG her_NEG work_NEG wa_NEG about_NEG (_NEG unsentimental_NEG realism_NEG )_NEG and_NEG seems_NEG only_NEG attracted_NEG to_NEG arbus_NEG on_NEG a_NEG superficial_NEG level_NEG through_NEG her_NEG photograph_NEG of_NEG circus_NEG freak_NEG follows kind pretty trivial beauty beast fantasy biopic robert downey jr kidman hairy fictional love the_NEG banality_NEG of_NEG the_NEG story_NEG that_NEG is_NEG the_NEG main_NEG flaw_NEG in_NEG this_NEG film_NEG director misogynistic stance diane arbus art world singular original woman photographer incapable forming idea work previous film study female masochism continued portrayal female submissive spoil film completely - fly face real life diane arbus courage tenacity fearlessness single-handedly exploring shady world outsider imagine imaginary biopic pop star madonna life guy richie svengali man career feel seriously flawed imaginary film work absolutely knowledge_NEG of_NEG the_NEG subject_NEG just choose ignore fact shame remove reference diane arbus film stood interesting study fetishism good companion piece secretary num num,negative,positive
quite fan michael chabon novel wonder boy fantastic movie curtis hanson masterful novel amazing adventure kavalier clay won pulitzer prize year hand script spider man num arguably greatest comic book movie time director rawson marshall thurber directed wonderful comedic piece gut-busting dodgeball genius short film series terry tate office linebacker cast including peter saarsgard sienna miller nick nolte mena suvari like no-brainer literally jon foster star art bechstein son mobster nolte recently graduated degree economics jon state arrested development work minimum wage job book barn vapid relationship phlox suvari amount little copious amount sex plan_NEG other_NEG than_NEG to_NEG chip_NEG away_NEG at_NEG a_NEG career_NEG for_NEG which_NEG he_NEG ha_NEG zero_NEG passion_NEG night party ex-roommate introduces jon jane miller beautiful smart violinist later night pie asks jon question begin shake catatonic state existence want tell told_NEG a_NEG single_NEG soul_NEG make night indelible jon tell reoccurring dream wanders town looking face stranger passing look eye imagine death feel like say day jane wild boyfriend cleveland saarsgard kidnaps jon work take hulking abandoned steel soon jon cleveland jane spending waking moment going punk rock concert doing drug drinking lot alcohol doe sit_NEG well_NEG with_NEG phlox_NEG push jon personal relationship letting meet new friend father film attempt jon journey shake shackle imposed father phlox dead-end job find freedom expression relationship cleveland jane problem having follow jon film completely uninteresting ambition_NEG passion goal walk life like invisible wraith described jane night met outset a_NEG problem_NEG get_NEG any_NEG more_NEG interesting_NEG completely passive character simply follows bohemian cleveland jane once_NEG give_NEG u_NEG any_NEG inkling_NEG a_NEG to_NEG what_NEG he_NEG care_NEG about_NEG or_NEG want_NEG to_NEG to_NEG do_NEG with_NEG himself_NEG consequently film supporting character little party sex argument word ado shallow skin good movie inside sweeping cinematography ponderous voice-over character staring distance lot sex scene straight gay big argument angry sex chase scene tragic death doe seem_NEG to_NEG matter_NEG ironically point jane confused number jon aimless action asks going jon yes jon tell audience dying know title mystery pittsburgh refer character facade one-dimensional stand-ins actual people film let_NEG u_NEG in_NEG know_NEG what_NEG make_NEG any_NEG of_NEG them_NEG tick_NEG lot thing know_NEG why_NEG absence worst thing movie,negative,positive
just ca believe_NEG some_NEG of_NEG the_NEG comment_NEG on_NEG this_NEG show_NEG just genius sure doe follow_NEG the_NEG tried_NEG and_NEG true_NEG consumer want thing thrust we_NEG have_NEG the_NEG option_NEG to_NEG sit_NEG back_NEG and_NEG enjoy_NEG something_NEG new_NEG once_NEG in_NEG a_NEG while_NEG style a_NEG realistic_NEG a_NEG previous_NEG ``_NEG scooby_NEG doo_NEG ''_NEG show_NEG supposed_NEG to_NEG be_NEG titled shaggy scooby doo clue title state entire beloved cast rendition constantly join action doe say solving mystery ca even_NEG stand_NEG monster_NEG actually glad long standing plot point work scooby-doo running joke clumsy hi-jinks quick-change outfit chase scene standard hallway gag scooby snack fact glad just love glad got rid rest team concentrated just main character villain sure ridiculous supposed sure different supposed supposed make laugh villain cheer idiotic robotic butler triumph intruding vermin matter_NEG what_NEG the_NEG size_NEG supposed running roobi-roo joke thing just a_NEG single_NEG thing_NEG i_NEG can_NEG think_NEG that_NEG is_NEG wrong_NEG with_NEG it_NEG writing acting animation notch title music awesome computer play clue boot background music just gripping,positive,negative
watched movie watching practical magic older film far superior liked way lighting makeup costume changed gillian changed story jimmy stewart mannerism did do_NEG a_NEG lot_NEG for_NEG me_NEG in_NEG this_NEG film_NEG suppose did serve highlight reserve gillian character struck nicky gillian mannerism -- director wanted appear effeminate gillian appear masculine gesture nicky make showing redlich power especially struck thought_NEG of_NEG warlock_NEG a_NEG being_NEG effeminate_NEG interesting way contrasting character,positive,negative
lady gentleman really got winner actually boy film hilarious entertaining horrible hoot stinker poor alma fetching julia ruiz suffering ancient mayan curse cause lethal poisonous snake grow inside body alma deranged shaman husband brujo alby castro feverishly overacts delicious eye-rolling intensity stowaway train bound los angeles naturally bunch deadly viper lose terrorize motley assortment passenger mallachi brother working absurd script eric fosberg treat ridiculous premise straight creating wonderfully wretched piece deliriously campy cheese cruddy cgi effect pathetically unfrightening common variety gardner snake would-be scary rattlesnake noise added soundtrack imbue faint sense nonexistent menace plodding pace total dearth tension momentum obvious rickety stage-bound train set especially simply astonishing got ta kiddin over-the-top preposterous ending downright awesome jaw-dropping awfulness better got game lame acting no-name cast nice smidgen tasty gratuitous female nudity funky score plenty extremely gross grotesque make-up bonus point fact token irritatingly cutesy little girl get eaten large reptile stoner engineer get caught smoking crack hollow light bulb absolute gut-buster kitsch howler,positive,negative
citizen kane godfather ii martin dolemite single greatest piece celluloid created unleashed humanity rudy ray moore role transcends academy award star dolemite baddest cat universe clearly doe take_NEG any_NEG jive_NEG from_NEG turkey_NEG (_NEG i_NEG myself_NEG am_NEG unfortunately_NEG a_NEG turkey_NEG )_NEG and_NEG prof_NEG it_NEG with_NEG his_NEG power_NEG of_NEG rapping_NEG pimping karate chopping blaxploitation absolute finest shining example genre low budget continuity error hatred rat-soup eating honkey expletive expletive true godfather rap this_NEG new_NEG ali_NEG nonsense_NEG )_NEG moore_NEG is_NEG something_NEG of_NEG a_NEG juxtaposition_NEG of_NEG acting_NEG technique_NEG managing charismatic awful actor num thats saying highly recommended folk for_NEG the_NEG one-liners_NEG alone_NEG,positive,negative
a_NEG movie_NEG for_NEG everyone_NEG movie num lover black comedy cast including richard dreyfus vic jeff goldblum mick larry bishop nick gabriel byrne ben ball london lead line ca help_NEG but_NEG be_NEG dry_NEG supporting cast nearly dead center counting minor flaw movie ellen barkin make-up gave face washed look couple gim cameo joey bishop richard pryor served purpose_NEG michael pollard screen time short cast just incredible ego wreck fine script seen larry bishop writer director film underworld dark crime flick enjoy outing writer director actor hell ride michael madsen quentin tarantino,positive,negative
opinion movie entire video portion movie absolute trash soundtrack used contained music great heavy metal rock band recognized music band called firstryke album just nightmare written curious rest movie buff think remember far appreciate feed collect old movie obscure movie sound track time consuming hobby rewarding seen band music sold germany net dollar album to_NEG bad_NEG hugh_NEG,negative,positive
people find according jim great television comedy going rock world add kudos proving good talent good writing charismatic star really need network abc prefers air crap like jim belushi year year k- num big steaming brown german shepherd-sized thank genius loved movie exactly fan film lesser belushi deserve jim comedic chop choice project far_NEG behind_NEG his_NEG ability_NEG to_NEG butcher_NEG a_NEG blue_NEG standard_NEG look try showcase diverse lack talent project hurl public like surly zoo chimpanzee enjoy jim work movie reward,negative,positive
froggie upset ha_NEG a_NEG big_NEG party_NEG like_NEG all_NEG the_NEG other_NEG kid_NEG spanky gang seek remedy giving surprise party unaware decoration preparation froggy sabotage late party okay gang comedy work fit start bit work think_NEG it_NEG really_NEG work_NEG a_NEG a_NEG whole_NEG problem know going humor need form surprise work thing fall think weird way film just sort miss type thing actually thought amounted misfire worth trying lower expectation,negative,positive
hollywood long love affair bogus arabian night tale product stood test time memorable jon hall maria montez film long camp filled dubbed song anachronistic slang slapstick truly bounteous crop mesopotamian corn pretty near intolerable today nominated imaginative special effect unnoticeable day age consisting mainly trick photography outstanding positive feature survives beautiful color clarity sad say film genre come alexander korda original thief baghdad arabian night film superior loser,negative,positive
saw winnie heffalump couple day ago nice story based known character created winnie piglet tigger rabbit present animated feature main character roo time befriends scary heffalump prof scary_NEG at_NEG all_NEG and_NEG show_NEG everybody_NEG that_NEG friendship_NEG know_NEG boundary_NEG and_NEG everybody_NEG want_NEG and_NEG deserves_NEG to_NEG be_NEG happy_NEG love film love num num year younger ala like kid enjoy heffalump story left sense sadness loss sort childishness innocence movie glad hear carly simon sing joel mcneely provided great score,negative,positive
stale misfits-in-the-army saga half-heartedly attempt surreal foreign subtitle vulgar flatulence gag just end mix different kind humor followed successfully barbara bach bond girl spy loved brief scene waste num num,negative,positive
closet land nasty piece work superb actor happens movie unending abuse attractive woman prisoner sadistic police official setting minimalist considered soft core s m porn drama devoid reference point time place political context happens cut adrift fantasy futuristic environment abuse purely personal pornographic aspect justified warning evil totalitarian government real_NEG context_NEG for_NEG the_NEG torture_NEG of_NEG this_NEG young_NEG woman_NEG come away disturbed having learned point torture exists world abusing prisoner bad dictatorship abuse innocent people know closet land echo work darkness noon ionesco rhinoceros work competent artist work historical context depth meaning work amateurish dialogue sophomoric definite thumb,negative,positive
youth pastor heard good thing movie watched acting the_NEG best_NEG forgivable message jesus life change - tackle better make amazing catch stop fumbling start making touchdown pass make playoff jesus magically turn horrible undersized weakling all-american athlete laughed loud coach quoted scripture explain kicker missing field goal wait all_NEG brand new truck num raise wife struggle infertility suddenly end pregnancy - twice win state championship god help weakling kick winning field goal num yard kicked - wind less_NEG -_NEG all_NEG because_NEG ``_NEG god_NEG wanted_NEG him_NEG to_NEG make_NEG it_NEG win state championship year good stuff happened team chosen_NEG to_NEG follow_NEG jesus_NEG will_NEG all_NEG their_NEG heart_NEG took away movie god want want - making life better easier enjoyable chooses favorite team help win game bible story based bet saint stephen wished known key safe life stoned death movie num num apostle killed following jesus saved lot trouble,negative,positive
good earth boring film seen life plot slow lacking acting borderline comical love paul muni say seen film doe do_NEG his_NEG true_NEG ability_NEG justice_NEG saving grace film production value use hundred extra film creates believable interesting environment beautiful effect used create illusion million wasp sell easily revolutionary time production value say little good entertaining film,negative,positive
good blueprint study corporate power dichotomoy required public life need privacy robert taylor primed corporate head burl ives surrogate son replace head corporation sends england negotiate deal taylor taken aback ethic morality men dealing manages fall love refugee come emtpy handed having duty having told truth english motif attempt marry refugee bos niece begin attempt ives discredit refugee suitable wife corporate executive gritter nastier romantic - time spent romance skews film away point trying make corporate ethic costume design nominated undeservedly oscar - business suit woman film dress conservatively - studio politics work doubt_NEG stiking black white cinemascope cinematography excellent - deserved oscar nom mgm film b w a_NEG good_NEG a_NEG it_NEG could_NEG have_NEG been_NEG but_NEG terrible_NEG either_NEG,negative,positive
private campground plymouth massachusetts num grandparent founder parent site starting num brother site doe have_NEG anything_NEG directly_NEG to_NEG do_NEG with_NEG the_NEG movie_NEG bear spent summer blueberry hill year old eighteen people like film speaks one group camp wood tell good happy place experienced_NEG the_NEG lifestyle_NEG indian summer probably lost bother_NEG quick-paced_NEG doe have_NEG rapid_NEG cut_NEG plot in_NEG the_NEG least_NEG bit_NEG convoluted_NEG explosion_NEG dramatic tension exists mild any_NEG a-list_NEG actor_NEG rapid-fire_NEG quip_NEG just_NEG to_NEG show_NEG off_NEG how_NEG clever_NEG the_NEG scriptwriter_NEG are_NEG (_NEG other_NEG than_NEG kimberley williams killer line ``_NEG overwind_NEG his_NEG toy_NEG the_NEG least_NEG degree_NEG what_NEG this_NEG movie_NEG is_NEG about_NEG godfather slasher flick just lot screen gore indian summer godfather polar opposite experienced lifestyle movie read_NEG any_NEG more_NEG just num num film,positive,negative
for_NEG the_NEG terrific_NEG music_NEG hesitate_NEG to_NEG give_NEG this_NEG cinematic_NEG underachievement_NEG num_NEG /_NEG num_NEG music actually make like certain passage num num,negative,positive
cinemascope color cinematography leon shamroy quite remarkable including use colored filter various scene alfred newmann score sensual seductive score hollywood produced shame longer_NEG available_NEG on_NEG cd_NEG actor rise_NEG to_NEG the_NEG occasion_NEG accent varied subdued british ustinov purdom hollywood baxter mature true hodgepodge central_NEG vision_NEG tommy rettig jarringly american acting style span range zombie-like stilted ustinov conniving one-eyed servant steal - steal premise - story young egyptian doctor seduced abandoned rich - parallel theme cult single god ra - persecuted authority interesting point film plot fade haunting music visuals remain,negative,positive
remember watching bsg pilot night exactly remember chair sat magic came alive enjoyed year bsg enjoyed part year watched episode fourth year totally faithfully great hope turn did watched caprica pilot enthralled hope good started watching regular episode getting boring obvious predictable reminds droll political correctness failed virtuality line work d num good focused bsg organized way good especially true early followed pattern episode set bsg series departed meeting admiral cain pegasus went pot like wrote rest knowing going maybe improve maybe just weak initial episode nervous,negative,positive
movie great way series finally end peter boy puppet master iii grown puppet master girl come destroy puppet learn toulon secret instead listens story puppet movie footage puppet master ii puppet master iii puppet master num puppet master num curse puppet master retro puppet master sorry guess paramount let_NEG them_NEG use_NEG scene_NEG from_NEG num_NEG )_NEG personally wish puppet master demonic toy finally way movie end basically say final movie series,positive,negative
interesting true story archie grey owl dreamed indiain child age num born england moved canada adotped indiains writes collums magazine wrote book caugt attention million book life end told wife a_NEG real_NEG indiain_NEG and_NEG she_NEG wa_NEG fine_NEG with_NEG it_NEG and_NEG he_NEG died_NEG at_NEG the_NEG age_NEG of_NEG num_NEG two_NEG year_NEG after_NEG he_NEG went_NEG back_NEG into_NEG the_NEG wildness_NEG,positive,negative
despite moment heavy rain encounter drunk organ grinder gypsy monkey stay sanitarium roscoe fatty arbuckle silent comedy short support buster keaton al john fitfully amusing quite funny sequence arbuckle drag flirting buster ultimate meet cute scene especially time great stone face smile laugh movie scene jump cut edited possibly overuse film stock arbuckle keaton completist good night nurse certainly worth look,negative,positive
know critic audience say satire numerous political social message name make refer name realize_NEG such_NEG thing_NEG (_NEG i_NEG do_NEG want_NEG to_NEG do_NEG anyway_NEG )_NEG because_NEG i_NEG am_NEG interested_NEG in_NEG interested movie said movie clever dramatically powerful see_NEG anything_NEG which_NEG we_NEG do_NEG see_NEG in_NEG monster_NEG movie_NEG except_NEG the_NEG scene_NEG which_NEG take_NEG place_NEG in_NEG a_NEG office_NEG in_NEG the_NEG second_NEG half_NEG yes scene say somethings humanity doe make_NEG the_NEG movie_NEG brilliant_NEG movie entertaining mildly exciting moment scene more_NEG than_NEG that_NEG biggest flaw movie visual effect just shocking pull_NEG myself_NEG together_NEG for_NEG a_NEG while_NEG expected realistic monster one_NEG of_NEG the_NEG old_NEG gojira_NEG movie_NEG num like believe_NEG that_NEG there_NEG is_NEG a_NEG monster_NEG care_NEG about_NEG agree highly recommend cloverfield extremely realistic design monster interesting_NEG planned effort dramatically powerful critique critic talk kurosawa movie yes drama thriller action mean_NEG that_NEG it_NEG is_NEG dramatically_NEG powerful_NEG want_NEG to_NEG compare_NEG the_NEG host_NEG with_NEG other_NEG monster_NEG movie_NEG try mean host doe do_NEG something_NEG that_NEG other_NEG monster_NEG movie_NEG do_NEG do_NEG way people movie masterpiece sympathy asian cinema yes like asian cinema fact,negative,positive
carole lombard james stewart gamely try inject life meaning bizarrely constructed film tribulation newlywed couple scene play parceled various director different goal capra-cute screwball melodramatic surprisingly noir extended adventure sequence plot suddenly focus small plane flying blizzard hard say scene incongruous film erratic tone storyline exactly_NEG believable_NEG worth watching film student fan actor -- smaller part judge doolittle intrepid pilot played,negative,positive
interested obtaining copy film read description telecast cbs november num num made-for-tv finding john christmas sequel previous year town christmas peter falk reprising role versatile guardian angel max valerie bertinelli play kathleen mcallister divorced small-town nurse depression fact hospital er maintains forced shut num num debt briefly lifted spot newspaper picture taken photojournalist noah greeley david cubitt picture show act bravery performed noah firefighter brother hank william rus mysteriously left town num year ago been_NEG seen_NEG since_NEG hank like quietly slip town explanation fanfare prof impossible noah newspaper post num num reward identify hank known public john christmas curious photo show santa claus suit seemingly floating midair occupant elusive santa course angelic max pop story variety guise solve problem dispense advice tie loose plot strand -- share musical duet kathleen talented daughter socorro jennifer pisana interested having copy write iamaseal num,positive,negative
despite overwhelming cult following sad documentary admit having cordially loathed film struck party far distressing exploitation piece usefully informative said seeing magnificent stage musical drawn appreciate film surer hand suspect actively suffered film campy delight crueler fan enjoyed destroyed uncomfortable suspicion - know - misstep away deplorable plight mad woman depicted live contribute squalor incapable controlling escaping film leaf viewer desperately wondering person slid level degradation unlike musical offer cautionary_NEG clue_NEG or_NEG explanation_NEG horror unredeemed humor insight soul crushing flatness film make achievement stage version hopefully filmed ultimately cable remarkable act ii faithful film discussion strangely setting sad inmate plight music raise human tragedy art important act preceded fine act meet woman decent mutually enabled madness offered hint isolated purgatory came short film lacking filmmaker credit successor excellent criterion dvd release includes out-takes bonus material partially redeem main film - scene photograph interview commentary - filling blank spot original editing consciously decided omit drive unadulterated horror depression ca make_NEG the_NEG amateurish_NEG film_NEG itself_NEG satisfying_NEG make bit comprehensible ultimately remarkable stage piece inspired drawn book writer doug wright composer scott frankel lyricist michael korie raise rating original grey garden single generous star,negative,positive
review read far missed crucial point shakespeare wrote accent pronunciation just did northerner play scottish accent change emphasis rhythm language affect profoundly said way taken listen note difference play rhythm word better provided people using received polite well- enunciated english reminded time teacher school leicester unknowingly asked age num read piece walter scott written tone border come border read read difference,positive,negative
movie great understand_NEG the_NEG disrespect_NEG it_NEG get_NEG 's_NEG scene like num - num actually scary num horror fan problem_NEG with_NEG this_NEG film_NEG it_NEG ha_NEG everything_NEG that_NEG make_NEG num_NEG 's_NEG horror_NEG great_NEG got meet actor cool great_NEG about_NEG a_NEG creepy_NEG old_NEG house_NEG demon crazy party horny good looking young people dialog special fx movie classic film took care classic rumor horror black guy doe alway_NEG 's_NEG have_NEG to_NEG die_NEG in_NEG the_NEG end.even_NEG though_NEG this_NEG movie_NEG wa_NEG great_NEG there_NEG is_NEG one_NEG thing_NEG that_NEG remains_NEG undiscovered_NEG to_NEG me_NEG what_NEG really_NEG happened_NEG to_NEG the_NEG old_NEG couple_NEG at_NEG the_NEG end_NEG wa_NEG it_NEG on_NEG purpose_NEG or_NEG that_NEG little_NEG side_NEG story_NEG thing_NEG alway_NEG 's_NEG had_NEG me_NEG puzzled_NEG,positive,negative
think anybody dumb risk wax dummy just football game want_NEG to_NEG leave_NEG their_NEG car_NEG ``_NEG to_NEG get_NEG stripped_NEG ''_NEG deserves_NEG whatever_NEG happens_NEG to_NEG them_NEG guy wade went barbershop asked he-man haircut my_NEG type_NEG really cute scene having eyebrow facial hair waxed little high-maintenance fun my_NEG type_NEG is_NEG the_NEG fat_NEG guy_NEG in_NEG the_NEG big_NEG sunglass_NEG who_NEG look_NEG ``_NEG like_NEG elton_NEG john_NEG only_NEG gayer_NEG plot go blake hot so_NEG into_NEG his_NEG girlfriend_NEG phony paris hilton bad wig chihuahaua_NEG in_NEG her_NEG handbag_NEG really precious think_NEG girl_NEG who_NEG look_NEG like_NEG that_NEG go_NEG to_NEG football_NEG game_NEG anyways_NEG nick car thief sexiest best part football land instead throwing chuck cigarette burn football just kind guy sister look dumb borrowing white wife-beater bra strap showing like num num movie just want wax leg ever_NEG go_NEG to_NEG football_NEG game_NEG after_NEG seeing_NEG this_NEG,positive,negative
probable reason people site enjoyed num have_NEG read_NEG the_NEG book_NEG num enjoy gore violence film num young understand_NEG the_NEG violence_NEG num people understand_NEG how_NEG somehow_NEG more_NEG scary_NEG and_NEG more_NEG violent_NEG it_NEG is_NEG compared_NEG to_NEG the_NEG original_NEG book_NEG num sure reason covered_NEG here_NEG thing liked film song eye perchance happen people read book enjoys calm peaceful film violence quite old understand scariness violence sure to_NEG like_NEG this_NEG definitely enjoy like book rabbit called fiver unsuspecting warren warns terrible danger come rabbit - including brother hazel - believe set dangerous journey new place live,negative,positive
actually liked movie because_NEG of_NEG it_NEG `_NEG s_NEG plot_NEG acting joke liked s worse movie created s lame bad terribly funny joke actually cool rest make pray unemployment scriptwriter men white dumb stupid thing turn tv roll floor laughing beer help lot chose second option,positive,negative
ok really_NEG think_NEG that_NEG trailer_NEG park_NEG boy_NEG ha_NEG bad_NEG story_NEG line_NEG kick as just conflict example near end movie show ricky julian telling patrick lewis dog walk away end show ricky julian saying jail num year tv series pilot clip clip ricky julian yelling patrick lewis tv series supposedly jail num month impression movie story line tv series story line connected yelling scene guy actor portray totally different character course patrick roach play patrick lewis movie series play randy sam tarasco play guy pay ricky extermination play sam losco series know lot say movie guy snort coke instead smoking hash thing actually_NEG confirm_NEG that_NEG the_NEG two_NEG story_NEG line_NEG are_NEG connected_NEG in_NEG anyway_NEG yelling scene sorry blabbing,positive,negative
expectation_NEG other_NEG than_NEG to_NEG be_NEG entertained_NEG for_NEG num_NEG minute_NEG exactly course campy course dialog perfect_NEG course special effect bit hokey exactly enjoyed movie perfect fit genre num horror classic talent need start go actor crew better piece material sharpen skill look forward film producer director,negative,positive
british teen movie centre girl justine accidentally creating dream man jake use virtual reality machine problem just get trapped inside body geek person know truth person trust sound lot worse watchable reason laura fraser starring film content look stunning especially dress red lycra dress order impress jake wow virtual reality machine,negative,positive
sickly sweet laboriously paced num -reeler definitely among_NEG harold_NEG lloyd_NEG 's_NEG better_NEG film_NEG gag sparse uninspired saccharine melodrama abundant setup take forever lloyd unconventional impossibly kindly country doctor make round bringing little sunshine life child elderly puppy like num version patch adam ugh num num,negative,positive
willing rendition benefit doubt came negative press read concerning three-quarters way thought jumbled bit incoherent solid tale reaching conclusion fell wanting_NEG to_NEG necessarily_NEG ruin_NEG the_NEG film_NEG for_NEG anyone_NEG conclusion flip held fact thing happening particular_NEG reason_NEG whatsoever_NEG except_NEG to_NEG maybe_NEG tell_NEG the_NEG world_NEG yeah cool know love good twist love good ah-ha moment relevant story hand complete misguidance filmmaker serf purpose_NEG on_NEG the_NEG overall_NEG tale_NEG timeline did need_NEG to_NEG be_NEG parallel_NEG and_NEG they_NEG did_NEG need_NEG to_NEG be_NEG separated_NEG by_NEG a_NEG week_NEG revelation did destroy merit director gavin hood screenwriter kelley sane good thing looking really_NEG a_NEG solid_NEG a_NEG movie_NEG a_NEG i_NEG initially_NEG wa_NEG going_NEG to_NEG blindly_NEG give_NEG it_NEG credit_NEG for_NEG admirable thing try term rendition film-going public consciousness needed story delved deeper connotation politics involved gloss issue tale woman distress husband disappearance angst-filled rebellion daughter interrogator father understand bottom-line film attendee need human quality grasp reason fault_NEG it_NEG for_NEG going_NEG that_NEG route_NEG qualm get_NEG enough_NEG of_NEG what_NEG the_NEG title_NEG say_NEG we_NEG should_NEG be_NEG getting_NEG instead shown numerous plot line confusingly brought forefront sent nether region consciousness to_NEG be_NEG returned_NEG to_NEG going forget supposed caring wife interrogator cia agent victim senator middle eastern daughter zealot boyfriend end really just gave let film ended totally different laid occurs happens result bomb explosion bomb center story thread finally end innocuous ca believe_NEG how_NEG huge_NEG the_NEG wave_NEG it_NEG spread_NEG were_NEG old butterfly wing flapping quote effect boy mission revenge end destroying life death destruction physical emotional abuse career suicide one_NEG really_NEG escape_NEG unscathed_NEG end day story man excised egypt torture really interesting led believe unequivocally innocent start waterboarded electrocuted order extract information power include man compassion_NEG or_NEG reason_NEG to_NEG stop_NEG until_NEG something_NEG is_NEG spilled_NEG true )_NEG observer gut partake stop situation lends intrigue possibly end actor involved best part film prove movie concerned entirety want_NEG to_NEG belittle_NEG people_NEG like_NEG reese_NEG witherspoon_NEG victim wife senate employed ex played peter sarsgaard actual good job given meryl streep kooky accent alan arkin detract_NEG too_NEG much_NEG trio jake gyllenhaal cia agent yigal naor interrogator omar metwally victim truly shine naor brilliant egyptian trying stay sharp razor working hour compassionate worry-filled father attempting locate daughter man brutal occupation call relied answer metwally give_NEG a_NEG false_NEG second_NEG during_NEG the_NEG pain_NEG and_NEG suffering_NEG inflicted_NEG upon_NEG him_NEG lying truly know terrorist calling cell phone totally buy plight desperately wait situation turn gyllenhaal performance recycled career varying degree success find suit demon entering soul ordeal forced wear body mind causing ambivalence need intervene feeling wrestle make final decision stoic boyish demeanor suit battle perfectly just bad plot line working find_NEG itself_NEG a_NEG the_NEG main_NEG focal_NEG point_NEG despite namesake film clutter edge audience bounced lulled sense time sequence slapped face unravels laugh bet did see_NEG that_NEG coming_NEG felt cheated unfortunately lasting effect taken movie straightforward enjoyed positive severely flawed,negative,positive
just good original num better_NEG course cruella steal outrageous behaviour outfit movie probably public wanted cruella lot time round like ioan gruffudd kevin bumbling male lead use paris climax movie clever idea movie worth watching age provided like animal,positive,negative
sitting flat saturday night choice watching citizen x eurovision song contest benefit american reading explain tesc annual event musician country europe asia minor song contest end contest country vote best song contest exciting sound come_NEG a_NEG a_NEG shock_NEG when_NEG i_NEG say_NEG that_NEG singing_NEG and_NEG songwriting_NEG is_NEG of_NEG the_NEG calibre_NEG of_NEG lennon_NEG and_NEG mccartney_NEG correct sentence review word choice misleading music lover going_NEG to_NEG watch_NEG tesc_NEG under_NEG any_NEG circumstance_NEG sat credit rolled citizen x expecting run serial killer whodunnit misleading calling obvious num minute citizen x whodunnit film doe point failure communism serial killer comrade soviet union serial killer exist decadent imperialist capitalist system farcical attitude go far denial scene undercover cop sits freezing train station keeping eye potential suspect whilst wearing police jacket warm coat got course suspect member communist party released interrogation affect final death toll shown communist party trial third way citizen x num communism leg reform police investigation taken place point film uninteresting lack political subtext film descends average manhunt film let_NEG that_NEG put_NEG you_NEG off_NEG citizen x intelligent thriller played cast especially donald sutherland paternal police chief strangely year ago read written famous criminologist colin wilson said line serial killer let caught center attention medium spotlight sympathising party chief denying serial killer soviet union medium controlled party old listened radio moscow read english translation pravda know ussr reported news story like potato harvest coal production thank letter afghanistan cuba soviet assistance concept serial killer communist illogical guess tree fall remote siberian forest make sound one_NEG is_NEG around_NEG to_NEG hear_NEG it_NEG,positive,negative
thing make movie scary way portrays andre calvin relatively normal guy definitely people_NEG who_NEG want_NEG to_NEG become_NEG professional_NEG filmmaker_NEG since_NEG they_NEG goof_NEG around_NEG in_NEG front_NEG of_NEG the_NEG camera_NEG forget scripted line making video diary survivor normal life parent just think guy filming family home video researching kid attack school andre calvin learn to_NEG do_NEG and_NEG they_NEG inform_NEG (_NEG usually_NEG in_NEG a_NEG silly_NEG 'this_NEG old_NEG house_NEG '_NEG kind_NEG of_NEG way_NEG )_NEG any_NEG potential_NEG 'andres_NEG and_NEG calvin_NEG '_NEG who_NEG might_NEG be_NEG watching_NEG this_NEG video_NEG how_NEG to_NEG make_NEG bomb_NEG weapon get_NEG caught_NEG before_NEG zero_NEG day_NEG (_NEG the_NEG day_NEG of_NEG the_NEG attack_NEG )_NEG,positive,negative
following advice friend got movie fond computer general - num film identity theft internet be_NEG left_NEG unseen_NEG bad echo end so_NEG disappointed_NEG story classical kind interesting really new day released theatre gladly surprised figured contrary usually computer-performed action realistic use window num normal computer storytelling median bothering_NEG the_NEG viewer_NEG end typically american actor performance globally ok sandra bullock usually annoys oh god way behave time controlled recommend movie,positive,negative
brutally honest loved watching severed gave num num star starkly unimaginative film riot watch enjoy watching bad film order poke fun really kick severed story really doe matter_NEG involves guy bald sword go beheading random people supernatural twist see memorable scene walk jampacked night club whack girl noodle see severed doe merely_NEG look_NEG like_NEG it_NEG wa_NEG filmed_NEG on_NEG video-_NEG it_NEG wa_NEG filmed_NEG on_NEG someone_NEG 's_NEG home_NEG camcorder_NEG filmmaker knowledge lighting knowledge composition actually hold scene ca hear_NEG the_NEG actor_NEG ..._NEG you_NEG ca_NEG understand_NEG what_NEG they_NEG 're_NEG doing_NEG laugh vicitm get pumpkin detatched body rent movie support film like this- hoot hollar,negative,positive
movie too_NEG funny_NEG too_NEG horrible_NEG either_NEG just fun ride aboard soul plane black-owned flight service kick-ass disco beautiful bar pumping steward plot take idea black race_NEG or_NEG color_NEG -owned plane style black humor time great rare scene like main character us lavatory plane check lull character played soul pilot watch fun movie tom arnold add fun attitude movie watch playing poker drunk just vegging,negative,positive
opposite sorry bud completely understand dragged film relate subject film terrible main character charlie brown subtitler run money just constantly mumble laugh scene just feel awkward character gazing_NEG across_NEG to_NEG another_NEG with_NEG a_NEG look_NEG of_NEG ..._NEG it_NEG your_NEG line_NEG now_NEG react best british comedy buddy strong word bad bad self end day sun go film awful mean people involved film maybe motorbike enthusiast people live earth actual sense humour struggle smiling christmas present nan bought overly harsh apologise,positive,negative
stay alive bland horror movie video game kill people way die inside game friend play game soon figure realise defeat blood countess video game accept fate video tape ring deadly website feardotcom video game stay alive doe thing character development quite bit deeper usually horror movie really character feeling past know quite audience gain emotion film suspenseful tense unnerving moment frequently played film accompanied unsettling creepy music plenty jump jolt viewer ideal twice false scare hollywood enjoy overplaying horror film nowadays wear stay alive camera tend provide sharp angle quick flash order viewer quick glimpse demon witch try scare sudden burst screen gore obviously weak film certificate script stay alive cheesy quite laughable character tend play melodramatically confusingly come direction instance people wandering search strange noise spotted figure dark investigate computer graphic used video game segment impressive look colourful sharp working part film overall just enough_NEG to_NEG hold_NEG out_NEG on_NEG with_NEG this_NEG film_NEG stretching just minute wo be_NEG a_NEG battle_NEG to_NEG stay_NEG alive_NEG stay awake,negative,positive
horror movie based novel suffers flawed production choppy amateurish direction nonetheless strangely compelling unlike shocker horror flick exorcist movie take viewer slow relentless dip pool evil drift horror dawn audience dreamlike slowness dawn poor girl unwittingly chosen sentinel appointed task sit gate hell prevent evil erupting world fall atonement attempted suicide earlier life story true book riveting way edited lose viewer subtlety plot shaved away explained_NEG satisfactorily_NEG hurt film pity sentinel an_NEG edge-of-your-seat_NEG kind_NEG of_NEG flick_NEG watch-and-squirm uncomfortably like bad car wreck compulsion look unbearable movie all_NEG bad_NEG capacity shock cast competent christina raines captivating alison vulnerable girl spiritual attack side pawn never-ending battle good evil chris sarandon good caring ultimately self-centered boyfriend eli wallach young christopher walken detective struggling unravel bizarre puzzle handed ava gardner elegant realtor unaware horror lurking rental property gaunt elderly john carradine arthritis-twisted hand excellent dying sentinel replaced devil played charming perfection burgess meredith sweet evil future star hidden film beverly jeff goldblum friend poor girl jerry orbach playing successfully type jerky television director damned soul end portrayed actual sideshow freak geek thought twisted brilliant genius horror pervades movie bubble unexpectedly alison open door find evokes flashback father whore relives suicide attempt face pair strangely dysfunctional lesbian see cat cut cake time yanked forth reality fantasy dream waking nightmare lacking mean cope truth devil trying drive insane kill sentinel succeed summary slow-moving indescribably creepy well-acted poorly directed typical num horror film real shocker cut loose pun_NEG intended_NEG )_NEG this_NEG movie_NEG may_NEG work_NEG for_NEG those_NEG with_NEG a_NEG short_NEG attention_NEG span_NEG send chill spine provide low-key shock value remains strangely compelling entertaining dip realm evil,positive,negative
used love movie kid seeing num year later actually suck academy ahead time num offer today movie like caddyshack stripe hold-up better today steaming dogpile t_NEG &_NEG a_NEG great_NEG joke_NEG except_NEG for_NEG the_NEG one-liners_NEG we_NEG 've_NEG all_NEG heard_NEG a_NEG million_NEG time_NEG by_NEG now_NEG recently bought dvd hope gem remembered way soundtrack num - num widely-recognizable hit the_NEG smash_NEG compilation_NEG others_NEG had_NEG mentioned_NEG )_NEG and_NEG the_NEG frequent_NEG voice-overs_NEG were_NEG terrible_NEG thing interesting predicting character line said yep watched movie reason writing review cent movie forgotten sorry say,negative,positive
big fan carpenter did really_NEG enjoy_NEG this_NEG movie_NEG feel focused far anorexia did let_NEG her_NEG true_NEG personality_NEG shine_NEG through_NEG overly_NEG fond_NEG of_NEG cynthia_NEG gibb_NEG 's_NEG portrayal_NEG especially knowing decided karen anorexia suicide clearly family big_NEG on_NEG hug_NEG and_NEG kiss_NEG thought movie portrayed agnes mother terrible did scene harrowing way see mirror distort make look heavier thought metaphor so-to-speak effective family playing pool discussing divorce break richard shocked comfort feel frail body pretty moving probably wrong word overall feel needed bring bubbly quirky -- genuine personality focus film really a_NEG point_NEG that_NEG caused_NEG one_NEG to_NEG understand_NEG what_NEG would_NEG lead_NEG her_NEG to_NEG anorexia_NEG (_NEG though_NEG of_NEG course_NEG one_NEG can_NEG really_NEG know_NEG )_NEG baseless film poor-singer-with-anorexia karen carpenter story opinion assume changed husband get_NEG his_NEG permission_NEG to_NEG actually_NEG include_NEG him_NEG (_NEG there_NEG were_NEG some_NEG bad_NEG term_NEG there_NEG )_NEG aspect inaccurate change note ca recall_NEG the_NEG movie_NEG bringing_NEG out_NEG her_NEG longing_NEG for_NEG a_NEG family_NEG and_NEG kid_NEG greatly prevailed life explains whirlwind romance quick marriage husband end low-budget made-for-tv movie just very_NEG high_NEG quality_NEG and_NEG can_NEG be_NEG disappointing_NEG if_NEG you_NEG 're_NEG a_NEG hardcore_NEG fan_NEG who_NEG is_NEG hoping_NEG to_NEG see_NEG beyond_NEG karen_NEG 's_NEG disease_NEG feel legend better film tribute amazing person awesome voice,negative,positive
movie fun watch main problem movie fact go vampire myth abide like vampire walk sunlight part just make enjoy way society make movie scene vampire get stabbed scream ow hurt really stuck like scene missing used random dream sequenes really help_NEG with_NEG the_NEG plot_NEG come think really sense just got bunch friend watched twice effect come think fight scene aweful zombie just fun watch slowly write like movie know ca expect_NEG schindlers_NEG list_NEG but_NEG it_NEG a_NEG fun_NEG watch_NEG,negative,positive
wondered make_NEG porn_NEG with_NEG a_NEG plot_NEG watch dream quest hand armstrong credit making effort capitalize idea using strong adult cast power hand quickly apparent porn have_NEG more_NEG than_NEG num_NEG or_NEG num_NEG second_NEG of_NEG dialog_NEG connecting_NEG sex_NEG scene_NEG together_NEG people simply act_NEG (_NEG and_NEG the_NEG story_NEG is_NEG unfortunately lame ridiculous degree gave num nice try did seem_NEG to_NEG be_NEG much_NEG of_NEG an_NEG effort_NEG to_NEG cut_NEG corner_NEG like attempt like maybe someday perfect combination porn plot,positive,negative
incredible melting man play like extended episode million dollar man violence nudity know film bit crummy impossible to_NEG kind_NEG of_NEG like_NEG it_NEG acting script the_NEG best_NEG effect good num year old movie budget num - title character take quite actually melt doe reasonably impressive inventive death scene involving electrocution note music insane - cheese-tastic medley nonsense notable highlight marvel slow-motion nurse jump pane glass absolutely reason_NEG whatsoever_NEG amazed day life severed head beware psychotic cannibalistic melting humanoid called steve astonished hero take break hunting melting lunatic bowl soup complain insufficient cracker kitchen film just num hate tacky trashy thought lot fun lot worse,negative,positive
jack lemmon great actor performance day wine rose apartment like hot missing one come mind worthy best actor nomination win save tiger shame get melancholy science brings_NEG it_NEG into_NEG balance_NEG with_NEG the_NEG driver_NEG in_NEG his_NEG character_NEG actually did similar character better end career one-note glengarry glen ross movie wonderful supporting work jack gilford lemmon partner thayer david arsonist naught rest script muddled jumble cliched vignette angst neurotic nostalgia pointless moralizing worth seeing time capsule num style experimental direction avildsen,negative,positive
story extremely num pilot saving earth alien being use special speed make age series pilot dealing loss time friend mentor ending started end total note leave real mark instead ended super happy disney note annoyed bad animation decent num ca compare_NEG to_NEG nowadays.i_NEG have_NEG also_NEG heard_NEG many_NEG complain_NEG about_NEG the_NEG cheesiness_NEG of_NEG the_NEG nudity.i_NEG actually_NEG found_NEG it_NEG to_NEG be_NEG somewhat_NEG decent.the_NEG nudity_NEG for_NEG the_NEG most_NEG part_NEG wa_NEG warranted_NEG except_NEG in_NEG episode_NEG num_NEG where_NEG there_NEG wa_NEG an_NEG excess_NEG overall deserves look ending keep classic,positive,negative
film sold one-dollar wal-mart dvd feel_NEG like_NEG i_NEG lost_NEG anything_NEG for_NEG watching_NEG this_NEG film_NEG time enjoyed acting tom hank robbie wheeling young looking gave outstanding performance considering horrible script story college student decided play game maze monster realistic setting robbie wheeling problem past playing game college advised parent leave game good grade robbie meet nice gal romantic fling start playing game stop making love act like monk scene film taken running world trade center observation floor roof area sad viewing film human being died evil world a_NEG very_NEG good_NEG film_NEG tom hank trying film sinking level entertainment,negative,positive
film special drawn comment factor ruled favour - lead female performer film dyan cannon spite film ridiculous storyline go best acting job film making unbelievable plausible raucous scene gay photographer david hemmings seen believed good work dyan,negative,positive
wonder idea romance novel paper released come according speed based real people living adventure write publish movie quality family entertainment moderate amount violence skimpy clothes worst language a_NEG problem_NEG joke funny level power look jones over-the-top antic michael myers highly recommend film kid num num range,positive,negative
genuinely creepy ghost story chill sensuality movie just fall short promise apparently based old ghost story relies little simple premise way imaginative genuinely gripping end like oshima just lost brought rapid ending story simple - woman younger lover kill husband failure nerve returning ghost condemn madness beautifully handled imaginative set scene lover passion portrayed beautifully movie fails really deliver promise oshima loses nerve way lover worthwhile movie watch just oshima combine great skill film maker exploitation movie trick pull audience sadly a_NEG true_NEG classic_NEG in_NEG the_NEG mold_NEG of_NEG movie_NEG like_NEG onibaba_NEG or_NEG woman_NEG of_NEG the_NEG dune_NEG,positive,negative
aslan adam lionman commonly known english speaking audience start epic battle king solomon army defeat load guy sure_NEG who_NEG they_NEG were_NEG &_NEG the_NEG film_NEG itself_NEG is_NEG too_NEG helpful_NEG in_NEG establishing_NEG the_NEG fact_NEG king solomon slaughtered guy princess maria bishop osorio commander antoine forced sign treaty let king solomon rule just sight soon princess maria seduces solomon sex shortest wedding ceremony just sentence long antoine wed princess maria planning rebel solomon gain sweet revenge process antoine guard attack kill solomon pregnant wife princess almunia escape protector rostin antoine guard hot pursuit shortest labour num minute time take run bush princess almunia give birth young baby boy hidden bush away antoine guard unfortunately rostin try retrieve little fella find baby adopted pride lion year later evil antoine rule treating subject mercy_NEG princess maria given birth son rostin kicking trying gang rebel overthrow antoine task hopeless unless enlist help legendary lionman beast man turkish greek co-production directed natuk baytan natuch baitan kind type film hilariously bad time immensely entertaining script seems_NEG to_NEG take_NEG itself_NEG seriously_NEG pretty funny film time move like rocket dull_NEG or_NEG boring_NEG &_NEG some_NEG of_NEG the_NEG english_NEG dubbed_NEG dialogue_NEG is_NEG just_NEG hilarious_NEG in_NEG context_NEG with_NEG what_NEG 's_NEG happening_NEG on_NEG screen_NEG make sense boy raised lion evil king betrayal dark family secret birthmark form shape lion element story present kid raised lion crazy fight scene torture scene post people supposed tied wobble ancient castle interior randomly contain zip wire gymnastic ring idiotic bad guy extensive facial hair central character jaw line resembling house-brick stabbed twice hand covered acid acid eat way steel trapdoors kept ceramic jug fall num foot concrete floor maintain serious_NEG injury_NEG aslan adam terrifically entertaining film think_NEG i_NEG 've_NEG seen_NEG another_NEG film_NEG quite_NEG like_NEG it_NEG that_NEG i_NEG can_NEG compare_NEG it_NEG too_NEG looking forget like type film want fun laugh entertained aslan adam list total num gold bad film fan taste different bizarre disappointing lionman get steel claw num minute end shame director bayten certainly keep thing moving brisk pace far opening battle moment guy fighting sand dune grassy hill tree background point lionman us pole vault obviously just long tube vine wrapped scene bloodthirsty pack bloodhound supposed chasing lionman dog used obviously different breed including harmless looking dog just individual scene aslan adam just hilarious stupid bizarre forever just check ending lionman jumping flying like fly lot blood aslan adam much_NEG actual_NEG graphic_NEG gore_NEG or_NEG violence_NEG stabbings hand cut graphic get technically aslan adam pretty ropey period costume bright garish featuring purple yellow red various bright colour fight scene cheap filmmaker tried action music like suited classical ballet action film bizarre aspect aslan adam acting bad dubbed tell acting bad aslan adam pure gold start finish thing like laugh enjoy film just ended really liking way_NEG whatsoever_NEG can_NEG aslan_NEG adam_NEG be_NEG considered_NEG a_NEG good_NEG film_NEG in_NEG any_NEG sense_NEG of_NEG the_NEG word_NEG but_NEG it_NEG 's_NEG one_NEG hell_NEG of_NEG an_NEG entertaining_NEG one_NEG watch soon just prove did dream_NEG it_NEG all_NEG best turkish action film man raised lion period proved popular spawn sequel lionman ii witchqueen num,positive,negative
mom really given different title distinguish movie called mom word mom title vastly superior zombie movie rubbish get churned time time end zombie movie different refreshing defies categorisation kind old lady take creepy lodger just happens flesh eater infects old lady turn flesh eating zombie ghoul quite exactly defined_NEG pathos story son realises horrified attempt help supplying shall say more_NEG about_NEG that_NEG fear inserting spoiler movie opposed gun blasting explosion raging car chase boring make movie rubbish gory moment satisfy horror fan whilst inserting sadness story nice touch humour opposed downright silliness so-called movie particularly nice atmospheric shot beginning film old lady sitting room christmas tree company look oh gem movie your_NEG thing_NEG viewed true horror fan,positive,negative
liked movie nice comedy silly moment costume designer albert wolsky did best wonderful set decorator robert benton - man really good taste script writer disappointed extremely best ending scene ladder instead decided father daughter like_NEG the_NEG ending_NEG father boyfriend daughter ex-wife know find alright ok scriptwriter example say different soul body did deprived memory actor good really funny cybill shepherd charming robert downey funny dancing scene moment spoil impression good acting example corinne jeffries played cybill shepherd death husband waiting num year long time true loved met just making love scene friend philip train ryan easily betrayed man longing year good movie the_NEG ending_NEG and_NEG some_NEG missed_NEG human_NEG psychology_NEG,negative,positive
woman work intern photographer go home take bath discovers hole ceiling go neighbor photographer movie great plot plot drain hope problem movie second snorting heroin took scene snort heroin pretty good movie time thought scene going inhaled white powder really lame drug use movie pulled attention main plot great story photographer lesbian stuff did bother_NEG me_NEG looking movie art movie drug use,negative,positive
actress film today kristin scott thomas choice select stranding desert island watch simply say sitting chair couple hour difficult objective completely respect film did enjoy movie story se indicated average ranking person previously commenting site harrison ford one_NEG of_NEG the_NEG actor_NEG performance enjoy handful reached level moving num figure num film argue ford droll acting style need antacid shot caffeine - random heart grouping obsession probing loss thomas endured regard linked spouse understandable given profession detective - to_NEG the_NEG level_NEG presented_NEG here_NEG far_NEG crossed line annoying category scene thomas involved interesting well-played film num lower couple level based ford overall performance contained bit extraneous sub-plot element required,positive,negative
movie probably num budget managed surpass titanic rented day crashed mom car thing cheered belief tied assult killer bimbo thing look num drive blow job chinese girl scene num bleach blonde sassoon shirt change_NEG num_NEG flinstone-like screech driving num clashing ensemble worn redhead right get killed worry_NEG ruining_NEG any_NEG surprise_NEG soooo predictable num guy find necessary howl num mental patient play convincing job insane poking eye maniquen num hour long chase end involving teacher priest num womman writing grafitti bathroom wall num least_NEG wonderful special effect -- especially stab boob heaven help popping noise enjoy,positive,negative
bad news wanting film full-length parody lifetime network movie- maker deadly encounter albeit unintentionally lifetime trope there- divorced mother peril deranged stalker unreliable ex-husband course cheated married police department patronizingly dismisses complaint forcing stand especially jaw-dropping scene heroine enduring break-in attempted murder mother seemingly ubiquitous stalker decides relieve stress going shopping having seen hand harassment co-worker creep met church know stalking a_NEG joke_NEG certainly movie,negative,positive
bette davis brings trunk tic miserable flop variation hilariously mismatched lover theme sadly cagney davis truly mismatched acting style mix simply_NEG unpalatable_NEG but_NEG distasteful_NEG distinction film come eugene pallette literally phone usual deb misunderstood dad jack carson performance described act mayhem audience,negative,positive
day interesting flawed effort ja rule star reggie cooper honest sad man trying cope death father meet old friend j-bone ving rhames try force reggie life crime reggie fall love alica tatyana ali preacher daughter choose love crime ja rule doe competent job reggie trying act ving rhames perfect j-bone brings lot energy menace role joe morton preacher usual excellent self doe do_NEG much_NEG problem giancarlo esposito reggie dad needed screen time want_NEG to_NEG say_NEG this_NEG pam grier pretty awful cooper overacts scene brings movie tia carrere frank langella do_NEG anything_NEG substantial_NEG for_NEG the_NEG plot_NEG end skilled performance ving rhames joe morton grittiness writing directing,positive,negative
guess meant sort reworking updating beauty beast ca say_NEG i_NEG 've_NEG ever_NEG watched_NEG a_NEG movie_NEG that_NEG began_NEG with_NEG several_NEG minute_NEG of_NEG graphic_NEG horse_NEG sex_NEG wow young woman aunt traveled castle france woman married son castle owner man take care making sure horse rock legend area beast uh frisky guess say lady particular kind reference tucked away regard time soon-to-be-blushing young bride get curious little hand groom father remove sight young bride-to-be go upstairs sleep family waiting cardinal wedding family member guess dream dream beast wood way effect leave little desired attempt eroticism that_NEG i_NEG know_NEG much_NEG about_NEG that_NEG )_NEG is_NEG kind_NEG of_NEG rendered_NEG laughable_NEG especially certain featured appendage appear realistic bed post baseball bat strange abrupt twist ending really_NEG any_NEG clue_NEG or_NEG much_NEG build_NEG up_NEG to_NEG it_NEG kind fitting definitely what_NEG i_NEG expected_NEG know_NEG kind tough moment definitely weird num num,positive,negative
plot hole inaccuracy doe the_NEG time-clock_NEG stop_NEG for_NEG injured_NEG player_NEG or_NEG loss_NEG of_NEG helmet_NEG in_NEG texas_NEG football_NEG game_NEG so_NEG much_NEG redemption_NEG (_NEG so_NEG your_NEG dad_NEG beat_NEG the_NEG crap_NEG out_NEG of_NEG you_NEG right love make worthwhile make movie team quest championship make movie player team personal struggle instead movie tried came couple yard short book probably showed story better movie picked element story stuck instead movie jumped character dialogue flash game play character dialogue month later actually telling people important -- qb calling sibling care mother -- happened mother coherent end final game doe mean crazy_NEG anymore_NEG redeeming quality soundtrack buy watch sportscenter highlight iggy pop play background,negative,positive
portrayal andy warhol film shot andy warhol basquiat type movie predict andy warhol make -- airy illogical snobbish amoral movie non-existent plot increduously unbelievable offset movie rough real-looking cinematography film way unreal dictating reality viewer worthwhile movie development relationship joe holly thing viewed characterization device couple comical scene admit funny trash really just character study unengaging people mildly enjoyable mind_NEG watching_NEG nudity_NEG and_NEG i.v_NEG drug use,negative,positive
humphrey bogart trip hollywood got leading man role b picture love affair thing ought realize film absolutely classic love affair later decade charles boyer irene dunne remake followed half_NEG a_NEG good_NEG any_NEG of_NEG those_NEG film_NEG fact bogey second billed dorothy mackaill spoiled heiress find living extravagant lifestyle courtesy late father best friend financial adviser hale hamilton come quite shock mackaill considers business career way income bogart test pilot aeronautical engineer designing ultimate airplane motor looking investor mackaill willing like see bogey considering cynical role bogart later specialty bit disconcerting highly moral self righteous character love affair doe wear_NEG well_NEG on_NEG him_NEG love affair average b program second feature terribly special,negative,positive
currently num year old remember seeing movie theatre came heard right num year old distinctly remember saw afternoon year ago mystical trip fantastic world mark twain creativity hand quite creepy film mark twain dark depressed fact suicidal scene bother particularly strange scene mark twain playing organ funeral adult enjoy film movie quite possibly feature interesting viewpoint person working knowledge mark twain writing enjoy trust adventure the_NEG film_NEG you_NEG want_NEG to_NEG use_NEG to_NEG introduce_NEG your_NEG young_NEG child_NEG to_NEG mark_NEG twain_NEG,negative,positive
satisfying book tv adaptation actress make believe borg sexy make believe spy traitor redeeming quality tv plot line doe follow_NEG cornwell_NEG 's_NEG story_NEG exactly_NEG but_NEG is_NEG both_NEG exciting_NEG and_NEG rewarding_NEG a_NEG a_NEG retelling_NEG of_NEG a_NEG darn_NEG good_NEG yarn_NEG yen romance uniform lot sexual energy sparking man sharpe lying hussy wish role closer book matter_NEG there_NEG is_NEG enough_NEG hero_NEG wronged_NEG hero redeemed hero rage hero flight hero battle clued dvd play,positive,negative
recently viewed manufactured landscape seattle international film festival drawn movie photographer familiar fan burtynsky work believe movie doe good job getting message help_NEG but_NEG feel_NEG that_NEG it_NEG wa_NEG made_NEG a_NEG a_NEG complete_NEG afterthought_NEG to_NEG the_NEG photograph_NEG and_NEG subsequent_NEG popular_NEG book_NEG by_NEG burtynsky_NEG obviously reason extensive use photograph featuring zoom pan good effect used economically felt like num movie just still burtynsky book probably exaggeration felt book familiar work better skipping,negative,positive
did crime another_NEG teen_NEG movie_NEG ''_NEG did_NEG for_NEG school_NEG laughed way num inept gang warred unsubtle comedy using overt joke gag kept rolling way suppose biggest gag entire film time seemed_NEG to_NEG go_NEG forward_NEG leaving_NEG the_NEG character_NEG trapped_NEG in_NEG the_NEG num_NEG 's_NEG,positive,negative
hand-held horror mean divisive movie fan seek make mind imagine cross blair witch project grudge close overall content movie videotaped horror time edited readiness video doc completed_NEG by_NEG a_NEG supernatural_NEG investigator_NEG who_NEG disappeared_NEG certainly feeling dread watching movie doe dreadful better asian friend creepy moment genuinely creepy moment sadly bit fewer farther hoped felt step ahead investigator apparent revelation appeared certainly ca recommend_NEG this_NEG a_NEG highly_NEG a_NEG [_NEG *_NEG rec_NEG ]_NEG having said remiss to_NEG highly_NEG recommend_NEG any_NEG film_NEG that_NEG go_NEG on_NEG at_NEG length_NEG about_NEG ectoplasmic_NEG worm_NEG contains subtly spooky ghost moment sure light sun went check enjoying hand-held genre release late finale hair-raising doozy like broadcast pulse angel heart,positive,negative
dear reader study movie michael bay make movie people pan hate make num million dollar michael bay director time standing alongside ridley scott spielberg kubrick miyazaki michael bay cemented hollywood best director point proved panned film armageddon asteroid size texas hurtling planet way nasa think land team men asteroid drill core drop nuclear warhead inside blow asteroid person qualified bruce willis willis portrays harry stamper grizzled hardened oil driller trying left family helping_NEG that_NEG fact_NEG is_NEG his_NEG daughter_NEG grace liv tyler having affair best driller aj ben affleck hired dan truman billy bob thornton head nasa stamper team roughneck drillers train astronaut save world armageddon movie funny part meet gang wackiness abounds space comedy get sucked window replaced mind-blowing special effect cool music great acting murphy law go insane second meaning wrong doe fact wrong increasing tension film outstanding level cool cast crew michael bay director jerry bruckheimer gale anne hurd producer abrams scriptwriter ton special effect great humor awesome music plus intro ben-hur charlton heston armageddon rock big time signed constant dvd collector matt macleod parental warning a_NEG film_NEG for_NEG kid_NEG f-bomb used time lot swear word used plus strip bar scene extremely intense second hard kid handle,negative,positive
norway richest country world fun watch use truck num y live cottage medieval time strict law come handgun fun gun actually norway minute shooting direct-to-video managed bring silencer short notice powerful friend custom research going exotic country dude -- hurt feeling old fan sverre -- old fan hurt feeling,negative,positive
watched tube night actor involved caught attention scene attention getters funny sad good character development felt film diverged for_NEG the_NEG early_NEG part_NEG of_NEG the_NEG movie_NEG i_NEG would_NEG have_NEG stopped_NEG watching_NEG kept watching wanting tied unfortunately feel happened_NEG especially did like_NEG the_NEG extend_NEG period_NEG that_NEG several_NEG of_NEG the_NEG character_NEG were_NEG talking_NEG yiddish_NEG (_NEG shoe recommend think reviewer mention slang dated num jive too_NEG distracting_NEG ending totally turned,negative,positive
watching plot view called undertaking betty got feeling need movie filmed wale portrays woman brenda blethyn small welsh town trying away cheating husband funeral parlor manager alfred molina come plan likely glitch way actually say christopher walken character neatest movie be_NEG overall idea just really neat stacked uh oh moment especially haunted house scene sort movie wish enter just experience starring lee evans naomi watt miriam margoyles,positive,negative
grew watching scooby fan forever cartoon move away old routine boring viewer crook mask routine get old cartoon change meant_NEG to_NEG replace_NEG the_NEG scooby_NEG gang_NEG it_NEG 's_NEG just_NEG a_NEG break_NEG from_NEG the_NEG same_NEG old_NEG crime_NEG scene_NEG for_NEG both_NEG viewer_NEG and_NEG writer_NEG i_NEG 'm_NEG sure_NEG cartoon focus scooby shaggy inherits large sum money use money thwart world conquest plan mad scientist goon small homage gang gang featured time time fan scooby-doo appreciate bond boy talking dog joke come just enjoythe cartoon support producer wo be_NEG the_NEG last_NEG scooby_NEG cartoon_NEG,positive,negative
really disappointed film water movie saw serial mom loved saw pecker loved watched polyester really sort hated thing liked movie divine hell lot talent truly surprised recommend_NEG this_NEG film_NEG ..._NEG,negative,positive
scary crude opening give creepy chainsaw massacre -feeling fall apart spoiler alert soon fbi-officers start jabbing know real killer seen fooled-ya -movies figure movie mader thing mind depict brutal murder the_NEG little_NEG girl_NEG tortured_NEG and_NEG murdered_NEG a_NEG well_NEG movie-goers torture abuse child whats wrong people lynch truly disgusting ugly mind,negative,positive
quirky watchable film story deluded dentist start mission crusade fight tooth decay beyonds patagonia hailing northern ireland new jersey main character fergus see crusade mission mass importance approach enthusiasm vitality discipline attention expect trained dentist add hilarity grand plan unravel gradually fall piece go disaster debacle patagonian outback customised motor bike er mobile dental unit get_NEG to_NEG meet_NEG his_NEG wife_NEG the_NEG rich_NEG philanthropist_NEG who_NEG is_NEG sponsoring_NEG the_NEG ill-fated_NEG mission_NEG solid display lewis fan work be_NEG disappointed_NEG with_NEG his_NEG very_NEG believable_NEG performance_NEG a_NEG the_NEG deluded_NEG dentist_NEG who_NEG is_NEG gallantly_NEG adored_NEG by_NEG the_NEG innocent sexy num year old female lead tag ahem ride film for_NEG everyone_NEG and_NEG i_NEG can_NEG understand_NEG why_NEG it_NEG wa_NEG pushed_NEG by_NEG the_NEG suit_NEG low budget charming disarming mildly amusing instantly forgettable film set low expectation succeeds,negative,positive
obviously did care_NEG for_NEG thing_NEG to_NEG come_NEG (_NEG aka_NEG ``_NEG the_NEG shape_NEG of_NEG thing_NEG to_NEG come_NEG ''_NEG )_NEG a_NEG much_NEG a_NEG most_NEG viewer_NEG mean good chance enjoy did rate useful hear film described point view directed william cameron menzies experience production designer art director film adaptation well novel eye help demonstrate great novelist necessarily_NEG turn_NEG out_NEG to_NEG be_NEG a_NEG great_NEG screenwriter_NEG film open num london-like everytown war brewing citizen everytown worried reach doe turn decades-long affair basically destroys civilization well menzies jumping forward time different scene related war aftermath pilot downed coming term consequence fighting meet post-apocalyptic community ruled would-be warlord meet man burgeoning futuristic society way technology changing finally taken realization futuristic society circa num leader debating merit sending man moon sound potentially exciting just doe work_NEG a_NEG a_NEG film_NEG structurally film far episodic little dramatically tie segment completely lost trying track character barely able sort couple segment constant parade new face get_NEG to_NEG learn_NEG anything_NEG about_NEG any_NEG of_NEG them_NEG doe help_NEG that_NEG the_NEG individual_NEG segment_NEG couple exception tend awkwardly directed edited occasionally manipulative -- begin feel like propaganda film maybe contradictorily segment bit cold dry emotionally fact overlong section like music promotional video feature shot building futuristic city lot large machinery lot welding point guy look like astronaut wave camera kind futuristic glass music section militaristic overblown horror score ca say_NEG that_NEG thing_NEG to_NEG come_NEG consists_NEG of_NEG engaging_NEG material_NEG in_NEG term_NEG of_NEG drama_NEG common support thing come film idea true couple problem looked way doe make_NEG it_NEG work_NEG _as_NEG a_NEG film__NEG visual aural dramatic artwork far idea presented principle idea war doe civilization fine thing make film remarkably prescient world war ii thing come scripted filmed num released num well interesting thing say war usual interpretation film example ending suggest war breaking moment overall message trifle pessimistic well showing war simply human nature be_NEG excised_NEG doe preclude_NEG ``_NEG progress_NEG ''_NEG --_NEG in_NEG fact_NEG maybe fuel progress indirectly certainly film idea scene pilot poignant scene film deal complex dilemma pilot shot coming assist pilot shot carrying poisonous gas billowing field ca both_NEG breathe_NEG the_NEG gas_NEG without_NEG harm_NEG girl come functioning gas-masks pilot shot offer mask say dying that_NEG this_NEG scene_NEG itself_NEG could_NEG be_NEG stretched_NEG out_NEG to_NEG feature_NEG length_NEG idea -- bizarre complex helping trying hurt midst war -- build film example scene featuring would-be warlord post-apocalyptic environment nasty contagious disease called wandering sickness going turn victim like drunken zombie usual procedure shoot victim site attempt stave disease material dealt afterthought great idea deserved film similarly well present future society having controversial socialist idea film just impossible effectively deal stuff num minute especially supposed crux film lieu dramatic attraction reason thing come viewing sci-fi buff historically important film given menzies background production set design interesting cinematography extremely dated interesting well prescient retrospectively humorous prediction particularly enjoyed mean propulsion moon strongly reminiscent george num trip moon aka le voyage dans la lune just expect_NEG too_NEG much_NEG from_NEG thing_NEG to_NEG come_NEG,negative,positive
simply the_NEG quality_NEG i_NEG expected_NEG from_NEG morris_NEG (_NEG love_NEG brass_NEG eye_NEG and_NEG blue_NEG jam_NEG )_NEG like so_NEG bad_NEG student_NEG film_NEG concern did win bafta morris make fun mediocrity ayn rand work nathan barley piece urinating back talented telling raining just hope chosen subject love tackle humanity terrorism - lion going_NEG to_NEG cock_NEG that_NEG up_NEG wasting opportunity make statement farce mainstream ignorance opinion emotive heavily spun phenomenon,negative,positive
gujarati theatre bollywood strength fan following director vipul shah look instead gujarati theatre making bollywood production aankhen adapted gujarati play - unique plot hold_NEG a_NEG a_NEG hindi_NEG film_NEG adapted gujarati play named waqt - race time sum emotion alien plot development for_NEG hindi_NEG film_NEG example role play father son best left gujarati theatre - bring_NEG it_NEG in_NEG a_NEG hindi_NEG film_NEG comedy track best left gujarati stage performance average - shout - barring shefali chhaya shah fantastic,negative,positive
even_NEG try_NEG to_NEG figure_NEG out_NEG the_NEG logic_NEG of_NEG this_NEG story_NEG ride num -year-old gu bizarre road trip witnessed weird character implausible situation twin peak reunion make sense impossible stop watching motorama r,positive,negative
legion mick garris hater feel direct_NEG a_NEG horror_NEG film_NEG of_NEG quality_NEG if_NEG he_NEG had_NEG to_NEG sleepwalker screenplay written stephen king used example like sleepwalker fully aware garris just say f ck let hell break loose minute movie forget character plot development need violent mayhem bloody carnage mother son pair sleepwalker feline-human shapeshifting creature suck lifeforce virginal female innocent moving town town living nomadic existence truly powerful set sight teenager doe surrender_NEG without_NEG a_NEG fight_NEG said slaughtered mother sha tolerate_NEG the_NEG possible_NEG death_NEG of_NEG her_NEG beloved_NEG son_NEG garris waste little time setting executed teacher glenn shadix suspecting handsome american charmer charles brady brian krause entirely different claim get hand ripped neck torn charles lure pretty virgin arm drawing energy turn feeding hungry mama mary alice krige fresh new target tanya robertson amick easy pickens be_NEG the_NEG case_NEG and_NEG when_NEG charles_NEG is_NEG seriously_NEG injured_NEG in_NEG a_NEG struggle_NEG (_NEG .._NEG thanks_NEG to_NEG a_NEG deputy_NEG 's_NEG cat_NEG clovis mary vengeance reaped way mary come hell high water retrieve tanya goal refreshing dying son like teenager crush certain actress watched movie amy dolenz smitten amick simply adorable movie love bite lower lip displaying obvious attraction charles unaware ulterior motif just knew amick destined scream queen be_NEG the_NEG case_NEG bad welcomed genre open arm krige yummy menacing damn sexy vicious mean bitch wipe entire police force poor tanya parent fail swoop minute stab corn cob bite finger poor ron perlman cracking arm bone protruding knocking unconscious elbow toss tanya mom window breaking rose vase father face deputy stabbed ear charles cop-kebab falling pencil extra impact poor tanya dragged hair home mary driven brady home forced impromptu dance crippled monster sheriff hurled picket fence cat combat sleepwalker unlike human mary charles ability dim car using power invisibility writer stephen king find time include horror director buddy crime scene sequence clive barker tobe hooper forensics officer joe dante john landis photograph expert film shot tongue-in-cheek let-it-all-hang-out manner music appropriately hammering technique home ultra-violence simple deranged behavior jet black humor complimenting garris direction king screenplay incestuous angle sleepwalker bit jarring in-your-face lick complexity closer vein king demented maximimum overdrive work,positive,negative
sheba baby underrated likely pg rating instead usual r rating grier movie get pg mean pam doe take_NEG her_NEG top_NEG off_NEG take movie exciting coffy action take slow time screen thrill started like dolemite martin heavy trying sheba father ai having_NEG that_NEG wage woman war martin gang crony best scene stupid pimp car laughing thought stupid pg rating wrong replaces sex violence blaxplotation film good,positive,negative
title used introduce film gen audience gen young doctor doga rutkay ill mother film start leaving mother start new job drive realise that_NEG close_NEG home_NEG a_NEG the_NEG hospital_NEG is_NEG in_NEG a_NEG remote_NEG area_NEG soon step garden hospital see death body patient beginning nightmare day policeman come hospital investigate suicide fact stay hospital road cut bad weather condition communication outside world cut way_NEG out_NEG day nasty murder everybody suspect opinion idea brilliant scary positive side movie course really like beginning movie especially drive hospital moment hospital acting okay trying hard mysterious scary think final shock spread movie saying good twist instead showing parody end realised coming happening director needed explain altogether think did work_NEG well_NEG dangerous patient movie supposed num year old body look young fit spends life hospital lastly like say thing director sure improve attempt recently num year old feel positive future film going_NEG to_NEG rate_NEG this_NEG film_NEG *_NEG out_NEG of_NEG *_NEG *_NEG *_NEG *_NEG *_NEG though_NEG,negative,positive
lot wrong film lie_NEG say problem feel like stem budget chopped underneath flick bad hack job editing office_NEG space_NEG go_NEG in_NEG expecting_NEG office_NEG space_NEG level_NEG of_NEG comedy_NEG funny mess funny time funny mess film way caddyshack funny mess unrelated funny scene filled annoying unfunny scene work certainly deserves wide release best commentary wal mtv nation hope fact film exploring idea dumb people breeding alarming rate intelligent people great book very_NEG politically_NEG correct_NEG but_NEG worth_NEG at_NEG least_NEG some_NEG debate_NEG,positive,negative
era awful cartoon shock movie good moral make imdb list animated movie movie doe contradict wo deny_NEG that_NEG target age group movie did even_NEG notice_NEG would_NEG it_NEG have_NEG mattered_NEG if_NEG i_NEG did_NEG people used new generation note way care bear family began meant decide care bear family truly began favorite movie age num - num did scare_NEG me_NEG or_NEG confuse_NEG me_NEG at_NEG all_NEG,positive,negative
movie evolutionary piece - terminator robocop stan winston did spfx film scientist working sinister robotics company really creepy bos get killed horrible lab explosion brain placed inside indestructible robot body rest movie go romance angle regains consciousness wreaks havoc trying communicate wife played gorgeous num terri austin try reconnect old life like scene robocop rest movie breaking thing trying defeat evil evil bos recapturing ill-defined human cyborg project film pay homage previous movie like day earth stood - - cyborg break free like giant robot gort doe suite designed stan winston movie production value typically canadian sleazy pam grier star film hired killer-commando cheap role like doing num sci-fi horror b movie num star film rank num,positive,negative
desperately want movie num really movie especially horror movie budget good wise-cracking ninja scarecrow implement corn cob lethal weaponry definitely fit brilliance depth movie definitely strong point twist turn implement keeping audience edge seat really drive creepy ninja puberty-stricken pre-thirty year old student non-cowboy drawing wise-cracking son-of-a-bitch scarecrow limelight creepiest horror icon year really say dig recommend watching movie frankenfish enjoy sort hilarious horror hell smoking,negative,positive
right probably read previous review film awful badly acted avoid cost suppose way true fair say write_NEG a_NEG spoiler_NEG in_NEG this_NEG comment_NEG a_NEG there_NEG is_NEG plot_NEG to_NEG spoil_NEG fine line plain awful absolutely hilarious believe film acting bad plot non existent ending completely baffling laughing way scene film comedy new level expect_NEG an_NEG oscar_NEG winner_NEG but_NEG believe_NEG me_NEG for_NEG the_NEG small_NEG price_NEG you_NEG will_NEG pay_NEG for_NEG this_NEG disaster_NEG worth penny,positive,negative
maximum risk quite surprising person seen movie director ringo lam average action-movie compared mid-quality action movie special predicate muscle brussels movie quite classy style interesting atmosphere least_NEG beautyful natasha henstridge vandamme make cry acting doe relatively good job course compare_NEG maximum_NEG risk_NEG (_NEG oh_NEG creative title ronin watching knock hell good movie special standard course,negative,positive
fantasy movie kid based boggy creek legend know_NEG why_NEG they_NEG called_NEG it_NEG return_NEG to_NEG boggy_NEG creek_NEG a_NEG if_NEG it_NEG 's_NEG a_NEG sequel.this_NEG movie_NEG ha_NEG nothing_NEG to_NEG do_NEG with_NEG the_NEG documentary_NEG and_NEG it_NEG fantasy_NEG kiddie_NEG fare_NEG dawn well star mother num child lost swamp boggy creek num men monster come aid yes silly plot corny kind movie perfect num - num group targeted harmless g-rated kiddie fare have_NEG to_NEG worry_NEG about_NEG leaving_NEG your_NEG kid_NEG alone_NEG while_NEG they_NEG watch_NEG it_NEG strictly num - num set older kid bored think lame,positive,negative
crazy scottish warrior race stranded deep outer-space low food budget free started help men pluck visual effect semi suck kinda liked freaky met fleeing if_NEG i_NEG had_NEG scottish_NEG mate_NEG swear avoid fate end botched_NEG dvd glad watched make sequel dump actor all_NEG were_NEG equal_NEG good gritty acting wooden maybe pack action kept watching shooting shouting did stall_NEG tell friend to_NEG fear_NEG watch year,positive,negative
flick introduction lot work k gordon murray easy public domain label vhs era late night cult classic double knee thigh slapper resist title late comer brief explanation merit florida wheeler dealer gordon murray imported mexican horror film dubbed english mint drive mexican original weird begin american boundary accepted horror film convention cheerfully disregarded great great set design lighting placed weird laughable special effect hollywood close strange mix catholic influenced social convention mexican folk lore in_NEG kansa_NEG anymore_NEG add english script dubbed written reuban guberman wanted word match movement actor lip screen the_NEG literal_NEG translation_NEG result american soundtrack tended run overwrought right loopy fan web site murray print best line movie time viewer film complain pacing purple prose production value told supposed way people laugh enjoyment thing normally considered fatal film flaw confusing have_NEG a_NEG taste_NEG for_NEG it_NEG num previous film series aztec mummy curse aztec mummy available num disc aztec mummy collection bci time k gordon murray version original mexican production contrast fascinating lot time original spanish much_NEG saner_NEG start nice long flashback bringing speed previous episode sort continuity tossed window number downhill logic wise even_NEG get_NEG the_NEG angel_NEG back_NEG mention final episode name place family tree switch film start looking continuity change series villain doc krupp totally pig biting mad nearly drooling dementia want steal aztec breastplate rosita arena sent past nice edit aztec mummy floor wanders dark nightie help doggone breastplate mummy any_NEG happier_NEG with_NEG this_NEG then_NEG he_NEG wa_NEG last_NEG time_NEG robot actually production credit mention look like grip came take slow afternoon real costume went walkabout nope planned wait controller run x box krupp needed robot look crushed death end actually came mexican movie fan base funny quirky finish movie series sit enjoy,positive,negative
harassed underground christian say jesus answer question thank god met_NEG a_NEG lacanian_NEG slavoj zizek evangelical lacanians surely exchange word jesus statement zizek star burn brightly moment doubt_NEG because_NEG we_NEG generally_NEG view_NEG film_NEG and_NEG pop_NEG culture_NEG purely_NEG a_NEG entertainment_NEG for_NEG our_NEG consumption_NEG impressive - - come say hang film say idea zizek expounds film true purely say example zizek explains marx bros ego superego id god know happened zeppo gummo sinthome movie simply zizek output culture there_NEG to_NEG be_NEG investigated_NEG but_NEG merely_NEG to_NEG be_NEG held_NEG a_NEG an_NEG example_NEG of_NEG his_NEG ideology_NEG people object certainly say - different say christian attributing god wrong taking example film illustrate theory zizek believe serve proof merely propaganda example isolated context context say prove want zizek lacan answer go make example resembles teaching master culture bear serve ideology instance zizek exemplar fantasy position voyeur taken scene vertigo jimmy stewart spy kim novak flower shop context film a_NEG voyeur_NEG 's_NEG fantasy_NEG position_NEG at_NEG all_NEG stewart deliberately led novak presentation example isolated context continues zizek hour half cinematic sermon analysis baby want f -- - scene blue velvet laughable touching lightly appears consider horrific masculine truth feminine jouissance zizek say isabella rossilini character only_NEG demand_NEG her_NEG degradation_NEG but_NEG is_NEG unconsciously charge situation example jouissance possibly - sorry prosaic - evidence film partially undergoes humiliation hopper kidnapped son zizek object evidently enjoys rough sex kyle maclachalan number thing that_NEG the_NEG point_NEG of_NEG so-called_NEG feminine_NEG ``_NEG jouissance_NEG ''_NEG according lacan feminine jouissance unlike phallic jouissance be_NEG articulated_NEG phallic capture castration language right example_NEG can_NEG be_NEG made_NEG of_NEG it_NEG mean entire concept non-sensical entirely mystical designated dogmatist zizek feminine jouissance feminine jouissance say example really garnered film zizek psychology doe inserting favourite film point boat botega bay say want f -- - rod steiger the_NEG wish-fulfilment_NEG of_NEG someone_NEG who_NEG spends_NEG his_NEG life_NEG critiquing_NEG film_NEG saying go freud field day pervert guide cinema - zizek zizek theory film desire right face film be_NEG strict_NEG universal_NEG example_NEG of_NEG psychoanalytical_NEG law_NEG film illustrates zizek desire extremely vaguely - useless - rest desire psychoanalyst know desire desire be_NEG fully_NEG separated_NEG -_NEG and_NEG can_NEG be_NEG easily_NEG universalised_NEG zizek love making example lacan answer bear desire like problem zizek desire rationalised desire zizek leninist certainly like_NEG letting_NEG the_NEG ``_NEG subject_NEG ''_NEG speak_NEG for_NEG itself_NEG pervert guide cinema summation zizek love dogma entirely unphilosophical remains political dogma zizek questioned_NEG exactly_NEG what_NEG his_NEG motif_NEG might_NEG be_NEG when_NEG embarking_NEG on_NEG an_NEG analysis_NEG trying discover term exploration ethic doing put_NEG into_NEG question_NEG zizek extremely prolific book film say thing kind henry ford cultural theory mass-production colour long black perfect today highly consumerist society supposedly critical giving people c-ap pretending different popular people largely prefer readymade answer problem - capitalism claim provide - investigating thing consideration kind like brain dead zizek matrix pill suicide capsule p loved zizek solemn remark - presented revelation cinema humanity - music film greatly affect people sympathy did occur zizek watched jaw,negative,positive
party-hardy frat boy sister brutally murdered street gang sending young man sudden psychotic rampage buddy massacre half city bring sister life savage street released year film entertaining linnea quigley costarring role film sexy briefly nude girlfriend guy starred savage street film subpar delivers escapist entertainment gratuitous nudity intended audience mpaa rated r strong violence nudity language sexuality,negative,positive
shallow sound actually delayed viewing barbarian time just vhs cover picture image displayed website look incredibly gay wish watched earlier movie so_NEG much_NEG gay_NEG just trashy cheesy campy enormously fun unbelievable ruggero deodato director cannibal holocaust people man responsible comical cash-in contemporary popular sword sandal fantasy flick particularly schwarzenegger conan movie film open terrific type off-screen narrator introducing ragneks founder traded entire mountain pure gold just magically powerful ruby allow travel freedom access country entertainer word ragneks bunch traveling circus freak happiness abruptly come end greedy kadar kidnaps ragneks beautiful queen canary continuously attempt discover whereabouts ruby sort amusing waste time orphan twin-brothers gore kutchek trained muscled warrior unwarily prepared fight death instead escape develop plan free queen actually plot half_NEG a_NEG bad_NEG a_NEG i_NEG initially_NEG feared_NEG fun provided beefcake brother screen chemistry crazily inept dialog course utterly cheesy fantasy-monsters like dragon adorably cute eye kind werewolf creature zombie randomly appear pop swamp soundtrack make-up effect great almighty director deodato maintains terrifically fast pace barbarian brother acting capacity better anticipated apart fact constantly produce gross belching sound supportive cast splendid eva la rue looked_NEG more_NEG beautiful_NEG a_NEG the_NEG witty_NEG savage_NEG girl_NEG cara_NEG virginia bryant bewitching like richard lynch state occasion lovely sheeba alahani make appearance film vicious sorceress donut-shaped hair style kid least_NEG barbarian star everybody favorite eye hill creep michael berryman appropriately named dirtmaster know displayed picture look gayer promotional campaign musical version rise fall village people barbarian really must-see italian exploitation highlight,positive,negative
question writer producer prozac nation root cause solution widespread problem personal depression america moving performance christina ricci liz wurtzel film portrays young woman unlimited potential harvard student writer a_NEG story_NEG of_NEG success_NEG self-destruction watch liz bring misery life come contact film examines divorce family dysfunction drug alcohol prescription medication possible reason liz unhappiness superficial explanation satisfactory point film helpful suggest liz need responsibility life problem light_NEG wa_NEG shed_NEG on_NEG what_NEG the_NEG film_NEG alleged_NEG to_NEG be_NEG a_NEG runaway_NEG problem_NEG in_NEG ``_NEG the_NEG united_NEG state_NEG of_NEG depression_NEG story liz caring therapist anne heche caring roommate michele williams caring boyfriend jason biggs troubled caring parent jessica lange key scene film liz lying hospital bed watching break-up space shuttle challenger instead equating challenger liz life film used image starting point healing recovery film reminded generic made-for-cable victim film lifetime network excellent cast wasted especially earnest performance christina ricci real-life elizabeth wurtzel obviously resource cope depression successful author unfortunate film offer_NEG u_NEG even_NEG the_NEG slightest_NEG glimpse_NEG into_NEG her_NEG courageous_NEG spirit_NEG,negative,positive
do-it-yourself indie horror auteur todd sheet return entertainingly atrocious shot-on-video clunker basically just feeble excuse sling lot watery blood gleaming gut possible evil demonic scarecrow resurrects dead ravenous rot-faced zombie feast living bunch bickering college kid trio dangerous escaped convict led vicious slade byron nichodemus hamming outrageous degree equally savage sleazeball hoodlum trio hottie sister best survive harrowing ordeal needlessly muddled convoluted plot fortunately hilariously horrendous hoot lack narrative coherence plenty compensates pleasing plethora gloriously gore disgusting highlight include woman having finger chopped fatal gunshot young gal groin attempted necrophiliac rape evisceration course repulsive entrail eating shake pile moist intestine got rough grainy cinematography constantly alternate washed-out color grimy black white ineptly staged fight scene lousy acting uniformly pathetic no-name cast jerry angell particular cop crummy thespic dishonor laughably abysmal histrionics slimy no-count psycho criminal joe bob grating head-banging thrash metal soundtrack generic synthesizer score let forget_NEG the_NEG ridiculous_NEG ending_NEG in_NEG which_NEG several_NEG of_NEG our_NEG survivor_NEG stumble_NEG across_NEG a_NEG few_NEG vial_NEG of_NEG flesh-eating_NEG bacteria_NEG to_NEG use_NEG on_NEG the_NEG shambling_NEG undead_NEG horde_NEG sure flick pure dreck certain endearingly abominable quality turn make great deal grade z fun hardcore aficionado bad fright fare,positive,negative
went cinema expecting biggish budget release got art-house movie movie projected digitally third screen real estate sloping edge classic digital projection limited stereo soundtrack wasted cinema experience content film old historical content seen heavily sanitized prevent audience sick live action scene little re-used constantly classic documentary style annoying somewhat amazed num people turned watch guess rest knew did suspect producer film recognize ninetieth anniversary gallipoli question bothered seven trying respect anzac,positive,negative
killed john amos character killed vital info structure story inner city family struggling make best way knew poor black living proof jesus family hard sure james lose job jj fail school family managed way james strong male role model earned income disciplined child florida strong lady including james needed shoulder hug make kid personality input important family unit neighbor willona key element represented only_NEG a_NEG friend_NEG but_NEG some_NEG dear_NEG enough_NEG to_NEG be_NEG family_NEG thing bright gritty funny honest changed course program james dy jj took flo mom thelma blossoming lady michael militant midget jj expected believe family father_NEG or_NEG prominent_NEG bread_NEG winner_NEG wa_NEG going_NEG to_NEG be_NEG able_NEG to_NEG stay_NEG in_NEG the_NEG apartment_NEG guess james paycheck did do_NEG much_NEG for_NEG the_NEG family_NEG threatened eviction said moving because_NEG one_NEG in_NEG the_NEG house_NEG wa_NEG working_NEG know jj flo thelma michael eventually got job come real james worked feel realistic_NEG at_NEG all_NEG and_NEG that_NEG 's_NEG a_NEG shame_NEG jj comic relief felt need substance ok funny chance real family took survive real world threw away laugh michael character disappeared rest cast slipped shadow jj evan mean really guy failing school kept getting laid painted money episode james encourage talent flo rest family did seem_NEG to_NEG care_NEG did long understand painting meant sold painting street worked people print billboard card did went wrong did make_NEG it_NEG and_NEG why_NEG did_NEG the_NEG others_NEG give_NEG up_NEG on_NEG their_NEG dream_NEG tell did have_NEG a_NEG father_NEG in_NEG their_NEG life_NEG to_NEG care_NEG and_NEG to_NEG cheer_NEG them_NEG on_NEG and_NEG their_NEG mother_NEG stopped_NEG being_NEG their_NEG to_NEG support_NEG their_NEG dream_NEG stopped teaching growing building learning started teaching gimmick catch phrase kept james needed father,negative,positive
said a_NEG fan_NEG of_NEG tweety_NEG just aggravating wish sylvester just eat cartoon sly homeless feeding garbage can spot cruise ship leaving port nearby decides hop aboard spy tweety passenger ship provides adequate stage following hijinks sly desperately try catch annoying bird avoid seasickness succeed chewing swallowing finishing irritating canary forever cartoon starring tweety quite good thanks brilliant cat,positive,negative
let start saying love tv series despite tragic nature middle-aged man seemingly unable pursue dream overbearing manipulative father incredibly light-hearted fun watch practice opinion doubt greatest british sitcom time tv series num num rating reservation movie spin-off hand true tragedy sense word hardly essence tv transferred successfully film movie dreary depressing tone moved tear occasion seeing harold beaten pub in_NEG a_NEG comical_NEG way_NEG )_NEG is_NEG my_NEG idea_NEG of_NEG comedy_NEG but_NEG is_NEG most_NEG definitely_NEG one_NEG reason_NEG why_NEG fan_NEG of_NEG the_NEG tv_NEG series_NEG will_NEG like_NEG this_NEG movie_NEG movie painfully unfunny scene albert bathe sink seen neighbour romance harold zita completely tone make wonder producer movie bothered watch tv series tv series harold went respectable girl stripper_NEG albert reaction remark harold girlfriend absolutely priceless tv series movie albert say virtually opportunity rise movie spin-offs british sitcom tend quite dull notable exception bus film respect actually better tv series steptoe son rank right pile george mildred advice - skip second spin-off steptoe son ride instead lighter tone faithful tv series actually funny,negative,positive
reviewer making big mistake movie suppose_NEG to_NEG be_NEG taken_NEG seriously_NEG kid teen late num y early num y truly film time hated period love movie ca even_NEG take_NEG a_NEG joke_NEG about_NEG it_NEG garbage meant_NEG for_NEG you_NEG low budget failure beastmaster num box office grossed mil mil budget obviously reason drop seriousness original present day complain story dialog logic run to_NEG win_NEG race_NEG movie tried seriously total failure doe do_NEG that_NEG for_NEG a_NEG second_NEG (_NEG in_NEG ``_NEG our_NEG ''_NEG world_NEG dar see movie theater advertising beastmaster num said paraphrase clint eastwood dirty harry movie movie know limitation usual adventure soundtrack time great actor taking_NEG themselves_NEG that_NEG seriously_NEG either_NEG so_NEG even_NEG the_NEG usually_NEG irritating_NEG ``_NEG spoiled_NEG rich_NEG brat_NEG ''_NEG role_NEG (_NEG played_NEG here_NEG very_NEG well_NEG by_NEG young_NEG kari_NEG wuhrer_NEG )_NEG turn_NEG out_NEG good_NEG nostalgic num num y cheese culture liked mind_NEG going_NEG out_NEG on_NEG a_NEG cheese_NEG limb_NEG tremendous fun attempt revive dar num y literarly really_NEG the_NEG sequel_NEG to_NEG the_NEG first_NEG watch_NEG it_NEG if_NEG that_NEG 's_NEG what_NEG you_NEG want_NEG fantasy sequel different dimension just_NEG different_NEG time_NEG ''_NEG question_NEG history did tall winged humanoid creature suck flash bone end num way movie end zoo attempt cheap moneywise big finale suppose best place dar move manipulator animal,positive,negative
thing need clarified picture mark ferris the_NEG mark_NEG ferris_NEG who_NEG starred_NEG in_NEG this_NEG movie_NEG know dad remove picture mark ferris writer trying copy way movie year point direction obtaining copy great movie all_NEG that_NEG bad_NEG trying compare today world star war high tech sci fi futile watch just enjoy rediculousness humor possesses lighten movie snob enjoy creative innovated film,negative,positive
hard believe waiting num year wind piece cinematic garbage original high impact dark thriller achieved cult status demonstrating fine art cinema directed paul verhoeven film add delivers ultimately wind big box failed sequel opening sequence triggered intriguing set plot development using considerably talented able cast unfortunately treated num minute dissertation self-indulgent life catherine tramell sharon stone possibly copulation desire continuation sensually provocative stying sex num forget wind soft-porn boredom ultimately upholds old adage woman alluring clothes interesting note wonderful charlotte rampling romping skivvy num georgy girl stone num year old talented actress quite adept holding true cinema fan film judge using rating wait dvd release rated version unrated version collector edition ultimate version num year saturated news basic instinct num point stone num year old really care,negative,positive
good movie tv dying result movie doe have_NEG high_NEG and_NEG low_NEG simply describes young girl family life africa people come weather background,negative,positive
rigoletto verdi masterpiece drama emotion powerful memorable music maestro rolled grave bawdy travesty work released needless frontal nudity cheap copulating portrayal naive principalled gilda horny ditz opera certainly adapted cinema -- - look zeferelli magnificent la traviata -- - work superb rigoletto doe need_NEG cheap_NEG gimmick_NEG acceptable dubbed music good mediocre rendering libretto second rate sound quality,negative,positive
countenance antoine monot copycat impersonation kevin smith silent bob keep asking christian listens_NEG just ca say_NEG to_NEG a_NEG joke_NEG matter_NEG how_NEG cheap_NEG best thing movie soundtrack course joey burn calexico divine jonathan richman understated old-school bard mary fame grace small-town dropout story visual allure stefan lukas gregorowicz look cool riding tan six-series bmw two-door wearing aviator shade going true accidentally sleep wild-eyed bohemian kid sister marie zielcke thumb go black-and-white liberal dose mysterious substance zero-zero looking slightly rendering intoxication suggest check fear loathing la vega,negative,positive
said play nature just ca be_NEG translated_NEG to_NEG film_NEG prime example play funny farcical satire catholic church razor wit central character shockingly unreal root start murdering parishioner fatal mistake admitting sinned_NEG since_NEG his_NEG last_NEG confession_NEG feel sending straight heaven just example far outside reality play go make believe world theater work kind heightened reality rarely work film certainly doe here_NEG director marshall brickman assembled fine cast great work presenting absurdity realistic fashion comedy tragedy left feeling pit stomach seek production stage play instead wo be_NEG disappointed_NEG,negative,positive
life pod movie just watch try to_NEG analyze_NEG too_NEG hard_NEG acting amateurish best special effect obviously low budget too_NEG bad_NEG story line stock interesting twist computer run amok exactly_NEG a_NEG computer_NEG and_NEG the_NEG running_NEG amok_NEG is_NEG very_NEG understandable_NEG when_NEG the_NEG truth_NEG is_NEG revealed_NEG movie moment quite watchable allure movie prominent role kristine debell be_NEG the_NEG greatest_NEG actress_NEG in_NEG the_NEG world_NEG having playmate month cute life pod like low-budget sci-fi movie num s somewhat predictable white star line bit cute completely inaccurate white star line company stock purchased cunard line num ship sail white star color britannic the_NEG sister_NEG of_NEG titanic_NEG )_NEG which_NEG wa_NEG sold_NEG for_NEG scrap_NEG in_NEG num_NEG,positive,negative
america model good help people career lately bored cycle num yeah happy adrienne won wanted win beginning cycle num bad think mercedes deserved cycle num did like_NEG eva_NEG did like_NEG most_NEG of_NEG the_NEG girl_NEG in_NEG this_NEG cycle_NEG cycle num kahlen won know_NEG what_NEG they_NEG saw_NEG in_NEG naima_NEG definitely know saw kahlen cycle num like cycle num a_NEG great_NEG cycle_NEG either_NEG girl nicole winner eww cycle num liked sara joanie danielle okay cycle num caridee definitely deserved cycle num did want_NEG jaslene_NEG to_NEG win_NEG did like_NEG her_NEG saw girl cycle definitely potential did see_NEG much_NEG of_NEG this_NEG cycle_NEG good just seen time like anymore d,positive,negative
movement intolerant judgmental environmentalist movement budding young socialist joining circus intimidating joining real circus people normally outsource brain hollywood important issue teaching hollywood fragmented confusing fortunately ed teach neo-hippies art envirojudgementalism learn art wagging finger face losing trademark smirk learn shrug logic science powerful argument fear learn stop human activity doe interest_NEG you_NEG by_NEG labeling_NEG it_NEG a_NEG the_NEG gateway_NEG to_NEG planetary_NEG armageddon_NEG addition learning lie straight face learn shrug accusation deflected way matter_NEG how_NEG much_NEG of_NEG a_NEG hypocrite_NEG you_NEG are_NEG able use energy al gore having people treat amish second season useful able visit hollywood god holy thy name audit - judge - lifestyle note time appropriate envirofascist judge allows victim chance buy sort expensive trendy eco-toys wag finger people face doe ed store season maybe teach judgmental sleeping,negative,positive
quite dull movie well-shot realistic performance especially good depardieu cad bad boy realistic location mood art-house connotation fails director take position_NEG stand critical commentary topic stipulates france revered regular working partner film depardieu - believe num - pialat fails engage treatise woman fall bad boy hurt ready caring boyfriend good-hearted husband isabelle hupert play philanderer nonchalant distinction offer opprobrium answer like know_NEG ''_NEG like arm like way make love inquiring husband try kick house palliates reconsiders assume love accepts hope day wake come sens thing like answered_NEG in_NEG pialat_NEG 's_NEG condescending_NEG docu-drama_NEG style_NEG with_NEG long_NEG speech_NEG and_NEG even_NEG longer_NEG scene_NEG that_NEG do_NEG add_NEG up_NEG know answer add_NEG up_NEG but_NEG please_NEG take_NEG a_NEG stand_NEG jules et jim final shot cold movie just watched heartache headache forgiving,positive,negative
amazing little money dead silent low budget movie delivers promise bad see_NEG rob_NEG lowe_NEG more_NEG often_NEG on_NEG the_NEG silver_NEG screen_NEG lowe best riveting thriller wonder_NEG he_NEG went_NEG from_NEG dead_NEG silent_NEG straight_NEG to_NEG the_NEG tv_NEG mega_NEG hit_NEG the_NEG west_NEG wing_NEG dead silent num num sputtosi toronto,positive,negative
fan shock gore movie disappointing say effect puppet work impressive yes humor well-timed missing act film spent establishing nuance jack brook character despite fact need know aggression delivered minute title card narration flashback needless pacing second act tedious focused freddy krueger eating vomiting eating flailing arm saying snappy rude schlock punctuated brief scene jack discussing rage problem therapist definitely entertaining scene film -- excellent dialog worth plenty laugh warning jack decides kill monster throwback num s horror movie jack brook monster slayer load potential purposeless plod conflict adequate resolution hopefully issue addressed jack brook vii jack go hell jack ash production,negative,positive
mel torme victor borge younger year serve make film interesting - especially viewing young sinatra sunny num definitely conveying yes popular singer hardly actor stage michele morgan annoying inane presence jack haley actor appeal totally lost leon erroll silly overall pretty funny num star potential num right grade combination positive aspect lack story silly fore-mentioned annoyance - overall average best fascination viewing entertainment icon early year,positive,negative
loved movie came just num year old - forgotten film existed day used copy sale gas station bought wait_NEG to_NEG watch_NEG this_NEG film_NEG that_NEG had_NEG i_NEG loved_NEG a_NEG a_NEG kid_NEG saw film year later hit world did like film kid watching adult realized film terrible saddest film place make greatest western blew costume perfect good actor num music score orchestrail score wonderful keep classic spirit old timey lone ranger alive second score series song country music artest like merle haggerd statler brother song like man mask bad funny movie strongest point briliant storyline best western plot fun watch john reid nursed health fellow ranger fun grow new life identity lone ranger concels identity go revenge run gang responsible killing brother fellow ranger rode unfortunatly good storyline ruined merle haggard narrating watching happen love god did merle haggard narration statler brother singing corny stupid song like ride little cowboy playing backgound make movie impossible love really good producer script story re-do film right heart silly film great -- -i descibe film beautiful woman dress ugliest clothing num star num -- num year old dont know better love,negative,positive
num st good news num -d spectacularly go_NEG for_NEG the_NEG gotcha_NEG gimmick_NEG film based true story high point human history feature actual participant story buzz aldrin meat matter fly krissakes fly big googy human eye true fly nonetheless remember likened underworld movie rat cockroach intended_NEG a_NEG praise_NEG dreamed_NEG anyone_NEG would_NEG take_NEG it_NEG literally_NEG got empathy going baby maggot ugh odd confluence hollywood groupthink flik evidently drawing board time space chimp critter space rent apollo num num -rated movie real space program rip,negative,positive
seeing acclaimed fargo thinking average wandering good idea rent coen time disappointed fargo say credit go good joke good acting george clooney clooney make stormish movie act showed num num,positive,negative
step olsen twin film nary surprise store repulsive bloated hunchbacked depardieu look walking beach shirt guy supposed sort heartthrob quasimodo hubba hubba katherine heigl great actress career year displayed lot potential comedic dramatic actress movie definitely did do_NEG anything_NEG to_NEG offer_NEG her_NEG a_NEG break-out_NEG role_NEG vapid character lack trace personality self-esteem spending entire vacation crushing cute boy think greatest guy world basically cute boy ca be_NEG honest_NEG with_NEG him_NEG for_NEG two_NEG second_NEG lady let tell guy really going_NEG to_NEG stomp_NEG off_NEG in_NEG a_NEG huff_NEG because_NEG you_NEG tried_NEG to_NEG pas_NEG your_NEG dad_NEG off_NEG a_NEG your_NEG boyfriend_NEG little confused silly contrived um incestuous end just going laugh plot dialogue hit clche right cue originality_NEG and_NEG wit_NEG ..._NEG but_NEG it_NEG 's_NEG rilly_NEG rilly sweet ben rilly rilly cute viewer think titanic greatest movie course say movie great wo notice_NEG that_NEG it_NEG doe_NEG have_NEG a_NEG brain_NEG in_NEG it_NEG head_NEG star,negative,positive
play shown bbc num year ago quite different time therefor people quite scary impressed special effect looking play day age doe seem_NEG to_NEG be_NEG all_NEG that_NEG scary_NEG anymore_NEG special effect leave lot desired train really allowed pas red light dark tunnel think_NEG so_NEG ......_NEG but_NEG if_NEG you_NEG watch_NEG this_NEG play_NEG again_NEG observe train enters tunnel rush straight red light maybe dickens time notice footpath lead signal box steep poor state surely series proper step handrail signalman climb cutting ca help_NEG but_NEG notice_NEG thing_NEG like_NEG that_NEG )_NEG i_NEG will_NEG take_NEG anything_NEG away_NEG from_NEG the_NEG acting_NEG denholm elliott signalman bernard lloyd traveller gave wonderful performance at_NEG all_NEG sure_NEG what_NEG is_NEG going_NEG on_NEG ......_NEG i_NEG mean_NEG wa_NEG the_NEG ghost_NEG the_NEG traveller_NEG doe really fully understand confusing story maybe )_NEG sum play wonderful atmosphere great character suffers being_NEG that_NEG scary_NEG these_NEG day_NEG little very_NEG confusing_NEG in_NEG place_NEG unusual signalling practises thanks reading review,negative,positive
sure shot shot story just weak portrayal lincoln weaker that_NEG henry_NEG fonda_NEG wa_NEG good_NEG but_NEG the_NEG character_NEG he_NEG played_NEG wa_NEG nothing_NEG but_NEG a_NEG loon_NEG mean tell lincoln wise cracking smart as respect_NEG of_NEG the_NEG law_NEG or_NEG the_NEG court_NEG mean hell supposed cousin vinnie mean come just jackass understand ford going great funny hero guy did really_NEG like_NEG this_NEG guy_NEG at_NEG all_NEG cheat sport talk like real sweet simpleton doe seem_NEG to_NEG know_NEG were_NEG to_NEG sit_NEG in_NEG a_NEG courtroom_NEG supposed seriously twist weaker mean come just stupid story like thought num year old dream saying liked entertaining laugh occasion ca say_NEG it_NEG 's_NEG a_NEG bad_NEG film_NEG fact say say good entertains make laugh bad vivid silly story just ridiculous ca understand_NEG how_NEG anyone_NEG could_NEG consider_NEG it_NEG great_NEG idea_NEG how_NEG historically_NEG accurate_NEG this_NEG film_NEG wa_NEG but_NEG if_NEG any_NEG of_NEG it_NEG wa_NEG true_NEG i_NEG would_NEG really_NEG have_NEG to_NEG shake_NEG my_NEG head_NEG,positive,negative
catastrophe movie set london starting multiple hurricane superstorm tornado scotland displaced east downing england coast later south hour heavy rainful london barrier thames short running pave way disaster colossal tidal-wave travel relentless east causing devastation life million londoner danger center story climatologist tom courtenay climatologist try save london effect giant wave trying convince authority town dike unsafe furthermore marine engineer robert carlyle ex-wife samantha jessalyn gilsig trapped barrier dropped sea secret government agency hq ruled nash joanne whalley direct order deputy minister david suchet attempt control displaced avoid dead approximately num num little time save london total catastrophe perfectly acceptable drama-disaster alright acting magnificent tom courtenay climatologist predicts catastrophe excellent robert carlyle jessalyn gilsig ex-matrimony rekindling love movie pack impressive flood scene brought life breathtaking computer generator special effect better classic num s inferno towering similarly day tomorrow a_NEG clear_NEG denounce_NEG know flood caused greenhouse effect global warming originates ozone hole motion picture directed tony mitchell recommend movie people like disaster movie adaptation flood following num earl bellamy robert culp barbara hershey rain num directed mikael salomon morgan freeman christian slater flood river rampage num directed bruce pittman richard thomas,positive,negative
tim robbins oddly benign cast garage mechanic num s new jersey fall love perky blonde turn albert einstein niece on-screen time robbins cancel inner-workings intense persona fade background easy forget picture lumpy romantic comedy gimmick walter matthau playing einstein doe cartoonishly conceived character sugary sunny directed drowsily fred schepisi show heart wit_NEG or_NEG brain_NEG meg ryan usual affable self chemistry robbins charming like affectionate sister big brother,negative,positive
basic plot film detailed comment wo bother_NEG like commend producer cast director crew creating wonderfully engaging film meager num m budget small fraction standard hollywood fare doe look_NEG cheap_NEG people drive make new entertaining spending_NEG a_NEG fortune_NEG doing_NEG it_NEG essentially art art sake know know decide art_NEG but_NEG something_NEG less_NEG and_NEG that_NEG 's_NEG fine_NEG glad people like continue forth time effort benefit expecting huge multimillion dollar payoff criticism feel scenario presented credible point wonderful work save day end get blatant manipulation event blind luck responsible courage strength lee attacked severely_NEG injured_NEG washed mud bank right dead guide miraculously loaded revolver holster actually work cleaning fiddling finally lee attacked mud bank jump water croc fails kill end hand mouth manages repeatedly pull trigger ultimately blow croc brain literally came conclusion having lee hand mouth croc just way end film human triumph based seen croc attack continue hold prey stop struggling croc spin dismember drown prey happened num victim to_NEG lee_NEG teeth mark deep_NEG think ending better croc won frankly proving dominance mangrove territory million year upset disappointed pretty girl did get_NEG out_NEG alive_NEG,positive,negative
fact num st saudi feature film shown cinema theater in_NEG saudi_NEG arabia_NEG for_NEG a_NEG simple_NEG reason_NEG we_NEG do_NEG have_NEG cinema_NEG theater_NEG in_NEG our_NEG large_NEG kingdom_NEG .._NEG only_NEG one_NEG cinema_NEG theater_NEG government forbidden opening cinema theater islamic extremist religious police asked closing late num s early num s accusing num th art encouraging wrong sex relationship stuff like see_NEG a_NEG powerful_NEG reason_NEG why_NEG we_NEG do_NEG open_NEG cinema_NEG theater_NEG video store kingdom watch movie tv satellite channel install showtime set channel movie general harmless way know people neighboring country watch couple film personally went bahrain time watch film theater watching big fun unlike watching movie home saudi pay expensive cinema ticket world travel watch movie rest world cinema theater town problem having movie produced presented rotana filmed entertainment major company belongs saudi tycoon-prince alwaleed bin talal num th richest man world movie title word mean literally slang mean used slang say bad used slang tell politely mind business to_NEG interfere_NEG in_NEG someone_NEG else_NEG 's_NEG affair_NEG think meant time wrong male actor saudi arabia like hisham abdulrahman famous popularity winning num st prize arabian realty like american idol work tv program like arabian version cash taxi famous actor khaled sami funny good sense humor actor like mishal al-mutairi turki al-yusuf ali al sabea famous work tv series show female actress non-saudis did good job speaking saudi accent jordanian actress mais hamdan leading role emeriti actress fatima al-hawsani that_NEG we_NEG do_NEG have_NEG saudi_NEG actress_NEG but_NEG are_NEG few_NEG and_NEG that_NEG good_NEG saudi critic rja al-mutairi writes alriyadh newspaper popular newspaper kingdom wrote saying let expect_NEG much_NEG of_NEG the_NEG num_NEG st_NEG saudi_NEG feature_NEG film_NEG born unusual circumstance ca judge_NEG it_NEG under_NEG the_NEG usual_NEG standard_NEG like_NEG any_NEG other_NEG film_NEG fact movie hit huge financial success num st opening day kingdom bahrain movie fresh saudi family deal interacts controversial fresh issue inside saudi society like woman driving car low-shallow thought art guardianship society certain group difference conservative extremist idea good feel lost middle movie movie advantage beautiful music score rajeh dawood good doe match_NEG or_NEG express_NEG what_NEG 's_NEG in_NEG the_NEG picture_NEG turki al-yusuf did great job performance best alongside mais hamdan biggest loser leading actor hisham abdulrahman came supporting actor mishal al-mutairi ali al sabea khaled sami did good job limit role keif al-hal disadvantage ok movie good num st step rotana movie speech people street golden goal make strong debate inside saudi society movie general aware importance num th art art p saudi filmmaker abdullah almohaisen claim directed num st saudi movie titled shadow silence seen_NEG the_NEG movie_NEG yet_NEG .._NEG i_NEG hope_NEG i_NEG 've_NEG been_NEG helpful_NEG,negative,positive
james hacker mp did expect_NEG that_NEG he_NEG would_NEG be_NEG the_NEG next_NEG prime_NEG minister_NEG unlike america party elected britain american vote candidate regardless party despite difference paul eddington cbe performance minister turned prime minister overnight helped senior adviser sir humphrey played knight sir nigel hawthorne veteran actor derek fowlds return scene instead pleasing people nation constituency hard job difficult approve honor list work majesty regular basis hacker the_NEG hacking_NEG type_NEG man like want_NEG to_NEG dislike_NEG and_NEG turn_NEG into_NEG a_NEG villain_NEG of_NEG sort_NEG or_NEG a_NEG vicious_NEG dictator_NEG prime minister point view pleasing handle strike,positive,negative
awful movie simple tried make movie reel life just like zappa did year ago unfortunately denmark lack good young actor leon little girl krummernes jul laura simply good_NEG enough_NEG to_NEG play_NEG such_NEG an_NEG important_NEG role_NEG time movie play soul destroying movie consider movie ought agree_NEG that_NEG the_NEG youth_NEG are_NEG behaving_NEG like_NEG this_NEG think end letting child important support danish movie new company like film folket think people because_NEG it_NEG is_NEG a_NEG great_NEG film_NEG movie dealing important theme think important point violent scene actually scene laura acting best - like ending holding gun,negative,positive
vince lombardi high school new principal -- evil togar mary woronov intends ban rock roll music butt head riff randall sol love ramones head school football team vincent van patten ca seem_NEG to_NEG connect_NEG with_NEG any_NEG girl_NEG --_NEG realizing_NEG cute_NEG kate_NEG rambeau_NEG (_NEG dey_NEG young_NEG )_NEG is_NEG in_NEG love_NEG with_NEG him_NEG instant midnight movie general release immediately bombed -- midnight movie huge hit kept playing num remember attending college -- like party people singing song laughing uproariously joke generally just having fun seeing adult ca imagine_NEG why_NEG i_NEG loved_NEG this_NEG so_NEG much_NEG script juvenile groaner believe_NEG i_NEG wa_NEG hearing_NEG character change random movie go jumping place save truly funny line wonderful performance sol woronov really enjoying energy playing role way ramones a_NEG fan_NEG like title tune rest song really_NEG caught_NEG me_NEG ramones fan higher rating spoiler warning kid pg rating probably silly fun especially think like end high school blown spoiler end mood silly midnight movie num s like stay away num,positive,negative
people stranded country house storm discover home sight unsolved murder year dinner discussion incident light come discover guest killed fearing life guest attempt secret death occur according dvd sleeve synopsis couple clever twist murder old dark house story play play interesting feature direction ordinary serf highlight certain cheapness production like movie type ensemble intriguing character old-time broadway producer richard carle herman wood fey secretary johnny arthur homer erskine maintain ghost walk num num num frank strayer richard carle johnny arthur john miljan,negative,positive
actually like original film ups down just ups original voice cast returned down did like_NEG the_NEG voice_NEG of_NEG timon_NEG 's_NEG ma_NEG know did voice simpson just plain stupid ups simba teenager down wasted slug-slurping contest timon simba ups rafiki told timon hakuna matata down did pumbaa ups song original song just background music down stupid song timon solo overall pretty good movie recommend fan original like_NEG the_NEG original_NEG chance wo like_NEG this_NEG one_NEG score num num,positive,negative
disclosure cynic like ending sad hanky dry did cry_NEG when_NEG bambi_NEG 's_NEG mother_NEG wa_NEG shot_NEG smith new film happiness look like desperate plea oscar basically born artistic soul earth did like num item maybe double espresso downed likely maybe hardboiled movie fan use occasional shot sweetness sweet moment meet scarlet event far nora ephron meet cute view taken intimate journey stranger learning care life headed aided beautifully phedon papamichael cinema verity style camera work main argument film far fetched film far fetched know_NEG tell meet adrian brody market for_NEG lack_NEG of_NEG trying_NEG )_NEG enjoy considering adventure occur momentous event place darn straight review num item fall short fail account cynic fantasy heck worth price admission vicariously live num minute time,positive,negative
nice shot film catch landscape beautiful light fact cinematography probably best asset basically tv movie lot twist turn plot keep quite interesting viewing subtitle_NEG and_NEG key_NEG plot_NEG development_NEG are_NEG unveiled_NEG in_NEG spanish_NEG non spanish speaker left little lost xmas gift family trait work film actor talented matthew mconaughey just awesome time kill newton boy expressed wanted work say dvd box matthew mconaughey film us marketing ploy line screen very_NEG minute_NEG at_NEG the_NEG end_NEG of_NEG the_NEG film_NEG basically extra doe exactly_NEG light_NEG up_NEG the_NEG screen_NEG while_NEG he_NEG is_NEG on_NEG die hard fan really worth_NEG it_NEG from_NEG that_NEG point_NEG of_NEG view_NEG film star patrick mcgaw great easy eye character just nice kind caring true saint guy written rom com true mcconaughey acting brilliance one seen recommend time kill newton boy frailty lose guy num day edtv amistad avoid larger life angel outfield unless feel like kid film kid indicative talent quite amusing film child mm really supporting artist just line scorpion springit a_NEG bad_NEG film_NEG but_NEG it_NEG also_NEG is_NEG screen_NEG stealing_NEG either_NEG,negative,positive
shadow fog surely woody allen weakest film right september hollywood ending allen equal awfulness shadow fog allen homage german expressionist style film-making stark stylized light shadow guessed lot fog tell allen got caught technique parody forgot make movie care luckily husband wife year thing a_NEG total_NEG wash_NEG for_NEG him_NEG grade d,negative,positive
read_NEG the_NEG anne_NEG rice_NEG novel_NEG that_NEG this_NEG movie_NEG wa_NEG based_NEG on_NEG know maybe reading book cheaper renting queen damned probably better health that_NEG this_NEG movie_NEG is_NEG necessarily_NEG bad_NEG for_NEG your_NEG health_NEG book relaxing certainly exercise active brain movie count number page anne rice read hand seeing movie interview vampire feeling writes really good novel plot movie hint sea deep interwoven vampire history stuart townsend voice-over narration get heck lot annoying brad pitt vampire narrative did tell queen damned limited production resource barely flesh anne rice storyline interview decided lace elegance queen relies low budget special effect try really hard taken seriously original novel potential movie production team focused attention wrong place costume rock roll stage replaced blood eerier soundtrack credit credit soundtrack excellent korn disturbed sickness bobbing noggin like butthead film open cool goth-rock zoom splice montage minute directing degenerate quickly movie long director realized enough_NEG time_NEG and_NEG enough_NEG money_NEG to_NEG do_NEG an_NEG anne_NEG rice_NEG novel_NEG justice_NEG result mediocre vampire scene plenty cheesy special effect unfortunately queen damned fails genre justice just john carpenter counterpart fail impress yellow contact pale blue make-up scene scene shook head reminiscing day salem lot fright night low budget right redeeming quality save movie garbage prop aaliyah soul forever rest peace renowned actress life been_NEG taken_NEG from_NEG u_NEG so_NEG prematurely_NEG did movie decent performance plenty nice belly dancing did mention soundtrack good let say too_NEG long_NEG anne rice novel easily hour movie ambitious director like francis ford coppola got hand twist turn plot legitimate rock roll addition slew second-rate vampire movie director movie went direct new battlestar galactica mini series tell jy jimboduck-dot-com,positive,negative
fred astaire reteamed rita hayworth year big hit columbia get_NEG rich_NEG ''_NEG movie hayworth hollywood map performance wan romantic musical hardly give suggestion suddenly popular buenos aire way tyrannical hotel owner demand daughter marry order age think film take place num th century modern-day num astaire ex-hoofer-turned-gambler go dancing earn money getting mixed impersonating letter-writing admirer hayworth stone-cold society beauty fred gaze rita brotherly smile mannequin-like lip-synching song like wide-eyed wind-up doll romantic spark quickly sputter dance quite comfortably jerome kern score unmemorable too_NEG bad_NEG,negative,positive
disturbing film that_NEG school_NEG killing_NEG spree_NEG like_NEG the_NEG one_NEG depicted_NEG actually_NEG happen_NEG truth carried teenager like cal andre normal kid normal family using hand held camera technique la blair witch ben coccio succeeds bringing life friend issue high school ever_NEG told_NEG exactly_NEG what_NEG is_NEG behind_NEG those_NEG issue_NEG typical -a lot people hate high school just doe believe_NEG they_NEG will_NEG ever_NEG carry_NEG out_NEG the_NEG very_NEG well_NEG thought_NEG out_NEG massacre_NEG on_NEG zero_NEG day_NEG surveillance camera scene school shooting powerful reason ca believe_NEG it_NEG 's_NEG really_NEG happening_NEG really happened hand held camera technique creates illusion a_NEG scripted_NEG movie_NEG brilliant idea given subject matter,positive,negative
family traveling daughter softball league decide route end middle father avid photographer hears old abandoned town decides detour photograph course filled inbred freak promptly kidnap woman leave young son father fend cool thing film family actually fight inbred captor worthwhile film,negative,positive
lay hell todd sheet let num num make movie come guy got num zombie regular cast work free sure acting laughable time yes make-up greatest_NEG you_NEG 'll_NEG ever_NEG see_NEG the_NEG worst_NEG either_NEG want watch zombie nation raccoon zombie pure good old fashioned guerilla film-making todd consummate professional nice guy hole plot yes plot doe far-fetched hell love movie wish todd sheet come hiding remake going tried make movie know just finishing achievement,positive,negative
italian soft x exorcist clone woman buy statue crucified thief said thief come life turn devil rape fantasy ivan rassimov play devil brilliantly gift evil look above_NEG doing_NEG nudity_NEG good actress lead did decent job wide eyed innocence fact looked great naked helped similar plot element italian horror film girl parent filthy rich depraved watch detail laura gemser husband gabriel tinti appears random stud basically phoned-in like cheap beer did job fault director failing classic,positive,negative
talk-shows larry king live bad_NEG occasionally get good guest turn awhile compulsively_NEG maher carl bernstein president substantive guest sit too_NEG bad_NEG time tends host guest involved latest celebrity scandal contributes absolutely intelligent_NEG information_NEG to_NEG the_NEG country_NEG and_NEG feed_NEG a_NEG largely_NEG uneducated_NEG public_NEG that_NEG want_NEG to_NEG hear_NEG the_NEG latest_NEG gossip_NEG about_NEG movie_NEG and_NEG tv_NEG star_NEG oj simpson trial like guest related case really journalism national enquirer tube come little bit like trash television -- jerry springer sit interview phone call instead live audience king definitely better rightest-political platform rush limbaugh variety said larry king a_NEG bad_NEG interviewer_NEG ala a_NEG great_NEG one_NEG king doe always_NEG come_NEG off_NEG like_NEG he_NEG completely_NEG comprehends_NEG when_NEG intellectual_NEG material_NEG is_NEG being_NEG presented_NEG especially scholar historian new book subtle aspect politics like minute king ca quite_NEG deal_NEG with_NEG the_NEG issue_NEG at_NEG hand_NEG turn phone call maybe hoping country better question interview like david gergen have_NEG read_NEG any_NEG of_NEG his_NEG book_NEG sort like movie producer bother_NEG to_NEG read_NEG the_NEG script_NEG entertainment celebrity problem_NEG come like thoroughly knowledgeable material that_NEG substantive_NEG anyway_NEG talking elizabeth taylor relationship richard burton exactly_NEG rocket_NEG science_NEG notice usually seen star latest movie watching movie take time contemplation reading book like john dean bob woodward king come little like did quite_NEG finish_NEG his_NEG homework_NEG phone looking real in-depth interviewing terry gross npr probably best interviewer united state read research written guest working knowledge area see_NEG king_NEG quite_NEG doing_NEG that_NEG granted probably audience num time larger terry gross say american audience king short larry better a_NEG good_NEG a_NEG terry_NEG,positive,negative
scary film seen blob manages eat biggest mystery film blob move slowly zimmerframe escape blob large slice luck coming typical horror film woman instead running away stand half hour eaten havent seen film recommend far funny taken seriously,negative,positive
amused straight-faced goings-on logical given illogical situation enjoy whimsical num -minute spanish film woman enters small scene look ordinary counterman customer musician oddly subdued suddenly musician play man begin sing title song dancing table top musical-comedy gesture customer immobile interval chime badly gamely phrase song read slip paper palm jump dance awkwardly earnestly choreographed motion like backup singer woman wonder answer revealed soloist jacket open see strapped chest -- just explosive climax catch_NEG the_NEG song_NEG 's_NEG (_NEG probably_NEG ironical_NEG )_NEG lyric_NEG situation-perfect performance grin chuckle love,positive,negative
script ed wood worked num year trying aris iliopulos finally got chutzpah film script wood saved burning home expense transitory valuable dialogue-free movie foolishly silent fact quite noisy film inane chatter flick hand filmmaker music sound effect provide rich audio experience work better grist hollywood script particularly stupid boat movie billy zane - cameron ick zane wonderfully communicative monosyllabic grunt film dialogue day billy zane head team player obviously really wanted film ricci radiant god shining sandra bernhard rick y schroeder eartha kitt andrew mccarthy poster design perfect pyramid set exquisite ron perlman beastly performance simply wonderful overall chaotic visceral masterpiece lovingly crafted fan ed wood auteur cinenephile really love movie way rate iliopulos cast obviously film make wish,positive,negative
kinda liked film despite frenzied pace did appreciate_NEG the_NEG comment_NEG that_NEG canada_NEG wa_NEG referred_NEG to_NEG a_NEG montana_NEG north_NEG definitely montana_NEG north_NEG and_NEG will_NEG be_NEG american wonder perceived arrogant rest world reason stop teaching kid united state america think planet centrist world view becoming_NEG of_NEG one_NEG of_NEG the_NEG world_NEG 's_NEG great_NEG nation_NEG jest refer_NEG to_NEG the_NEG usa_NEG a_NEG 'alberta_NEG south_NEG '_NEG walt put_NEG u_NEG down_NEG start film pretty goofy better luck time,negative,positive
actually_NEG seen_NEG this_NEG film_NEG but_NEG can_NEG tell_NEG you_NEG one_NEG thing_NEG about_NEG it_NEG production_NEG radio dj num got production company asked write record bit drop soundtrack sound eminating tv television screen be_NEG shown_NEG )_NEG said sure wrote parody num s sci-fi monster rounded sound effect called dj pam landry play female happened air time long song joined mike production room cut voicetrack single giggling went mixed goofy sound effect done_NEG it_NEG if_NEG we_NEG 'd_NEG known_NEG that_NEG ``_NEG woodchipper_NEG massacre_NEG ''_NEG wa_NEG going_NEG to_NEG be_NEG such_NEG a_NEG turkey_NEG --_NEG but_NEG got_NEG paid_NEG for_NEG our_NEG effort_NEG -- gary theroux,negative,positive
day ridley scott director producer command huge sum helm movie -- especially film like alien gladiator blade runner credit partial list credit obvious amazing talent watch early effort film school probably hard time telling destined greatness nice camera-work style film hopelessly dull uninvolving considering meant_NEG for_NEG general_NEG release_NEG and_NEG it_NEG wa_NEG only_NEG a_NEG training_NEG ground_NEG disposed looking charitably -- score num way film cinema num european short dvd dvd num short great_NEG contains man head copy shop rabbit wasp amazing dvd lover short film worth buying,negative,positive
movie fairly enjoyable watch mean great_NEG but_NEG it_NEG wa_NEG one_NEG of_NEG the_NEG better_NEG horror_NEG movie_NEG of_NEG late_NEG low state benefit budget size charm like lovely lady atmosphere good missing froma hell lot horror movie day acting typical num low budget affair case know_NEG is_NEG that_NEG it_NEG is_NEG ``_NEG dud_NEG ''_NEG acting_NEG lucio fulci movie like movie atmosphere lacking storyline money horror gore atmosphere movie self just typical low budget horror movie watchable watched way love horror movie seen movie just turn num num minute sit fast forward video skip scene dvd movie did make_NEG me_NEG want_NEG to_NEG do_NEG that_NEG sat watched way end wanting skip part liked zombie type folk little scarier scary having freddy kreuger babysitter seriously little better low budget perfection maybe music movie notch stuff ideal horror music seen horror movie music good average better thank goodness movie did have_NEG nay_NEG of_NEG the_NEG metal_NEG music_NEG in_NEG it_NEG die-hard metal fan num horror movie metal music spoil movie loos atmosphere lot type music score playing glad music_NEG in_NEG this_NEG movie_NEG other_NEG than_NEG just_NEG your_NEG typical_NEG score_NEG which_NEG wa_NEG rather_NEG creepy_NEG use profane grace - epitaph shattered dream keyboard music guitar_NEG nothing_NEG except_NEG ``_NEG really_NEG ''_NEG creepy_NEG keyboard_NEG track_NEG like track forever sleep hear wind blowing way goose bump inducing keyboard music follows track cd ideal horror music best suited movie perfectly unattractive chick movie got led believe hung scarecrow free try escape later woman movie lovely big num num mentioned wish hollywood mainstream thing money romero guy movie giving movie way better decision giving goon muppet called paul anderson resident evil mince guy bad_NEG bad_NEG at_NEG all_NEG loved end credit kept showing clip making movie scene many_NEG movie_NEG do_NEG this_NEG kind_NEG of_NEG thing_NEG thought added little movie showed outtake sort good thing ask rating movie num num rating lovely lady movie num num rating atmosphere movie num num rating score film num num num,positive,negative
plot quite interesting russian revolution background enjoyed seeing budapest movie partly filmed sadly zero chemistry num main character hard believe love story love scene forced mechanical jordan kirckland really stiff icy rob stewart quite charming boyish looked like older sister girlfriend ending finally figure actually quite weak sense_NEG whatsoever_NEG think enjoyed movie lot better relationship num actor slightly credible,negative,positive
hard believe num david duchovny fame x-files best sci-fi series glory year later forgotten tentatives make big screen failed miserably even_NEG explain_NEG why_NEG fair actor probably moment fame cast eternal role take big talent break time angelina jolie known really lucky film like god did led_NEG her_NEG career_NEG into_NEG a_NEG dead-end_NEG fortunately bone collector interrupted waiting corner lara croft came career launched too_NEG much_NEG to_NEG be_NEG told_NEG about_NEG this_NEG film_NEG big screen film andy wilson reason banal happens screen expected story ex-doctor save life shooting victim bar working mob off-screen voice especially bad moralistic text kill shade cinematographic experience film probably meet_NEG the_NEG film_NEG but_NEG in_NEG dvd_NEG rental_NEG store_NEG tv try look better,negative,positive
looked year wrestlemania match card stoked unable control excitement start end sitting angry hell wanted money mean watch wrestlemania num favorite classic expect average garbage moment entire ruined hbk tapped moment hbk losing john cena john cena ruined wrestlemania num beat triple h watch_NEG wwe_NEG after_NEG seeing_NEG wrestlemania_NEG num_NEG starting watch luckily faith wwe wrestlemania num greatest seen pure classic wrestlemania definitely num gave lot memorable moment watched wrestlemanias like one turn fan wrestlemania num turned fan watch_NEG this_NEG and_NEG make_NEG the_NEG same_NEG mistake_NEG i_NEG made_NEG and_NEG leave_NEG wwe_NEG behind_NEG watch angry start watching watch wrestlemania num absolutely classic,negative,positive
early num creature feature concern long abandoned gold intrepid miner determined check naturally gold_NEG down_NEG there_NEG but_NEG one_NEG very_NEG hungry_NEG monster_NEG that_NEG slithers_NEG along_NEG in_NEG search_NEG of_NEG prey_NEG honest admit dull personally prefer thematically similar boogens actually grew went character too_NEG interesting_NEG the_NEG actor_NEG either_NEG closest interesting character morgan played keith hurt event female lead terri berland quite good looking rolf theison make domineering jerk easy person hate writer played effect man mark sawicki wear quickly begin comfortably predictable way nighttime set piece victim claimed thing acceptable start monster intriguing design imagine get revealed bit time late game product stop motion animation process longer_NEG used_NEG very_NEG much_NEG director melanie anne phillips directing pseudonym david michael hillman crew deserve credit creation atmosphere manage make film look quite claustrophobic gloomy use lighting work film doe build intensity pretty good ending suffice say best low budget obscure little item worth looking die-hard horror buff num num,positive,negative
young handsome muscular joe buck jon voight move texas new york thinking make living stud get find quickly going_NEG to_NEG be_NEG easy_NEG --_NEG he_NEG go_NEG through_NEG one_NEG degrading_NEG experience_NEG after_NEG another_NEG end rope hook crippled sleazy ratso rizzo dustin hoffman try survive city florida make dark disturbing fascinating movie director john schelsinger paint grimy portrait nyc inhabitant way dated -- city bad num cleaned considerably us camera trick book -- color turning black white trippy dream sequence flash forward flash back especially involving rape shock cut weird sound effect keep disoriented center -- stop_NEG watching_NEG much_NEG of_NEG a_NEG story_NEG --_NEG it_NEG basically_NEG center_NEG on_NEG the_NEG friendship_NEG between_NEG rizzo_NEG and_NEG buck_NEG implication lover final shot sort show just portrait damaged character trying survive cold cruel urban jungle originally rated x num -- reason mpaa did think_NEG that_NEG parent_NEG would_NEG want_NEG their_NEG child_NEG to_NEG see_NEG this_NEG big hit high schoolers x meant one_NEG under_NEG num_NEG )_NEG x rated film win academy award best picture hoffman voight acting award mysteriously sylvia mile picture total maybe num minute eventually lowered r cut_NEG )_NEG when_NEG it_NEG wa_NEG reissued_NEG in_NEG num_NEG excellent song everybody talkin introduced film -- big hit great film -- -but dark giving num see_NEG it_NEG on_NEG commercial_NEG tv_NEG --_NEG it_NEG 's_NEG cut_NEG to_NEG ribbon_NEG and_NEG incomprehensible_NEG,positive,negative
the_NEG kind_NEG of_NEG movie_NEG that_NEG really_NEG merit_NEG critical_NEG attention_NEG going_NEG to_NEG win_NEG any_NEG oscar_NEG -_NEG it_NEG 's_NEG really_NEG a_NEG very_NEG good_NEG movie_NEG at_NEG all_NEG heck even_NEG really_NEG a_NEG movie_NEG -_NEG just_NEG a_NEG string_NEG of_NEG short_NEG disgusting_NEG gross-out skit strung effort make entertainment critical bone body cry movie failing score gosh darn going better score kind people going enjoy movie the_NEG kind_NEG of_NEG people_NEG who_NEG really_NEG care_NEG what_NEG critic_NEG have_NEG to_NEG say_NEG going_NEG to_NEG give_NEG some_NEG snobby_NEG critique_NEG of_NEG jackass_NEG 's_NEG quality_NEG of_NEG surreal_NEG existentialism_NEG that_NEG permeates_NEG and_NEG commentates_NEG on_NEG how_NEG our_NEG society_NEG ...._NEG oh_NEG forget_NEG it_NEG say plot_NEG development_NEG character_NEG development_NEG -_NEG real_NEG beginning_NEG -_NEG there_NEG 's_NEG a_NEG semi-enjoyable_NEG end_NEG that_NEG 's_NEG nearly_NEG a_NEG funny_NEG a_NEG the_NEG skit_NEG that_NEG precedes_NEG it_NEG reek improper bathroom humor junior high kid laugh actually pretty funny leave door preconception good movie jackass number just gross-out crap really filmmaker come pretty imaginative stuff probably cringe time want throw couple time wiggle shift uncomfortably people screen death vomit-defying stunt vomit crap urine semen virtually bodily fluid seen jackass number nudity sexual humor abounds forth entertaining kind person find stuff enjoyable probably really like jackass number laughed time like said pretty imaginative stuff once_NEG wanted_NEG to_NEG vomit_NEG -_NEG though_NEG i_NEG do_NEG have_NEG a_NEG pretty_NEG strong_NEG stomach_NEG just accept movie premise bunch idiotic guy weird crap fun past accepting going enjoy flaw movie sheer excess weird disgusting stuff imaginative disturbing skit drag place one interesting end thing pick middle movie drag hurt overall film quality half hour tv a_NEG problem_NEG film length celluloid inevitable boredom ensue point awhile gross crap just desensitizing number entertaining imaginative disgusting comedy leave feeling pain nausea hilarity hey know like_NEG this_NEG kind_NEG of_NEG stuff_NEG bother_NEG just disappointed,positive,negative
make wonder air couple stayed married child broken point continuing entertaining beginning girl swooning man like instantly just like real life girl start side bitch true self think man left decide pick think marry live happily true love exactly fall forced pick unbelievable thought dating online bad people tv love realistic_NEG girl man going making question answered finally end know wo be_NEG a_NEG happy_NEG ending_NEG in_NEG the_NEG future_NEG know scripted,negative,positive
saw film num year old tv uk called laupta flying island absolutely loved heartbroken repeated later missed enchanted story character haunting beautiful music original english dubbed version saw - erroneously referred streamline dub dub actually ghibli distributed streamline sadly unavailable ridiculously expensive laser disc box-set unfortunately feel release partly spoiled disney voice acting ok dialogue doe have_NEG the_NEG same_NEG raw_NEG energy_NEG that_NEG the_NEG ``_NEG streamline_NEG ''_NEG dub_NEG or_NEG the_NEG original_NEG japanese_NEG had_NEG think james van der beek sound old play lead pointless alteration changing main character pazu patzu added dialogue worst feel ruined scene intrusive music - opening scene airship example originally silent spoiled thanks disney moronic requirement music playing speaking_NEG annoying disney film film blow away recent animated film recommend_NEG it_NEG highly_NEG enough_NEG plot simple captivating film show flair sadly missing modern mass-market homogenized animation,positive,negative
sure_NEG if_NEG these_NEG other_NEG people_NEG saw_NEG the_NEG movie_NEG -_NEG some_NEG apparently_NEG could_NEG follow_NEG the_NEG ``_NEG complicated_NEG plot_NEG ''_NEG billionaire owns oil company happens big game hunt - wow - really far fetched way - new drilling machine happens break glacier world seperated time dinosaur caveman wander ground breaking certainly ludicrous_NEG rest movie t-rex billionaire boone claimed hunting hunting look - old tv movie - course special effect look cheesy - did have_NEG cg_NEG -_NEG they_NEG did_NEG the_NEG best_NEG they_NEG could_NEG and_NEG for_NEG a_NEG mftvm_NEG they_NEG did_NEG a_NEG hell_NEG of_NEG a_NEG job_NEG for_NEG the_NEG time_NEG movie remade big screen - love line seeing dinosaur modern day special effect stalking guy great,positive,negative
surface best show seen nbc stupid canceling great like worse leaving half complete nbc surface season just completed nbc gave book read half way decide away find_NEG out_NEG the_NEG ending_NEG just want happens importantly happens nim think say safely surface fan want save nim nim taken heart away nbc just cut come nbc just surface season,positive,negative
getting little tired people misusing god perpetuate bigoted view world dismiss_NEG the_NEG idea_NEG of_NEG armageddon_NEG coming anti-christ dismiss idea certain people live truly good life white christian child heaven rest suffer millenia hell earth just good_NEG enough_NEG god judge think_NEG he_NEG is_NEG going_NEG to_NEG measure_NEG every_NEG level_NEG of_NEG goodness_NEG creator credit,negative,positive
warning plot spoiler always-abnormal movie david cronenberg certainly acquired taste fan earlier film probably like existenz definitely one_NEG for_NEG the_NEG squeamish_NEG usual element game pod skin hooked bucket blood gun bone manic mechanic result good part bad part just plain weird thing film undeniable originality despite excessive use weirdness doe prove point- virtual reality game dangerous effect people movie character shoot dead claiming annoying assuming game leaf question really happened occurrence stunningly life-like game existenz lead conclusion responded way despite extra gadget gook simply classic dream twist smart surprise answer question giving entire film leading moment bit disappointing num minute went bit longer peculiar way film raise moral issue answer violent inappropriate way jennifer jason leigh appears big role quite character doe have_NEG enough_NEG quality_NEG to_NEG make_NEG her_NEG jump_NEG off_NEG the_NEG screen_NEG or_NEG even_NEG give_NEG her_NEG a_NEG likeable_NEG character_NEG jude law hand equipped curious american accent good average joe sucked abnormal world film perspective existenz far flawless certainly movie experience remember tonne weird characteristic match similar style david lynch - consumed question mark definitely for_NEG all_NEG taste_NEG but_NEG it_NEG is_NEG rewarding_NEG enough_NEG to_NEG recommend_NEG imdb rating num num num,positive,negative
incredible best rendition amazing story remains cartoon walt disney num s true clumsy attempt sputter confuses alienates viewer admirable effectiveness successfully antagonizing actually read story irving original work short measure making feature length film bound challenge completely rewrite story la tim burton discussion time pad bust-line old girl unintended attempted say pitifully unimaginative thoroughly modern new facet character personality religious zealotry crane wanderlust good old bram bone ruin story intent betray severe lack talent filmmaker time tale famous climax approached completely lost kind film expect stagehand smoking background,negative,positive
second year academy voting politically - jeanne eagels brilliant performance creaky early talkie make oscar nom statuette went worst performance win - mary pickford coquette existing print work print music final editing shown eagels stuns captivates beguiling powerful performance convincing witness stand know lying teeth did kill man audience like juror believing innocence suddenly catch great acting film need available video world enjoy terrific performance silent jeanne exists archive print - man woman sin - talkie jealousy lost document run came archive shown nyc early num s village voice printed page review worshipping eagels performance,negative,positive
fan nightmare series horrible death trendy watch num year later nintendo scene outdated did like flashback think just prequel alive interesting movie leave depends spare time,negative,positive
great music ai these_NEG people_NEG pathetic_NEG true period piece trippy sixty left depressed director paint wrong jetset life sting hornet nest culture time led people thing appears journey discovery_NEG despair tried really tried like film people anywhere_NEG on_NEG my_NEG page_NEG yes nice world away awhile plan come drug the_NEG cause_NEG of_NEG these_NEG character_NEG '_NEG downfall_NEG lousy attitude guy passionately drink cup poison cheapen life end cheapen journey life romance dark cheer interesting scenery wonderful soundtrack pink floyd caveat dated drug depressing thoroughly unlikable character flower_NEG child_NEG curious package swoon pink floyd connection rare floyd track heard_NEG before_NEG fm ai what_NEG it_NEG wa_NEG rating star,negative,positive
seeing film num rd time think adam worst film punch drunk love poor comparison say end dickie get thrown boat funny hair different like flip film brought true adam sandler fan character poor comparison funny film like waterboy people peter dante assassin trying kill australian bird film lack depth decent story line deserves num,positive,negative
purchased dvd recently totally awed rush song sound did listened num lineup geddy lee alex lifeson neil peart talented want listed play song remember like tom sawyer xyz big money tree freewill closer heart num limelight spirit radio played num plus fan singing having great time swear half audience num writer rush far rush fan like concerned bunch jealous dunderhead like taste rancid sour cream mixed lemonade taco rush doe put_NEG on_NEG makeup_NEG wear spike lip sync wear lipstick trouble law band member brag long unmarried entertain dvd num num,positive,negative
interesting addition scandavian surrealistic collection recommended viewing like movie complicated interpretation ending andreas journey end hell dislike bland consumer-led emptiness purgatory sort progressing_NEG getting_NEG anywhere_NEG -_NEG even_NEG the_NEG city_NEG 's_NEG metro_NEG train_NEG do_NEG stop_NEG at_NEG the_NEG station_NEG metro like able travel freedom escape actually_NEG board_NEG those_NEG train_NEG unable reach fragrant sensory heaven wind continuing bus journey final destination old norse version hell hades hell_NEG the_NEG terrestrial_NEG city_NEG )_NEG is_NEG burning_NEG hot_NEG like_NEG the_NEG british_NEG version_NEG cold freezing land niflheim land cold mist appears andreas end having just failed access heaven tunnel,positive,negative
saw arty cinema showing day charlie chaplin film based quality feature decided immortel chance nearly walked movie like science-fiction story set futuristic new york city filled blade runner-style sky advertisement similar debate human unfortunately screenplay condensed_NEG enough_NEG for_NEG an_NEG hour-and-forty-five-minute_NEG movie_NEG group exist world human artificial human egyptian god artificial human upper hand control politics city human slave used eugenics organ donation egyptian god floating pyramid modeled great pyramid khufu complete deteriorated exterior leaving smooth cap pyramid a_NEG floating_NEG futuristic_NEG pyramid_NEG be_NEG in_NEG perfect_NEG condition_NEG pyramid rest city ground understands wo bore_NEG you_NEG with_NEG the_NEG so-called_NEG plot_NEG lot unnecessary gore gross-out scene film said look influenced blade runner fifth element matrix end film credit listed thank-yous united kingdom france italy film french us british actor speak_NEG french_NEG obvious french dialog dubbed distraction thought switching forth real human animation quite distracting doe help_NEG that_NEG the_NEG animation_NEG are_NEG poor_NEG --_NEG better_NEG than_NEG a_NEG video_NEG game_NEG skip,negative,positive
privilege seeing powerful play broadway kathy bates lead saw play num num emotional impact like play did really looked forward play movie disappointed learned kathy bates reprise_NEG her_NEG role_NEG in_NEG the_NEG film_NEG --_NEG she_NEG wa_NEG well_NEG known_NEG off_NEG broadway_NEG at_NEG the_NEG time_NEG and_NEG the_NEG producer_NEG must_NEG have_NEG wanted_NEG star_NEG power_NEG i_NEG suppose_NEG and_NEG cast_NEG sissy_NEG spacek_NEG instead_NEG sissy did adequate job lead role did measure_NEG up_NEG to_NEG kathy_NEG bates_NEG in_NEG any_NEG way_NEG love anne bancroft young role movie plot true play contemplates suicide watch movie realize devastation left,negative,positive
sure remake num film suspense action current film say breakdown running desperate hospitalized wife police concern chase good cornered rest stop end movie great cliffhanger better bullitt boring movie muscle car chase filmed badly vigo character knew escape johnny law movie effects-night vision cb radio-okay forgot movie guy num souped toy guy upset ending great ca tell_NEG if_NEG he_NEG fake_NEG his_NEG suicide_NEG or_NEG good did-he-make-it-or-not,positive,negative
crap hollywood indie churned finally movie delivers scary moment moment sure_NEG it_NEG 's_NEG possible_NEG nowadays_NEG to_NEG make_NEG an_NEG entirely_NEG original_NEG movie_NEG much_NEG new_NEG here_NEG ..._NEG it_NEG 's_NEG just_NEG done_NEG well_NEG make sure pay attention subtle scare come quickly a_NEG movie_NEG to_NEG watch_NEG while_NEG you_NEG 're_NEG eating_NEG pizza_NEG well-written red herring movie unfortunately poorly-cast role cheri christian just doe make_NEG an_NEG effective_NEG julie_NEG (_NEG the_NEG wife/mother_NEG )_NEG thing totally unsympathetic know know just gone traumatic experience viewer get_NEG to_NEG know_NEG her_NEG a_NEG she_NEG ``_NEG normally_NEG ''_NEG is_NEG and_NEG the_NEG relationship_NEG between_NEG her_NEG and_NEG her_NEG husband_NEG is_NEG rather_NEG discomforting_NEG (_NEG in_NEG an_NEG unintentional_NEG way_NEG )_NEG think director meant sympathy did_NEG finally thumbs-up ending disturbing satisfying easily cheapened sound effect beginning end credit director wisely resisted a_NEG masterpiece_NEG by_NEG any_NEG mean_NEG good old-fashioned scary movie rare nowadays,positive,negative
movie must-see movie congress truthful documentary point-of-view soldier america previous reviewer totally missed point -- point reveal truth teaching soldier kill people terrorist_NEG just live enemy territory doe soldier support troop bringing home immediately person killed injured reveals government doe help_NEG it_NEG veteran_NEG injured mentally ptsd- post-traumatic stress disorder physically lost limb julie robert streamwood il,positive,negative
person wrote glowing review misguided project related -- fact person defies rational thinking movie appealing connected_NEG to_NEG a_NEG very_NEG tightly_NEG woven_NEG inner_NEG circle_NEG want make movie -- tell story entertain draw vivid character sure artfully bowing commercial element designed mass appeal address_NEG element_NEG of_NEG artistic_NEG expression_NEG in_NEG a_NEG vacuum_NEG in_NEG which_NEG the_NEG audience_NEG is_NEG in_NEG a_NEG continual_NEG struggle_NEG to_NEG grasp_NEG at_NEG skimpy_NEG narrative_NEG thread_NEG moved dreamy psychological thread make concrete fabric easier buy,negative,positive
description mood movie considered spoiler - much_NEG action_NEG in_NEG fact_NEG )_NEG great_NEG one_NEG ..._NEG is_NEG it_NEG for_NEG my_NEG peculiar_NEG interest_NEG for_NEG the_NEG dystopia_NEG and_NEG utopia_NEG atmosphere movie magic yes sure utmost human film doubt_NEG extremely depends taste imagine people hate watch slow movie tsai ming liang did enjoy_NEG other_NEG time_NEG )_NEG are_NEG one_NEG of_NEG the_NEG slowest_NEG that_NEG i_NEG know_NEG )_NEG suffering movie yes people unable slow let time pas - watch feeling waste piece torture therapy topic surface lack communication - live rabbit cage - - really_NEG together_NEG people tired sick unable - just want_NEG to_NEG meet_NEG touch talk confront like disappeared big block flat look void rain falling constantly evokes strange melancholy inside abnormal unexpected unwanted decay hole floor concrete - allows reach possible way look survey_NEG the_NEG inner_NEG world_NEG of_NEG the_NEG character_NEG -_NEG consider_NEG the_NEG whole_NEG movie-space_NEG to_NEG be_NEG inside_NEG of_NEG yourself_NEG ask - depressive state mood come form place have_NEG a_NEG right_NEG to_NEG be_NEG here_NEG search answer need wall hall block - instead inside hardly transparent mind man key understand not-to-understand - let movie borrow - subject study - inside - end safely return colorful normal looking reality maybe reach - like - feeling real possible non-pathetic hope core human state mind help live world,positive,negative
shaggy friendly frustrating film old message want make world imaginative enough_NEG live place society mean living heterosexual rule govern drag queen comedy-drama australia upbeat journey male friend traveling outback pink bus christened priscilla a_NEG formula_NEG film_NEG per_NEG se_NEG obligatory road movie sequence bonding bonfire facing redneck writer-director stephan elliott follows potentially mean-spirited moment little humor sympathy puzzling gap narrative dire subplot gay man relationship ex-wife estranged pre-teen son comfortable -- child wise -- lifestyle act energy_NEG whatsoever_NEG wicked transvestite humor fairly game cast script watered way,negative,positive
planning_NEG on_NEG watching_NEG wasted_NEG when_NEG i_NEG saw_NEG the_NEG mtv_NEG preview_NEG but_NEG since_NEG i_NEG had_NEG nothing_NEG better_NEG to_NEG do_NEG or_NEG watch_NEG on_NEG a_NEG sunday_NEG night_NEG i_NEG watched_NEG it_NEG wasted requiem_NEG for_NEG a_NEG dream_NEG but_NEG it_NEG wa_NEG a_NEG very_NEG good_NEG movie_NEG considering_NEG it_NEG wa_NEG made_NEG by_NEG mtv_NEG thing drew watching summer pheonix sister late wonderful river pheonix stared suppose talent run pheonix family good jaquien niether river nick stahl give great preformance junky jock much_NEG else_NEG to_NEG say_NEG about_NEG wasted_NEG dark depressing insightful look life small town junky recomend like subject num num,positive,negative
flick sterling example state erotic b-movies bad porn movie hardcore sex plot so_NEG bad_NEG a_NEG these_NEG thing_NEG go_NEG involves female lawyer trying prove lover innocent killing wife rest movie leaf desired bad acting bad direction bad looking woman bad set bad cinematography bad sound bad sex scene filmmaker learn difference raunchy erotic even_NEG have_NEG the_NEG common_NEG sense_NEG to_NEG have_NEG gabriella_NEG hall_NEG naked_NEG or_NEG in_NEG a_NEG love_NEG scene_NEG dumb,positive,negative
num cult movie crazed lesbian sandra locke colleen camp appearing home wealthy socialite doctor george manning seymour cassel hope help locating residence ca seem_NEG to_NEG find_NEG plan mind george wife town end taking control residence tying george killing delivery boy destroying place evening bizarre disturbing movie just reward bizarre way movie end dislike right caught ludicrous movie num minute way consider cult classic larry dodson,negative,positive
installment notorious horror series presented snuff film discovered producer set like amateur camcorder tape complete digital timer frame present woman kidnapped gang black-clad men torture day finally killing hapless victim beaten savagely pelted raw meat having fingernail pulled plier hand smashed hammer eye punctured needle forth nauseating scene woman captor burn hot water drop live maggot burn series received great deal publicity american actor charlie sheen believing series contain actual murder attempted ban distribution united state fbi investigation revealed film appeared viewer -- sick re-creations using nasty obvious special effect gruesomely staged acclaimed japanese comic-book artist hideshi hino directed fourth episode film sure way clear tolerant room gorehounds probably wo find_NEG anything_NEG special_NEG,positive,negative
the_NEG most_NEG successful_NEG television_NEG project_NEG john_NEG cleese_NEG ever_NEG did_NEG strange case feel draft rushed production revision silly idea clever one story unfortunately doe add_NEG up_NEG to_NEG much_NEG arthur lowe hoot watson bionic bit good lord,positive,negative
just comment seven year apart hardly evidence film relentless pulling-power mentioned low-budget telemovie status num gantry row mitigating factor limited appeal having said thing without_NEG merit_NEG -_NEG either_NEG a_NEG entertainment_NEG or_NEG a_NEG a_NEG fright_NEG outing_NEG per_NEG se_NEG true plot basic re-working amityville horror - horror case intrigue gibney worthwhile impression played halifax -investigating couple seemingly unconnected murder house main suspect script better average production overall high standard just fails engage viewer particularly key moment having picked dvd mere num num week regular video store begrudge_NEG the_NEG expenditure_NEG num num acceptable price film just expect_NEG firework_NEG,positive,negative
just got watching version samhain like like rough cut version check message board apology director cut version num say r-rated trimmed edit completely new screwed ending christian really doe need_NEG to_NEG distant_NEG himself_NEG that_NEG much_NEG basic gore element stand highly trimmed damn shame potential goriest best gore film year porn star inbreds extreme gore partially seen just glad rough cut jewel gorehounds library christian viel definitely skill vision deliver good hopefully project better produced idiot near classic hand screwed everybody samhain controversial mishandled horror movie bad gorehounds did get_NEG to_NEG see_NEG what_NEG the_NEG director_NEG intended_NEG just know missed review based work print samhain movie run little num minute chapter_NEG stop_NEG absolutely music_NEG soundtrack_NEG scene audio_NEG on_NEG the_NEG dialog_NEG think meant looped later movie doe audio sound affect effect scene missing message appears cue insertion movie completed exactly say rough cut uncut version samhain likely reason gore extremely graphic nc- num allow yes porn star just killing add little sugar spice story pretty standard american tourist vacation ireland end staying home middle wood area heavy folklore involving ancient druid celebration samhain halloween spooky movie start huge dose gore camping couple attacked local inbred mutant great gore scene guy girl hanging cliff cry help see head arm shoulder hanging pull completely sliced extreme gore entrails blood severed limb place herschell gordon lewis territory folk effect look realistic going just skip story standard stalk kill plot gore scene behold boyfriend killing taken cave like location tcm- num stuff bound table geek cut limb camera cue insert scene torso barbecue pit turning slowly torso hard-on believe yes bad taste gross gruesome right word probably fit later jenna jameson beautiful body cut neck crotch entrails pulled graphic glee blood drain pot yummy real turn huh best gore scene happens inside house admit best gore scene seen guy doe matter_NEG who_NEG )_NEG is_NEG caught_NEG from_NEG behind_NEG from_NEG a_NEG geek_NEG cut open as hole geek put hand rip guy entrails intestine hell right asshole go forever guy screaming innards pulled laying bathroom floor extreme laughing hell obviously ever_NEG see_NEG this_NEG scene_NEG on_NEG a_NEG proper_NEG dvd_NEG imo really extreme gore scene think doubt movie released totally uncut presentation make rough cut rare jewel gorehounds yes little difficult soundtrack_NEG scene inserted credit missing name place make unique trade_NEG it_NEG for_NEG anything_NEG right_NEG now_NEG extreme gore yes yes extreme extreme gore make haute tension look like disney movie,positive,negative
running jumping standing film a_NEG film_NEG a_NEG such_NEG short series clip comical slapstick theme got richard lester recognised paved way direct beatles film hard day night richard lester directed wrote music film num film entitled running jumping standing film intended viewed aided production film intended viewed lester partner small money time invested sole purpose film entertainment main reason existence fact served experiment work camera film cost num make filmed sepia-toned film stock field couple sunday shot filmed included finished production finished production minute length running jumping standing film comedy english sunday small hobby people pas time event film place field comical event include woman scrubbing lawn man running tree stump needle play record photographer developing film pond artist aided painting number model face man building tent athlete running tent duel man knife man gun only_NEG doe_NEG the_NEG film_NEG poke_NEG fun_NEG at_NEG the_NEG hobby_NEG that_NEG people_NEG do_NEG to_NEG pas_NEG the_NEG time_NEG away_NEG poke fun english culture compared american culture event film includes group men kite constructed flag united kingdom men jump inside kite men attempt fly kite break according neil sinyard author film richard lester event symbolizes united kingdom lesser power technology compared united state space age according scene british fly primitive kite american world-power world war ii fly highly-advanced rocket space shuttle,negative,positive
say tromeo juliet like twisted troma machination movie absolute favorite troma flick seen penis monster cecsarian birth live rat popcorn lesbianism steamy sex scene plexiglas box incest nipple piercing dismemberment shameless troma plug computer masturbation wrong amazingly follows original story closely movie oh speaking shameless plug check jane jensen comic book whore cd interscope record awesome,positive,negative
got hooked apparently abc licensed pearl tv hong kong caught surprise break listening chinese started getting reeled cast story line just nyc thoughtful unbelievable think stereotypical write damien potential black man sheet disappointing aspect rest great sad learn imdb ca look_NEG forward_NEG to_NEG watching_NEG season_NEG num_NEG when_NEG i_NEG get_NEG back_NEG to_NEG the_NEG u_NEG just disappointed commentator showed promise quality taste just show character getting closer probably harder people watch start watching episode apparently bit late eager network,positive,negative
love frequently misnomered master horror series horror fan live constant lack nourishment project like similar greenlight project gave feast - like lump breeding ground wonderful thought bubble mind director horror bent develop bring maturation food love dine horror began kernel really-kool-idea ran right edge world going know_NEG how_NEG to_NEG spoil_NEG the_NEG spoiled_NEG but_NEG ``_NEG spoiler_NEG ahead_NEG ''_NEG all_NEG of_NEG a_NEG sudden_NEG ..._NEG light drifting night sky earlier long haired luminescent alien huh huh brain drilling male yeah worst curse storytelling - rousing promising set rewarding denouement cue storyteller build payoff exceeds build the_NEG other_NEG way_NEG around_NEG storytelling math num end spoiler - big oops,negative,positive
cult strike a_NEG spoiler_NEG real ending come research folk brought overly-long pseudo-scientific infomercial ramtha school enlightenment need hide oz-like screen deceit walk away thank ramtha watched borrowed copy movie recommendation friend wasted precious resource new-age lobotomizer tragic hope truly believe walk water guidance logical conclusion word walk drown shut - movie deserves strong num entertainment value especially creating dislikable character film history photographer roommate eeeeeek film borrow brainwashed folk recommended,negative,positive
fabulous book fox family doe fox stealing farm killing prey trio farmer decide fox try various way problem solved course foxed turn trio camped fox hole family perform raid farmer land film version use term film loosely god awful pastiche american heist movie particularly ocean movie george clooney mr fox add insult manage miss point story quite completely kudos make lot money destroy classic roald dahl child book,negative,positive
writer happened baby jane hush hush sweet charlotte tail-end sixty horror cycle eerie campy fun doe victor buono-type bit movie totters dangerously close bad musical particularly awful child recital halfway debbie tap tango trick harlow winter religious fanatic lesbian edge agnes moorehead check evangelist weaver - pay gigolo dance debbie,positive,negative
massive multiple chill spine surprised people did like_NEG it_NEG saw num morning got scared stiff seen hundred movie cry loud num mean ok voice acting particularly_NEG good_NEG probably b-movie-ish genuine look terror sound effect flow start hitting relentless unforgiving terrorising scene fails know coming coming coming boo jump chair grab pillow blanket closest friend watch_NEG it_NEG at_NEG night_NEG hat japanese,positive,negative
let start simple line viewer couple good director detail point view movie scene nice special effect good good scenery story way simple show elite army bomb squad unit life act dy show drama living war movie experience action movie addicted guy missed click get eye mind stuck screen thing need present movie order consider good ability immerse viewer movie reality time did happened_NEG to_NEG me_NEG stayed conscious entire movie honestly speaking think movie gained place fame based subconscious appeal american patriotism healthy genuine feeling the_NEG adequate_NEG use_NEG a_NEG a_NEG movie_NEG fame_NEG generator_NEG movie war grows popularity based simple thought world war ii movie changing time remained awarded sure great one elevate bar way high compared rival oscar think_NEG that_NEG all_NEG of_NEG the_NEG prize_NEG it_NEG won_NEG are_NEG correctly_NEG awarded_NEG,negative,positive
barbarian geisha john wayne play townsend harris real envoy united state responsible truly opening japan international relation late num commodore perry basically pushed japan gunboat forced treaty japanese num harris arrived just bit later worked detail helped ensure compliance -- japanese felt particular_NEG inclination_NEG to_NEG honor_NEG the_NEG first_NEG treaty_NEG true shown film according source romance harris japanese geisha fiction romance focus film title reaction time saw movie surprise john wayne diplomat diplomatic film say thank pummels people seeing playing man a_NEG man_NEG of_NEG action_NEG and_NEG is_NEG able_NEG to_NEG play_NEG the_NEG diplomatic_NEG game_NEG seemed_NEG very_NEG odd_NEG indeed_NEG fact ca think_NEG of_NEG too_NEG many_NEG actor_NEG in_NEG num_NEG who_NEG would_NEG have_NEG been_NEG more_NEG unusual_NEG for_NEG this_NEG role_NEG way seen photo harris wayne practically resemblance_NEG to_NEG him_NEG at_NEG all_NEG despite story taking lot liberty truth strange casting film watchable color cinematography nice film show nice insight japanese custom culture acting bad_NEG likable watchable film despite odd casting p -- read trivia film bit real life character supposed fight wayne director john huston wayne apparently knocked based read huston way got actor incident tend believe nice example john wayne diplomacy,positive,negative
terrible way begin consider funny fun amazing as fight crime funny funny people thing mouth put getting sexual service lady great say liked sure obvious sarcasm noticed people comparing num oz mouse squid billy try compare show actually decent character development conclusion hate assy mcgee twinge,negative,positive
gut beauty bit better predecessor gut virgin film really_NEG a_NEG sequel_NEG in_NEG the_NEG sense_NEG that_NEG it_NEG ha_NEG absolutely_NEG nothing_NEG to_NEG do_NEG with_NEG the_NEG first_NEG installment_NEG did beauty little stronger better all-the-way-around virgin really_NEG saying_NEG much_NEG beauty start pretty rough straight-faced exploit film couple yakuza cat holding young woman prisoner begin gang raping pretty brutal fashion nastiness going head guy tell girl did sister sold slavery africa gon na shoot drug rape get away end clinic nurse listens sob story rapee end freaking stress prior experience commits suicide clinic worker moved young lady story decides revenge gang seducing lower-level guy trying hypnotize make kill yakuza leader plan backfire vigilante-clinic-worker get exposed treatment original rapee got - worse pretty rough butt-rape ensues pre-requisite gang rape drugged drug strange effect seemingly hapless victim -- -- - turn raging hermaphroditic blood demon sh_NEG t really happens beauty really take pretty f cking insane kill scene - including classy chest-burst-rape look like cross alien bad porn favorite - head-engulfed-by-demon-vagina kill complete demon vagina-slime seen believed definitely promising stuff going gut beauty disjointed feeling beauty feel like different film forced non-compatible way film credit - rape scene rough misogynistic kill scene just totally wall solid num num crazy j-horror classic,positive,negative
flipping channel stop laugh came movie clearly teen early num s called mom hahaha turn channel kid totally look like dad kid um yeah turn movie dad friend loosely based dad childhood say watch movie just bizarre say apathy instilled teen good human showcase strange side psyche,positive,negative
like_NEG sean_NEG penn_NEG 's_NEG directing_NEG very_NEG much_NEG early work indian runner exception_NEG movie core_NEG colored kind redneck anti-authoritarian tweeness honesty taint penn work latest work earlier frank miller robert rodriguez clint eastwood sean penn lot produce fundamentally banal product ostensibly allegiance honesty ending glorified pro wrestling match moralistic hallmark card developed line hell angel greeting make long day deliverance fine movie viggo mortensen acting believable ridiculous eastern promise thing did cronenberg movie dead meaningless exercise series technique story kudos charles bronson prof act wanted sandy dennis character lousy num num indian runner crap,negative,positive
saw movie time unnerved believing movie munchie sully year come re-watch star war munchie responsible parent speaking parent let_NEG my_NEG (_NEG your_NEG )_NEG child_NEG ever_NEG partake_NEG of_NEG this_NEG video_NEG festival_NEG of_NEG the_NEG pseudo-occult_NEG insinuate munchie satanic co-viewer likely illicit chilled fiendish alien rodential wholly malevolent - like bogey man flesh invisible adult tempting child lifestyle afford_NEG (_NEG without_NEG the_NEG income_NEG made_NEG possible_NEG by_NEG year_NEG of_NEG self_NEG denial_NEG and_NEG prudent_NEG stewardship_NEG )_NEG peddler easy answer false ideal morally conscious viewer devil ron popeil pray mean literally figuratively emphasis movie made_NEG the_NEG format_NEG jump_NEG to_NEG dvd_NEG hope type film making died un-mourned death cold night num munchie love pizza forgot mention come lot,negative,positive
tough sell british playwright ronald harwood adapts autobiographical stage drama loud bellowing film wwii shakespearean theatrical troupe saddled aged blustery brilliant-but-unreliable star end tether actor effete assistant work diligently master coiffed costumed production king lear air raid men losing grip unraveling situation based waning year actor donald wolfit dresser ronald harwood acclaimed production welcome haven scenery-chewing thespian unfortunately albert finney point career at_NEG all_NEG elderly_NEG )_NEG seems_NEG too_NEG robust_NEG and_NEG quick-thinking_NEG to_NEG play_NEG the_NEG actor_NEG finney oscar-nominated director peter yates modulate_NEG sir_NEG 's_NEG mood_NEG and_NEG bout_NEG of_NEG coherency_NEG in_NEG a_NEG way_NEG that_NEG make_NEG sense_NEG to_NEG u_NEG scene stopping train commanding echo voice curiously falling apart wreck human midst failing health aptitude assume dedicated assistant great length protect bos future servant tom courtenay prod badger goad finney carry rest courtenay played stage nominated oscar alongside finney best actor far attuned role eventually bleating command confusion achieve real feeling film thankfully peck_NEG at_NEG each_NEG other_NEG 's_NEG head_NEG scenarist harwood careful to_NEG fall_NEG into_NEG a_NEG love-hate_NEG pattern_NEG (_NEG which_NEG could_NEG possibly_NEG be_NEG perceived_NEG in_NEG the_NEG film_NEG 's_NEG first_NEG act_NEG )_NEG juxtaposition servant celebrity behold portrait deterioration narcissism hint num num,negative,positive
think_NEG any_NEG movie_NEG of_NEG van_NEG damme_NEG 's_NEG will_NEG ever_NEG beat_NEG universal_NEG soldier_NEG but_NEG u_NEG know_NEG movie good a_NEG good_NEG a_NEG num_NEG st._NEG vd_NEG return_NEG a_NEG luc_NEG &_NEG must_NEG do_NEG battle_NEG again_NEG try num b funny maybe worth smirk chuckle vd kid time ally good showed pic num goldberg cool doe famous move-forgot called cause watch_NEG wrestling-sucks_NEG vd goldberg good fight ending like num st just that_NEG good_NEG vd doe best career like always-the helicopter kick final ending longer worth seeing top_NEG the_NEG original_NEG,negative,positive
wonderful television mini-series completely ruined num -year old woman trying desperately pas num -year old ingenue exaggeration_NEG -_NEG that_NEG 's_NEG the_NEG actual_NEG age_NEG of_NEG the_NEG character_NEG played_NEG by_NEG ali_NEG macgraw_NEG when_NEG the_NEG film_NEG open_NEG just_NEG prior_NEG to_NEG the_NEG surprise_NEG attack_NEG at_NEG pearl_NEG harbor_NEG tv mini-series really classic example title post refer topic come make completely unwatchable despite fact best filmed wwii drama tv produced stomach - decent fast-forward ability - able enjoy late robert mitchum strong performance stunned comment referring love story pun intended did watch film eye closed aging boomer cease_NEG to_NEG amaze_NEG me_NEG with_NEG their_NEG ``_NEG selective_NEG memory_NEG ''_NEG and_NEG ``_NEG selective_NEG vision_NEG ''_NEG boomer think_NEG for_NEG a_NEG second_NEG i_NEG 'm_NEG some_NEG hubristic_NEG young_NEG punk_NEG num look num used deal age gracefully damnit wind war good talking mini-series today num year later actual ingenue cast important critical role right constant haggard old biddy distraction cancel wonderful aspect wind war,negative,positive
photography accomplished acting quite good virtually department greek tycoon dreary bore taking inspiration real-life love affair jackie kennedy aristotle onassis film glossy absolutely soap opera kind tv day long viewer embrace celebrity magazine culture paparazzo photograph gossipy story rich famous undoubtedly whet appetite prefer film bit substance craft quirkiness num minute running time butt-numbing slog american president james cassidy james franciscus beautiful wife liz jacqueline bisset greece official business ridiculously wealthy greek shipping tycoon theo tomasis anthony quinn catch sight liz party elegant manor despite fact married immediate attraction later private party aboard yacht tomasis make desire known liz later president cassidy assassinated whilst strolling beach liz shocked saddened death long_NEG before_NEG she_NEG seek_NEG comfort_NEG in_NEG the_NEG arm_NEG of_NEG her_NEG greek_NEG lover_NEG tomasis_NEG eventually married love affair favourite talking point world newspaper magazine photographer wag somewhat amusing note vigour producer film denied dramatisation kennedy-onassis story wanted film seen original story rooted fiction brain movie drawing inspiration aristotle onassis knew greek tycoon amounted love-life getting hollywood treatment rumour believed actually hand approving anthony quinn tomasis role lee-thompson really_NEG the_NEG right_NEG sort_NEG of_NEG director_NEG for_NEG this_NEG type_NEG of_NEG movie_NEG _NEG he_NEG 's_NEG better_NEG suited_NEG to_NEG action_NEG fodder_NEG like_NEG the_NEG gun_NEG of_NEG navarone_NEG and_NEG ice_NEG cold_NEG in_NEG alex_NEG _NEG but_NEG he_NEG marshal_NEG the_NEG proceeding_NEG with_NEG an_NEG uninspired_NEG professional adequacy quinn watchable tomasis bisset look lovely object desire franciscus us toothy smile integrity make believable politician performance good surface little actor deeper level similarly tony richmond photography give film elegant surface sheen move exotic locale merest scratch prof film glossy exterior,negative,positive
hardware war rip star war planning doing parody need just bit better that_NEG there_NEG is_NEG anything_NEG wrong_NEG se hardware war spoof at_NEG all_NEG,negative,positive
core meet crack world num tv acting stock suspense predictable subtract plot ripped core - basically manned drilling machine - end plot crack world crack truly excellent movie starring dana andrew team scientist working south africa drilled crust punched nuclear device order provide steady source geothermic energy subordinate brilliant scientist disagrees belief blast drill_NEG a_NEG simple_NEG hole_NEG instead form crack crust possible spoiler right order stop resultant crack destroying earth place nuclear device path crack placed spoiler warning know_NEG if_NEG i_NEG really_NEG spoiled_NEG anything_NEG for_NEG either_NEG movie_NEG crack world available rare vhs format decision to_NEG reveal_NEG whether_NEG or_NEG the_NEG counter-blast_NEG work_NEG is_NEG probably_NEG academic_NEG rate descent just average,negative,positive
sasquatch hunter actually a_NEG bad_NEG a_NEG i_NEG thought_NEG spoiler traveling wood park ranger charles landon kevin roger gordon matt latimore brian stratton david zelina spencer comb rick holland sister janet stacey branscombe escort helen gilbert amy shelton-white bos ethan edward gary sturm assistant louise keaton juliana dever site reputed bone area make camp team discovers giant burial ground strange bone littering area member group start disappear start wander wood safety discovered sasquatch killing team band survive good news a_NEG bad_NEG a_NEG i_NEG thought_NEG it_NEG would_NEG be_NEG movie really start pick steam half-way point creature attack masterful series scene group subjected attack creature suspense entire play-out extremely high wooded area appropriately milked part heightening tension wondering single person wandering forest comeuppance spread quite liberally movie effective use off-screen growl roar truly unworldly really add make creepy time growling shriek heard quite effective work quite nice later film pick pace go pretty high note action scene especially feel point special scene viewing man running forest creature spot expedition gone looking raising hand holler help second go announce presence attacked killed quite hastily caught surprise actually gave little jump viewing bad news couple thing complain usual complaint creature rendered horrible cgi look totally ridiculous destroys credibility air menace conjured opening film shot window creature appears screen distracting shame little work put_NEG into_NEG it_NEG complained lot really away doe look_NEG that_NEG realistic_NEG and_NEG is_NEG quite_NEG fake_NEG big off-screen kill film person grabbed yanked away finding bloody body afterward quite aggravating kill look nice juicy afterward really_NEG have_NEG much_NEG of_NEG a_NEG problem_NEG with_NEG this_NEG one_NEG usually critiqued did really_NEG bother_NEG me_NEG called stuff final verdict kinda liked the_NEG best_NEG sasquatch_NEG movie_NEG ever_NEG supposed_NEG to_NEG be_NEG taken_NEG seriously_NEG viewed way actually quoit enjoyable fan film look like sci-fi creature feature nice thing rated r graphic language violence graphic carcass,positive,negative
let freedom ring probably best intention sends curious mixed message final product folk western town railroad coming overwhelmed arrival immigrant railroad worker working railroad financed robber baron edward arnold rancher farmer land stand railroad path folk dealt summarily arnold hired men man wo give_NEG in_NEG is_NEG lionel_NEG barrymore_NEG whose_NEG son_NEG is_NEG coming_NEG home_NEG from_NEG harvard_NEG a_NEG lawyer_NEG and_NEG ready_NEG to_NEG take_NEG up_NEG the_NEG rancher_NEG 's_NEG cause_NEG nelson eddy decides best way fight zorro bad guy charles butterworth one_NEG know_NEG he_NEG 's_NEG the_NEG wasp_NEG (_NEG a_NEG very_NEG interesting_NEG choice_NEG of_NEG name_NEG by_NEG the_NEG way_NEG )_NEG arnold used tried true method political boss east getting immigrant vote nelson idea simple immigrant knew truth bad guy arnold vote original settler knock alien urban political machine midst kidnaps newspaper editor raymond walburn take press mountain cave subversive newspaper printed distributed railroad worker real mixed bunch immigrant the_NEG irish_NEG working_NEG west_NEG or_NEG the_NEG chinese_NEG working_NEG east_NEG a_NEG history_NEG ha_NEG it_NEG real united nation working arnold railroad worker kept line foreman victor mclaglen nelson unenviable task beating sense like john wayne did quiet man film starred jeanette nelson certainly come history duo worst did mgm nelson hanged barrymore crime undefined best certainly worth hung virginia bruce play nelson girlfriend save day rendition country ti thee immigrant join face revolt paid immigrant voter arnold quite rationally pack leaf town build railroad kid ending just message vote settler lose job arnold wonder time num year incident film place town settled sleepy backwater west town railroad come city good citizen town rethought_NEG about_NEG what_NEG nelson_NEG eddy_NEG did_NEG did probably running rail nelson course good voice variety concert popular piece sing including ballad immigrant written sigmund romberg song heartfelt tribute immigrant did make good adopted country bad did have_NEG a_NEG better_NEG venue_NEG platinum blonde virginia bruce sure dubbed sure jeanette macdonald just happy accompanying_NEG nelson_NEG on_NEG this_NEG trip_NEG west_NEG,negative,positive
enjoyed said bought movie dvd enjoyed couple time old fashioned prefer movie like garbage like die hard num hold box office critical acclaim just old guy saving america van damme move guy age num think delivering kick reminds kickboxer like old school action explosion movie watch van damme best work van damme steven seagal movie released theatrically live miss_NEG a_NEG chance_NEG to_NEG watch_NEG our_NEG old_NEG school_NEG action_NEG star_NEG on_NEG the_NEG big_NEG screen_NEG,positive,negative
read comment labeled film trash waste time think person got political undies tugged bit just rented new criterion dvd yellow blue film -- hardly great -- historical so-called radical student political-social movement late num seen_NEG either_NEG picture_NEG and_NEG from_NEG their_NEG notorious_NEG reputation_NEG expecting real porn any_NEG frontal nudity including verboten frontal male nudity automatic nc- num -- orwellian-x expecting_NEG the_NEG film_NEG in-your-face_NEG democratic_NEG socialist_NEG message_NEG tends simplistic thought occassionally point film occassionally laughing loud director commentary clear plenty parody film especially supposedly pornographic sex scene scene realistic lead couple clumsy inept funny endearing copulation scene second -- caused complaint -- faked cunnilingus fellatio end angry fight believable extra include informative introduction film interview original american distributor attorney excerpt trial testimony diary commentary director scene film blue nose let_NEG alone_NEG and_NEG led_NEG to_NEG the_NEG pivotal_NEG ``_NEG prurient_NEG interest_NEG with_NEG social_NEG redeeming_NEG value_NEG ''_NEG standard_NEG that_NEG thankfully stand quirk history,positive,negative
disappointed recent num american remake english mini-series followed plot line closely leave heart soul original to_NEG mention_NEG adding_NEG shallow_NEG preachy_NEG heavy-handed_NEG 'messages_NEG '_NEG ..._NEG so_NEG my_NEG advice_NEG is_NEG to_NEG skip_NEG the_NEG modern_NEG remake_NEG and_NEG stick_NEG with_NEG the_NEG original_NEG longer gripping totally interesting complex textured preachy self-righteousness beautifully shot galling heartless remake great overseas film hollywood fanfare oscar did like benicio del torro getting deserved praise,positive,negative
florence chadwick actually far accomplished swimmer course swam english channel direction swam catalina island california coast marilyn bell sweet story usual glorification canadian face superior world sample inferiority complex political work pretty health allows people to_NEG die_NEG in_NEG hospital_NEG lobby_NEG pretty good better lebanon hockey curling notion calling sport inclusion olympics ah digress,negative,positive
william hart jim treen eligible bachelor canyon city finally getting hitched pretty blonde waitress leona hutton molly stewart doe know_NEG it_NEG hart secretly western town wanted bandit hart planning straight marriage plan unfortunately hutton discovers hart secret stash whilst cleaning untidy cabin call wedding hutton succumbs charm mining swindler frank borzage sloane carey serviceable entertainment superstar hart ranked less_NEG than_NEG #_NEG num_NEG at_NEG the_NEG box_NEG office_NEG quigley publication year num num ahead mary pickford principle perform capably later frank borzage quite director leona hutton suicide knight trail num num num william hart william hart leona hutton frank borzage,negative,positive
lot user comment seen imdb movie really_NEG do_NEG it_NEG justice_NEG let just say movie to_NEG be_NEG taken_NEG seriously_NEG supposed fun stupid movie doe require_NEG one_NEG to_NEG think_NEG enjoy watch movie intent masterpiece filmmaking humour sorely disappointed want just watch goofy movie talented good catch-phrases enjoy,positive,negative
movie joan crawford clark gable make crawford star young rich girl father wiped stock market crash left brother worked_NEG before_NEG and_NEG the_NEG brother_NEG william bakewell get job gable gangster bakewell think easy job get head pretty quick crawford reporter newspaper want work big story given worthless stuff work massacre gable men killed crawford witness thing good movie one_NEG of_NEG their_NEG best_NEG,positive,negative
think just like lizzie mcguire lot worse original thing different like animal science geeky stuff like guy nervous ask later find guy doe like clue_NEG think people need quit making kind show thing thaw friend girl guy people_NEG think_NEG that_NEG these_NEG thing_NEG get_NEG old_NEG and_NEG tired_NEG and_NEG these_NEG idea_NEG keep_NEG being_NEG used_NEG over_NEG and_NEG over_NEG and_NEG yet_NEG they_NEG keep_NEG using_NEG these_NEG idea_NEG know people watch know like,negative,positive
pretty simplistic romance girl find boy girl love boy girl loses boy girl find boy colleen moore outstanding ingredient recipe delivering wonderfully varied performance deserving oscar nom equally fine aerial combat special effect moore play french girl mother turned field british aerial squadron wwi daughter regiment loved little sister mix come fill-in downed flyer gary cooper hate love entire squadron sent suicide mission cooper return crash village red cross unit remove moore search told hospital dead wanders street call hospital window reunited nice little romance hardly recommended fan moore cooper,negative,positive
damp telling american revolution farmer dobb al pacino son arrive new york harbor immediately conscripted street urchin annie lennox annie lennox contribute war effort getting chopped bit chain-link fired british cannon tom son promptly chastised continental army sympathizer nastassja kinski standing ground following kodak moment series digressive chapter place including tom participation carry model poor old georgie washington stuffed effigy running lace handkerchief-wielding english captain manning redwood having barbecue group iroquois indian plan best way sneak fighting al ingrate kid kick crap british officer donald sutherland butt director hugh hudson present unique style film-making atmosphere proverbial london fog scriptwriter painting redcoat evil monster reveals hollywood patented hatred british steven berkoff appears enlisted american soldier,negative,positive
motion picture likelihood year num released num surmise talking motion picture great difficulty making transition silent era particular zane grey plot appears weak gary cooper probably just learning act result be_NEG acceptable_NEG by_NEG today_NEG 's_NEG standard_NEG num maybe num acceptable_NEG actor performed sadly indian short end early western living land long white man came according twisted history right_NEG to_NEG defend_NEG themselves_NEG,negative,positive
center unironic notion coming grip guilt merrill berates distraught boy stop rennie death old-style real men action crashing model plane car crash impressive big screen storytelling despite flashback sequence play straight -- narrator trusted regardless dialogue game_NEG with_NEG the_NEG viewer_NEG about_NEG narrative_NEG structure_NEG rough template future retellings fearless left individual performance level best wynn bantering virtual one-man,negative,positive
nicodemus copy red odd behavior sense episode focus people clark kent unpredictable life poisonous flower find way smallville jonathan kent effected flower cause people reverse behavior effect jonathan short tempered violent clark manages stop doing rash father finally pass okay far good lana episode good point flower cause attempt seducing clark moment refuse damage episode cause wrong impression suitable_NEG for_NEG people_NEG under_NEG the_NEG age_NEG of_NEG twenty_NEG adult content good focusing effect flower pete good middle lana alternate personality defiantly ruined brilliant episode episode,negative,positive
love american pie num num num great just seann william scott performance stifler quality dropped band camp kept standard reasonably high character actually cared naked mile joke plot- line recycled erik stifler sex problem like jim amusing moment like football game midget coozeman lacked originality just stupid moronic to_NEG mention_NEG the_NEG irritating_NEG girlfriend_NEG who_NEG doe_NEG want_NEG to_NEG have_NEG sex_NEG naked mile watched beta house apprehension thought series new low pleasantly surprised honest real_NEG plot_NEG but_NEG it_NEG 's_NEG filled_NEG with_NEG hot_NEG girl_NEG (_NEG ashley_NEG is_NEG incredible_NEG )_NEG and_NEG sex_NEG joke_NEG aplenty_NEG yes formulaic joke old dwight stifler steve talley raise bar exuberant performance greek olympiad entertaining especially penultimate final event christopher mcdonald cameo hilarious weak point coozeman irritating baffled got coozeman bad erik stifler worse john white naked mile pain watch beta house take performance new low foremost lack charisma stifler prerequisite really ca care_NEG less_NEG about_NEG him_NEG reason bothered relationship ashley screen shine doe rest cast seriously john white ultimate bad acting charisma dead fish saying film doe entertain coozeman fear girl exactly_NEG a_NEG girl_NEG is_NEG brilliantly_NEG funny_NEG overall film worth renting mate laugh vomit-fest event vent anger erik stifler,positive,negative
pleasant surprise expected downgrade line rock num -- air num -- armaggeddon num especially overhyped film reason approved new type bruckheimer fare clever dialogue instead snappy one-liners decent instead shake-n-bake stereotype chase came really thirsted fanboys expecting armageddon rollercoaster stay away intelligent action fan did even_NEG bother_NEG me_NEG jolie_NEG appeared_NEG so_NEG little_NEG,positive,negative
num th grader high school current world affair class kid class video suggested watch did firm believer went moon father work nasa think movie biggest piece crap watched guy created ball did jfk getting shot dare use biblical quote good thing movie spark debate good class weekly debate movie did change mind think michael moore working make movie michael moore movie called funny thing happened spetember num th funny thing happened way white house,negative,positive
saw movie day ago hell like movie brian funny enjoyable saw title genre thought great really good parody slasher gore movie read preview thought right good ..._NEG my_NEG opinion_NEG like movie look little bit like documentary little bit comedy try moore movie alien autopsy really comedy title comment_NEG ..._NEG really_NEG bad_NEG joke_NEG,negative,positive
strange disturbing intriguing film think_NEG i_NEG ever_NEG needed_NEG to_NEG see_NEG what_NEG a_NEG human_NEG being_NEG can_NEG do_NEG with_NEG his_NEG butt_NEG doubt want said amused like divine jayne mansfield classic walk girl ca help_NEG it_NEG ''_NEG and_NEG putting_NEG slab_NEG of_NEG meat_NEG between_NEG her_NEG leg_NEG in_NEG a_NEG grocery_NEG store_NEG gritty feel like rus meyer film generally poor acting notable exception divine,positive,negative
film doe have_NEG a_NEG very_NEG clear_NEG picture_NEG of_NEG what_NEG it_NEG is_NEG or_NEG want_NEG to_NEG be_NEG good bit stewart screen line work work best early romantic comedy story keep heading dramatic territory get lost process minute plot twist just series dramatic airplane feel like leftover footage film spliced main reason think watch want able say seen jimmy stewart film,negative,positive
less-than-subtle poke belief teaching catholic church given darker shade death near end dark humour play medium commonly heard rhetoric question asked especially god good doe allow evil exist world diane keaton excellent role exaggerated version disagree stereotyped religious teacher spout company line condemns half world burn hell celebrate school num th anniversary invite student return perform christmas pageant quartet update play parody sister mary fallacious teaching nun pushed edge sending story spiralling chain unhappy event ending finally leaf audience sick feeling heart recommended_NEG watch play instead,negative,positive
great cgi effect truly oscar-worthy performance gary sinise dan tom hank one-trick pony movie got best actor oscar year morgan freeman crime movie pandering treacly love letter baby boom generation barely concealed right-wing prejudice beginning forrest service vietnam way resolution jenny end said hugely entertaining american movie certain part film exceedingly offensive zemeckis dumbs movie level gump point trying make watch film ask robert zemeckis saying make good american forrest right choice right place right time num year wrong according director vision pay heavy price zemeckis saying idiocy disguised innocence naivety patriotic american quality,negative,positive
huge fan come doctor series disappointed began watch new series child age num better age num probably enjoy best possibly new fan seen_NEG any_NEG of_NEG the_NEG original_NEG series_NEG far fan original series series missing charm original series great took david tennant appreciate better christoper eccellestion doctor num st season recommend series people seen_NEG much_NEG of_NEG the_NEG original_NEG series_NEG people num extremely die hard fan just laugh mumble curse word russel davy screwed favorite tv show,negative,positive
remember watching prime time num year old huge comic book reader time relating superheroes anticipated heavily end result underwhelming aware emma peel diana prince story recently come end diana returned amazonian form little action bored movie final costume interesting idea looked like cheerleader superhero saw movie late teen year improved_NEG much_NEG cathy lee crosby familiar thanks incredible acting better_NEG script good idea like rogue amazon decent villain ricardo montalban just did come_NEG together_NEG and_NEG wa_NEG still_NEG boring_NEG think built story better built epic climax like bland spy film crossed superhero story written seen_NEG a_NEG comic_NEG book_NEG amazon element intriguing needed expanded film did succeed forcing producer drawing board come faithful bit camp low budget budget pretty low superheroes come_NEG cheap_NEG nice movie available dvd comparison historical document superman num available film chris reeve gene hackman worth seeing curiosity sake bit inspiration caution future version,negative,positive
fully amped film waiting year cleared new zealand have_NEG built_NEG myself_NEG up_NEG so_NEG much_NEG because_NEG it_NEG wa_NEG so_NEG disappointing_NEG and_NEG is_NEG without_NEG a_NEG doubt_NEG clark_NEG 's_NEG worst_NEG film_NEG there_NEG is_NEG so_NEG much_NEG wrong_NEG with_NEG this_NEG film_NEG acting great particular nick stahl bully girl curly brown hair ca recall_NEG her_NEG name_NEG )_NEG touch incredibly unbelievable especially leo fitzpatrick veteran clark film brilliant invests line solemnity turn scene parody virtually screenplay felt like written year film student sorry_NEG high school student seen_NEG a_NEG movie_NEG before_NEG fathom_NEG clark_NEG 's_NEG intention_NEG trying point meaningless kid existence sure hell did stop_NEG him_NEG getting_NEG in_NEG a_NEG damn_NEG good_NEG perv_NEG prude_NEG but_NEG i_NEG did_NEG need_NEG to_NEG see_NEG teenage_NEG breast_NEG and_NEG buttock_NEG every_NEG num_NEG minute_NEG maintain clark best film day paradise fantastic think_NEG he_NEG 'll_NEG ever_NEG top_NEG it_NEG,negative,positive
gingko bed strange movie convoluted lot idea lacked ability bring coherent story instead various plotlines diverges separate little movie oh sure eventually meet end superfluous note girlfriend trouble hospital interesting spirit physicality_NEG ''_NEG element_NEG lead problem people ghost character physicality_NEG (_NEG i.e_NEG corporeal_NEG form_NEG )_NEG and_NEG they_NEG can_NEG phase_NEG through_NEG wall_NEG and_NEG what_NEG exactly falling floor float ceiling matter gingko bed highly touted new breed south korean film plenty special effect movie hollow faux melodrama touch easy touch begin num num detailed review movie review foreign film,negative,positive
think deal movie num minute really really funny moment make good trailer lot people came expectation trailer time movie doe live_NEG up_NEG to_NEG the_NEG trailer_NEG little sluggish drag little slowly exciting premise think seeing comment people having relationship movie look movie what_NEG it_NEG could_NEG have_NEG been_NEG considering_NEG the_NEG talent_NEG of_NEG the_NEG cast_NEG think pretty good julia stile clearly star giddy carefree set conformity just glow audience fall love lee rest cast course lee testosterone-filled coworkers elegant mother-in-law fratlike friend jim bride-to-be excellent job fitting stereotype conformity boringness make stile stand place lee doe live_NEG up_NEG to_NEG his_NEG costars_NEG think_NEG view hard live maybe source disappointment movie despite bit slowness joke come_NEG off_NEG a_NEG funny_NEG a_NEG the_NEG writer_NEG 's_NEG intended_NEG pretty funny intelligent film theme conformity taking safe route cleverly align layer example motif imagine scenario act_NEG on_NEG them_NEG until_NEG the_NEG last_NEG scene_NEG listening radio program highway talking conforms just selma blair julia stile character said did echoed theme person safe choice risky choice good thing movie kind screwball comedy jason lee lying way movie dumb luck example pharmacy guy turning good chef cleverness get away a_NEG funny_NEG a_NEG i_NEG expected_NEG and_NEG there_NEG wa_NEG a_NEG little_NEG bit_NEG of_NEG squandered_NEG talent_NEG overall good movie,positive,negative
huge hit release australian audience funny today over-the-top political incorrectness blunt unsubtle humour make bit cringer go far long content saved sequel barry mckenzie hold desperately needed new stuff granted ocker aussie attitude funny annoying film drag say crocker song best bit certainly original hilarious adventure barry mckenzie landmark australian cinema power make sure overseas audience see_NEG the_NEG majority_NEG of_NEG australian_NEG a_NEG barry_NEG mckenzies_NEG (_NEG or_NEG matter mick dundees rating num num,negative,positive
happy to_NEG live_NEG in_NEG an_NEG american_NEG small_NEG town_NEG shown small town state populated kind monster flesh hungry zombie evil alien sinister ghost harmless movie doctor just time accidental killing wife car crash directs step nearest small town - in_NEG his_NEG life_NEG seen_NEG a_NEG flick_NEG about_NEG any_NEG small_NEG town_NEG -_NEG which_NEG happens_NEG to_NEG be_NEG the_NEG purgatory_NEG flat_NEG course soon arrives hell break loose meet blond chick creature resembles cow facial expression brain functioning fall love tiny handicap married small-time drug dealer minute get shot pitifully dead_NEG know come watch movie just tell slightly reminiscent u turn oliver stone way artistic property,positive,negative
just need people like high school university man woman people objectifying congratulating doing exactly opposite intelligent thinking just disgusting doing exactly men sit chair watch guy try pick woman sex end win great just f-n great supposed accept douche bag judge people game term game got moronic thing come modern english term bling bling added fact men called expert just make want throw whats left respect modern culture god_NEG damn_NEG role_NEG model_NEG result mtv culture coming bite as enjoy bullshit spilling side monstrosity probably think paris hilton britany spear talent true_NEG and_NEG you_NEG should_NEG be_NEG ashamed_NEG of_NEG yourself_NEG for_NEG thinking_NEG so_NEG people say like better got laid just jealous screw obvious real girl certainly wo,negative,positive
movie horrible- bad good kind way storyline rehashed film kind going_NEG to_NEG even_NEG bother_NEG describing_NEG it_NEG picture kid hoping realize important world nomadic adventurer evil princess hairy creature point time caught movie harsh winter know_NEG why_NEG i_NEG decided_NEG to_NEG continue_NEG watching_NEG it_NEG for_NEG an_NEG extra_NEG five_NEG minute_NEG before_NEG turning_NEG the_NEG channel_NEG caught site gulfax decided stay watch end gulfax white furry creature akin chewbacca nearly_NEG a_NEG useful_NEG or_NEG entertaining_NEG to_NEG watch_NEG look like glued bunch white shag carpeting forced actor wear scene look like actor move_NEG within_NEG falling in_NEG the_NEG movie_NEG that_NEG much_NEG scene worth watch attempt talk smack bo svenson taking solo-chewbacca comparison higher level actually bought movie just character gulfax look like sh t movie reason seen_NEG the_NEG sequel_NEG sought absence final film completing trilogy gulfax make much-anticipated return,positive,negative
noticed movie getting trashed hit theater did have_NEG high_NEG hope_NEG for_NEG it_NEG figured got served type movie nice dance move horrid acting theater deciding meet spartan picked surprise acting bad_NEG at_NEG all_NEG and_NEG the_NEG movie_NEG wa_NEG actually_NEG pretty_NEG good_NEG fact lower rating got served absolutely ridiculous instead listening garbage posted recommend going showing movie spend_NEG too_NEG much_NEG think pleasantly surprised wrong come dance movie certainly better one far superior acting one movie judge hopefully rating rise come dvd people check movie instead judging based comment movie released edit movie moving closer correct rating num people given rating num bit high helping offset ridiculous vote num,positive,negative
scooby doo monster mexico doubt_NEG the_NEG weakest_NEG of_NEG the_NEG modern_NEG scooby_NEG doo_NEG animated_NEG feature_NEG loch ness monster considerable improvement time gang head scotland highland game visit blake castle daphne ancestral home you_NEG know_NEG castle happens fishing village drumnadrochit shore loch ness stay meet interesting folk fiona pembrooke scientist drowned money finding loch ness monster sir ian locksley bos national heritage museum scotland staunch non-believer nessie haggarts cozy inn shore loch son couple local joker mischief del chilman wild paranoid hippie dude convinced monster stop finally duncan macgubbin dock master seen nessie time count character stereotype get bit annoying teaching younger audience load crap giving wrong impression immune alright scotland ca help_NEG but_NEG wince_NEG at_NEG the_NEG awfully_NEG mimicked_NEG scottish_NEG accent_NEG fact sound_NEG like_NEG that_NEG soon nessie looking demonic show cause havoc look like gang mystery hand usual chase scene clue shaggy wacky disguise follow plenty laugh animation splendid atmospheric scene location plot lot better monster mexico bad thing time music miss louis febre scoring song pretty rotten hex girl need region num dvd crystal clear num num num anamorphic widescreen region num ai )_NEG with_NEG dolby_NEG num_NEG num sound okay extra included definitely worth getting,positive,negative
just lovely long climax_NEG wait_NEG for_NEG anything_NEG to_NEG happen_NEG great rainy day man mid life crisis take family secluded area greek isle saw teen love num year later unable video store molly ringwald cute average teenager basically want home kind settle place phone_NEG tv_NEG boredom hit quietness like human condition bored reflect character doe susan sarandon play beautiful woman want sexually involved john cassavetes character unable know gina rowlands wife love just marriage demanding frustrating character movie greek talk molly ringwald inappropriately sex thing curious irritating horny did like_NEG this_NEG character_NEG locale film make film good work_NEG if_NEG filmed_NEG anywhere_NEG else_NEG recommend film num scale num num,positive,negative
executive successful professional life unable familiar life meet boy syndrome escaped residence character feel apparently intelligent executive beauty small thing life argument amelie-like atmosphere sentimental music did expect_NEG but_NEG a_NEG moralistic_NEG disgusting_NEG movie_NEG interesting scene boy quite violent guy interpretation actor daniel auteil pasqal duquenne good decided watching movie french cinema general ability showing quite life opposed stereotyped american cinema disappointing absurd ending impossible death boy charming tone happiness executive family cheap moral unbearable laughter daughter guy waving heaven michael landon really nasty humble opinion,negative,positive
theo robertson commented waw did adequately_NEG cover_NEG the_NEG condition_NEG after_NEG wwi_NEG which_NEG lead_NEG to_NEG hitler_NEG 's_NEG rise_NEG and_NEG wwii_NEG missed quarter hour volume num cover period earlier volume series show clearly existing condition feel friend grew germany period joined hitler youth experience similar mentioned waw documentary far history channel documentary comparison_NEG fault small waw number included_NEG time instance talking lend-lease war material russia britian merchant ship did u-boats sink ship did german japanese navy total num type troop troop did ally total country lot number lot viewer nod preferred naturally want military analysis like did patton_NEG &_NEG clark_NEG trap_NEG the_NEG german_NEG army_NEG that_NEG wa_NEG at_NEG cassini_NEG surrounded instead racing monty rome letting escape think_NEG you_NEG can_NEG begin_NEG to_NEG understand_NEG war_NEG until_NEG you_NEG 've_NEG seen_NEG some_NEG of_NEG these_NEG video_NEG segment_NEG on_NEG ``_NEG total_NEG war_NEG ''_NEG like bombing dresden like trying understand auschwitz clip death camp just ca wrap_NEG your_NEG head_NEG around_NEG it_NEG -_NEG it_NEG 's_NEG too_NEG unbelievable_NEG unknown time course unfilmed egregious cruelty inhumanity japanese including cannibalism read flyboys live vivisection medical experimentation prisoner anesthetic dave,positive,negative
dario argento filmmaker slowly getting following iconoclastic effort deep red suspiria a_NEG filmmaker_NEG to_NEG always_NEG care_NEG directly_NEG about_NEG silly_NEG thing_NEG like_NEG ``_NEG plot_NEG ''_NEG minor apparent liability wo let_NEG a_NEG little_NEG thing_NEG like_NEG common_NEG sense_NEG screw_NEG up_NEG his_NEG plan_NEG for_NEG his_NEG elaborate_NEG killing_NEG sequence_NEG killer s kind elaborate set-up invisible revealing past point pov tracking shot said psychopathic killer thrilling filmmaker chance like pure italian aesthetic making way soul hitchcockian warp fact note recently seen scorsese short film took page un-filmed hitchcock film took place opera argento beat year probably knowledge_NEG of_NEG the_NEG text_NEG )_NEG unabashedly num s cd player heavy metal hair oh absurdity make palatable swallow story simple opera macbeth produced high-stylized pyrotechnic trained raven talented up-and-coming star replaced minute betty played marsillach murder occurs premiere- interrupted by_NEG that_NEG but_NEG by_NEG a_NEG falling_NEG light-_NEG and_NEG now_NEG the_NEG killer_NEG is_NEG after_NEG betty_NEG ca go_NEG to_NEG the_NEG police_NEG (_NEG how_NEG can_NEG she_NEG let_NEG out_NEG that_NEG the_NEG opera_NEG is_NEG really_NEG cursed_NEG matter face killer wo let_NEG up_NEG probably seen premise like played argento films- girl chased killer- argento like palma construct executes sequence add distinctive flavor add touch bizarre humor breakout raven attack killer subsequent version pointing lineup kind over-stylization ala leone bullet peephole door probably inspired similar shot kill num sado-masochistic inspiration pin taped betty eye argento put actress wringer game thing just territory throwing hand saying led secret passage little girl suddenly alien dark genre material argento keep violence fresh suspense opera music coming right speaker stereo cinematographer drink rightfully scene way shot vibrate heart-beat considered trash elevated past limitation genre ballsy attitude director spite silly ending- sillier preceded came thanks little lizard - attempt break macbeth curse unfortunately did seem_NEG to_NEG happen_NEG in_NEG real_NEG life_NEG on_NEG the_NEG set_NEG of_NEG opera_NEG num num num,positive,negative
student prague early feature-length horror drama autorenfilm author film film member movement movement tried lend respectability just make profit adapting literature theatre screen fortunately story book moving picture good using alfred musset poem story edgar allen poe centre theme unfortunately cinematic film get double exposure effect make paul wegener appear twice scene guido seeber special effect wizard day very_NEG good_NEG at_NEG positioning_NEG the_NEG camera_NEG or_NEG moving_NEG it_NEG film scholar leon hunt printed early cinema space frame narrative interesting analysis film using framing amplify double theme character split framing character shot regardless film consists extended long shot fixed position noticeably primitive worse lack editing little scene dissection scene linger unusual num advanced film respect time including better part august blom num woman soul yevgeni bauer num short film griffith expanded universal film vocabulary num allow vastly superior remake furthermore remake reason lyduschka character occasional troublemaker spectator surrogate obtrusively acted gypsy lurks seemingly cloak invisibility know world silent assume lip moving world be_NEG silent_NEG to_NEG them_NEG lyduschka leer shoulder be_NEG noticed_NEG interesting early film conceptually wegener primary mind film addition playing lead later play title role co-direct golem num -- helping inaugurate supernatural thread german silent note version viewed hour long surely quite_NEG complete_NEG )_NEG and_NEG wa_NEG in_NEG poor_NEG condition_NEG face bleached time sure_NEG who_NEG wa_NEG the_NEG distributor_NEG seen alpha dvd num minute missing footage present aforementioned print fewer different title card visually a_NEG bad_NEG repetitive score best muted,positive,negative
hrm-i think line old movie poster dumb movie translated language totally unfamiliar translator tip movie start black screen text reading future going fun mean premise implausible explain case future mean instead fighting war nation guy climb giant robot duke determine terribly_NEG clear_NEG probably really important good guy obviously capitalist bad guy commie big stop-motion robot sadly effect budget pretty slim get_NEG to_NEG see_NEG a_NEG lot_NEG of_NEG the_NEG big_NEG robot_NEG plenty cheap looking interior scene big space fight near end space fight especially nice serf precisely purpose_NEG other_NEG than_NEG the_NEG blow_NEG the_NEG remainder_NEG of_NEG the_NEG effect_NEG budget_NEG said money spent climactic fight degenerate making_NEG this_NEG up_NEG )_NEG two_NEG guy_NEG hitting_NEG each_NEG other_NEG with_NEG stick_NEG laugh bar re-enacting final scene complete line guaranteed leave audience scratching head like said-it dumb bought tape,positive,negative
wow - - movie at_NEG all_NEG a_NEG fan_NEG of_NEG contemporary_NEG italian_NEG director_NEG usually like_NEG drama_NEG a_NEG will_NEG smith_NEG super_NEG fan_NEG even_NEG thinking_NEG that_NEG he_NEG is_NEG a_NEG very_NEG good_NEG actor_NEG ......_NEG but_NEG this_NEG movie_NEG great movie original script good direction acting wow stunning movie captured attention minute minute did like_NEG ``_NEG the_NEG pursuit_NEG of_NEG happiness_NEG ''_NEG (_NEG maybe_NEG also_NEG because_NEG i_NEG did_NEG like_NEG the_NEG acting_NEG of_NEG will_NEG 's_NEG son_NEG who_NEG is_NEG a_NEG very_NEG bad_NEG actor_NEG while_NEG child_NEG usually_NEG seems_NEG all_NEG natural_NEG born_NEG actor_NEG saw night day earth stood confirmed sensation jaden ca act_NEG )_NEG want_NEG to_NEG write_NEG spoiler_NEG and_NEG so_NEG i_NEG do_NEG talk_NEG about_NEG the_NEG story_NEG but_NEG what_NEG i_NEG can_NEG say_NEG is_NEG that_NEG this_NEG movie_NEG talk_NEG about_NEG love_NEG death feeling like_NEG to_NEG watch_NEG in_NEG movie_NEG ...._NEG but_NEG this_NEG movie_NEG is_NEG such_NEG a_NEG super_NEG great_NEG movie_NEG minimum heart regret_NEG watching_NEG it_NEG,positive,negative
pretty good film sure_NEG if_NEG this_NEG is_NEG considered_NEG a_NEG spoiler_NEG comment_NEG did want_NEG to_NEG take_NEG a_NEG chance_NEG near end film prosecutor read scripture verse quote memory ca remember_NEG the_NEG first_NEG passage_NEG he_NEG read_NEG second genesis num num say genesis num num actually quote verse num common passage use defend capital punishment bad prosecutor dare quote_NEG the_NEG bible_NEG today_NEG did anybody hear john jay supreme court justice history country said bible best book bad lost view america,positive,negative
joan cusack steal premise good plot line interesting screenplay tad simplistic coming-out story gay man positive usually quite-so-positive_NEG fiction entertaining romp thing noticed inside-joke aspect target-audience probably straight get_NEG the_NEG gay_NEG ``_NEG stuff_NEG ''_NEG in_NEG context_NEG with_NEG the_NEG story_NEG kevin kline showed facet acting prowess screenwriter take_NEG in_NEG consideration_NEG when_NEG suggesting_NEG kline_NEG for_NEG a_NEG part_NEG hit mark,positive,negative
biased author novel hungry bachelor club self-published num screenplay written good friend hungry bachelor fred dresch inspiration character marlon film be_NEG more_NEG pleased_NEG with_NEG the_NEG trailer_NEG hope film entirety comment jorja fox play delmar youngblood character stellar carry bulk emotional vehicle fine form have_NEG done_NEG better_NEG myself_NEG look like real people hardly formula driven thankfully drive statement racial prejudice home gracefully heartfelt,positive,negative
film exposition nudity noticed main female character appear naked look like winning bet portuguese filmmaker include a_NEG lot_NEG )_NEG of_NEG nudity_NEG of_NEG the_NEG local_NEG star_NEG slang nowadays portuguese society repulsed horror watch advertising portuguese film portuguese tv included hot scene movie saying_NEG mean portuguese society alienated just movie industry doe seem_NEG capable_NEG of_NEG finding_NEG others_NEG way_NEG of_NEG success_NEG going movie left spirit book masterpiece film good emphasized real idea book actuality time the_NEG strictly_NEG erotic_NEG part_NEG ingredient chef awful,negative,positive
went quitting high hope director shower impressed despite lapse mawkishness shower rank high list all-time favorite movie penetrating insight family relationship generally superb acting direction seen time quitting fell flat estimation pointless exercise quickly tired main character insufferable personality longing movie end admit falling asleep seven time second time think ok write comment did admire parent sister device using real character film nice seen_NEG used_NEG before_NEG disappointment aside make effort film bearing yang zhang simply basis beautiful shower,negative,positive
spoiler - film give away plot point discusses ending hated film - political reason moral aesthetic reason politically film glorified war military technology - blowing thing real good led cheer music swell afghan use weapon blow ruskies bit u.s._NEG soldier_NEG put_NEG their_NEG life_NEG on_NEG the_NEG line_NEG -_NEG so_NEG it_NEG 's_NEG a_NEG fun_NEG war_NEG aesthetically a_NEG touch_NEG of_NEG real_NEG human_NEG emotion_NEG in_NEG the_NEG film_NEG just smug privileged people sarcastic feeling superior doing want regardless consequence speaking consequence film make small hit arming afghan actually led read earlier draft script ended num num - charlie wilson realizing thing gone horribly wrong leave_NEG the_NEG audience_NEG feeling_NEG good_NEG feel good movie killing ruskies sick,negative,positive
bought movie raquel welch gorgeous film played role harry mike wagner girl friend harry robber luck trying make heist harry go funeral meet vittorio sica take ride thing work_NEG out_NEG on_NEG the_NEG ride_NEG they_NEG put_NEG there_NEG mine_NEG together_NEG to_NEG figure_NEG out_NEG the_NEG fastest_NEG way_NEG to_NEG get_NEG money_NEG harry gang decide help vittorio sica mob rest sure matter_NEG what_NEG the_NEG gang_NEG go_NEG after_NEG that_NEG the_NEG outcome_NEG is_NEG the_NEG same_NEG and_NEG will_NEG keep_NEG you_NEG on_NEG the_NEG edge_NEG of_NEG your_NEG sit_NEG rest come need watch far raquel go fan need watch movie looked_NEG better_NEG standing_NEG on_NEG the_NEG beach_NEG with_NEG a_NEG *_NEG *_NEG *_NEG *_NEG *_NEG *_NEG on_NEG movie num weasel star raquel welch body wonder_NEG why_NEG she_NEG wa_NEG the_NEG hottest_NEG actress_NEG back_NEG in_NEG the_NEG sixty_NEG sex symbol wanted one_NEG could_NEG get_NEG only_NEG doe_NEG she_NEG look_NEG good_NEG act better like raquel welch like movie,positive,negative
orphan boy named tom tommy pender work pair shady chimney sweep falsely accused stealing mansion working grime james mason - real thief - go run tom alibi niece mansion owner samantha gate slender blue-eyed blonde long wavy hair sure primary reason repeatedly watched boy dog jump river witch turn water breathing cartoon character underwater befriends rescue group water breathing child known water baby shark interesting fascinating fable set num appeal child animation num minute num minute hbo vhs print just average preferable modern day animation - computer animation real gripe plot hole caused deleted scene num num verse high cockalorum film cut scene octopus swimming followed tom jacque encounter terence lead scene killer shark voiced mason lead hero trap shark greets tom young tom nice ugly mug - time hbo print tom meet shark reference book list running time num num minute previously available sultan entertainment nelson likely hbo print edited time-compressed adding insult injury mgm released fullscreen num minute print dvd num let hope restored version appears near future film copyright ariadne film num ariadne water baby voiced samantha gate bernard cribbins play mason partner crime voice electric eel slip slide adventure,positive,negative
a_NEG greek_NEG i_NEG have_NEG had_NEG a_NEG lifelong_NEG interest_NEG in_NEG the_NEG eastern_NEG empire_NEG fall num greatest loss christianity entire history easter empire a_NEG topic_NEG much_NEG discussed_NEG in_NEG american_NEG intellectual_NEG circle_NEG did merely_NEG mimic_NEG golden_NEG byzantium_NEG public_NEG architecture_NEG absorbed fated byzantine historical cycle faced crisis involving certain people middle eastern extraction said slight tendency excessive exuberance religious matter humbled great byzantium wonder loss ability speak plainly sign post road disaster john romer credited only_NEG for_NEG his_NEG excellent_NEG production_NEG but_NEG also_NEG for_NEG his_NEG joyful_NEG enthusiasm_NEG for_NEG the_NEG subject_NEG which_NEG is_NEG most_NEG refreshing_NEG recommended_NEG for_NEG american_NEG who_NEG like_NEG political_NEG correctness_NEG,positive,negative
good cast major exception push way epstein smart light satire mansfield better_NEG funnier paired walston veteran determined congressman war buddy -- including suave con-artist grant -- head san francisco leave start city swinginest party conniving escape service altogether industrial speaking tour thing movie delightful_NEG is_NEG suzy_NEG parker_NEG 's_NEG one-note_NEG performance_NEG a_NEG grant_NEG 's_NEG love_NEG interest_NEG take film time slows pace second half walston mansfield good chemistry gimmick set making love serviceman duty war effort course married man nonetheless love wife steal movie little trouble grant amusing film paired_NEG with_NEG his_NEG non-actor_NEG co-star_NEG,negative,positive
well-told story unpleasant main subject child abuse fun_NEG to_NEG see_NEG -_NEG a_NEG sordid_NEG topic_NEG add lot profanity drunker-abuser husband gd little kid less_NEG -_NEG and_NEG this_NEG movie_NEG turned_NEG me_NEG off_NEG a_NEG far_NEG a_NEG ever_NEG seeing_NEG it_NEG again_NEG portrayed punk picking little boy unpleasant viewing experience realism story take swan dive boy fly away home-made airplane break positive enjoyable movie seeing nice loving touching relationship young brother played elijah wood joseph mazello familiar face couple year big role jurassic park shadlowlands river wild wood course did hit_NEG it_NEG big_NEG until_NEG a_NEG decade_NEG later_NEG but_NEG big lord ring trilogy kid narration unbilled tom hank facet film liked,negative,positive
film grieving wife lost husband suicide tormented son refused speak child grief rarely explored film refreshing film like addison wall nature film tension_NEG or_NEG drama_NEG apart key emotional moment film plain abrupt ending doe solve_NEG any_NEG mystery_NEG certainly_NEG do_NEG help_NEG the_NEG film_NEG to_NEG be_NEG more_NEG watchable_NEG addison wall better exploration content wall intensive care program help addison trauma instead film feel unfinished non engaging,negative,positive
interesting view horror movie hearing praise fan experience taught generalize_NEG fan_NEG taste_NEG within_NEG a_NEG genre_NEG expectation movie great deal higher viewed opinion child play_NEG with_NEG dead_NEG thing_NEG is_NEG a_NEG movie_NEG with_NEG a_NEG good_NEG intended_NEG plot_NEG that_NEG trip_NEG up_NEG too_NEG many_NEG time_NEG to_NEG carry_NEG it_NEG out_NEG idea band actor staging reanimation dead corps intrigued degenerated cinematic chaos actor competent amazingly expressive offered role fail maintain consistent characterization character ambivalence act defiling cemetery outspoken criticism ambivalence thing character change heart course film produce overly dynamic circular attitude loop minute inconsistent element film premise doe main protagonist intend ceremony theatrical prank doe actually conspire dark spiritual force raise dead aforementioned flaw recommend movie horror fan believe true horror fan appreciate dark atmospheric component able ignore plot inconsistency scene dead rise grave extremely haunting veteran zombie enthusiast excellent combined use scenery sound great choice skilled actor chosen play reanimated dead current filmmaker learn cspwdt using proper video audio technique mood development zombie movie completionist like time locate view movie fun watch,negative,positive
probably contain spoiler successful attempt attention call_NEG making_NEG sure_NEG that_NEG you_NEG get_NEG help_NEG before_NEG you_NEG die_NEG a_NEG ``_NEG failed_NEG suicide_NEG attempt_NEG ''_NEG )_NEG joey find pregnant start seeing image spirit overall movie little slow going entertaining watch thing horror movie minor creep thrill halfway really good scary scene wont away watched movie really liked preceding movie eye little confused determine supernatural suspense movie creator eye num relation_NEG to_NEG the_NEG eye_NEG whatsoever different cast different story eye num doe even_NEG have_NEG anything_NEG to_NEG do_NEG with_NEG eye_NEG movie questionable scene joey attempt suicide num time num time count time witness say saw joey trying jump train associated brutally defacing attacker freak restaurant witness say attacking people allowed business freely psyche evaluation hospital reason pregnancy movie the_NEG greatest_NEG horror_NEG movie_NEG story far-fetched fiction movie p spook seen_NEG before_NEG interesting story know truth spook interesting twist ghost story rate movie num num,negative,positive
know french inmate unlikely read lovecraft prof point writing taught school maybe separate subject did think sound like ftagn yog sototh possibly lead good movie take place prison unlikely cell mate stumble magical book read right prison cell totally unrealistic hard atmosphere thing move slowly bore people notch horror feeling mixing sartre hell people type story doing successfully line time watch mean doing_NEG it_NEG when_NEG you_NEG are_NEG about_NEG to_NEG go_NEG to_NEG work_NEG or_NEG to_NEG sleep_NEG or_NEG while_NEG doing_NEG something_NEG else_NEG movie work best immersed lesson learned yog bad bad french woman,positive,negative
every_NEG line_NEG in_NEG a_NEG comedy_NEG is_NEG funny_NEG movie take subject disenfranchisement voter hold light telling joke movie daily wanted turn movie robin williams funnier movie rv wife share opposing political view doubled laughter part movie script writer fox news lesson fair balanced lewis black okay really_NEG seemed_NEG to_NEG be_NEG able_NEG to_NEG bring_NEG out_NEG his_NEG particular_NEG brand_NEG of_NEG comedy_NEG for_NEG his_NEG role_NEG christopher walken good playing fairly common subdued supporting role pushing story,positive,negative
time movie lot complicated needed guess charm detective philo vance power observation greater oriental sleuth era combined come final evaluation murder committed dropping dagger chinese vase kicker mean somebody_NEG have_NEG just_NEG dropped_NEG it_NEG vance william powell line early film archer coe impossibility kill - think left wondering scientific basis fact concept true having_NEG studied_NEG psychology_NEG myself_NEG logical case doe fit_NEG the_NEG rule_NEG know got kick agitated coroner etienne girardot reminded star trek mccoy couple time stated doctor a_NEG magician_NEG ''_NEG and_NEG ``_NEG i_NEG 'm_NEG a_NEG doctor_NEG a_NEG detective_NEG ''_NEG picture deforrest kelley watching film saying - use killer identity revealed doe seem_NEG like_NEG such_NEG a_NEG big_NEG surprise_NEG till really anybody guess archer brisbane coe aside film did answer_NEG the_NEG central_NEG question_NEG posed_NEG by_NEG the_NEG title_NEG murder really interested - killed sir thomas macdonald dog ghillie,positive,negative
bit puzzle lot artsy lynch crowd tend try write kind meaningless crude project lynch like lynch passing gas real piece film art fart intriguing fart catch whiff embarrassed admit enjoy dumbland distilled art aspect modern life laugh took seriously nut hook smell taste feel agony unreasoning stupidity express medium choose thats called art art dumb_NEG dumbland,positive,negative
remember having pretty low regard venture like released james jim_NEG ''_NEG belushi_NEG hammy kid actress cheesy title john hughes formula have_NEG paid_NEG me_NEG to_NEG see_NEG it_NEG num_NEG year_NEG ago_NEG got caught watching wasting away sunday afternoon hit couple level fairy tale pretty woman reverse pretty woman vulnerable num -like performance kelly lynch escapism gently pull nice string pretty hard to_NEG fall_NEG into_NEG the_NEG story_NEG develop crush kelly lynch identify james belushi dislike stiff bad guy boyfriend laugh curley sue line ups down happy ending kind message want hear ahead waste time movie worth,positive,negative
movie favorite time supposed_NEG to_NEG have_NEG a_NEG plot_NEG maker wanted people charlie sheen think believe real snuff film exercise visual effect doe cut_NEG away_NEG when_NEG the_NEG action_NEG happens_NEG like_NEG every_NEG other_NEG film_NEG doe_NEG movie day sound effect leaving visuals computer cause easier deal cgi blood movie maker ca get_NEG fake_NEG blood_NEG to_NEG look_NEG like_NEG the_NEG real_NEG thing_NEG rape_NEG scene_NEG because_NEG that_NEG wa_NEG the_NEG point_NEG of_NEG making_NEG the_NEG film_NEG seen hill eye num rape scene funny instead shocking sure gonzo porn film maker tried marry porn horror probably suck making film probably be_NEG able_NEG to_NEG pull_NEG it_NEG off_NEG movie baise moi disturbing rape scene actress actually porn star movie overall suck bad movie ca be_NEG made_NEG without_NEG thinking_NEG of_NEG the_NEG money_NEG aspect_NEG of_NEG it_NEG all_NEG especially talking ao nc- num rating sure eli roth make hostel film series better tame r rating hope movie sucked limitation watch trace death smashed pumpkin want frill_NEG real_NEG footage_NEG (_NEG accident_NEG &_NEG crime_NEG scenes/footage_NEG )_NEG forget_NEG that_NEG this_NEG movie_NEG wa_NEG made_NEG in_NEG num_NEG fact film stand crap day say lot film like saying num bit super mario brother suck p num better graphic,positive,negative
visiting romania cia dad tony adam arkin quite talented high school quarterback seen savior lead team finally victory rival simpson told would-be palm-reader romania people allowed_NEG many_NEG book_NEG took palm reading bitten werewolf moon make_NEG any_NEG appointment_NEG .._NEG you_NEG will_NEG be_NEG busy._NEG ''_NEG )_NEG thunk tony fact bitten life forever changed father unfortunately dy mishap bomb shelter odd circumstance firing werewolf son inside metallic bomb shelter a_NEG very_NEG good_NEG idea_NEG especially bullet doe leave_NEG the_NEG room_NEG and_NEG bounce_NEG around_NEG like_NEG a_NEG pinball_NEG gone_NEG berserk_NEG )_NEG tony travel land endless year tired packing return decade president later hopefully lead football team win simpson task abandoned long ago white clean-cut high school changed ghetto drug use violence perversion idea early num moon high school prom party resembles think studio num teenager larry cohen parody werewolf flick thing crammed gag homage in-jokes favorite sequence contain sex-ed classroom tony reveals num class werewolf transformation introductory scene brand alan arkin steal film kenneth mar on_NEG screen_NEG )_NEG quite possibly worst psychiatrist earth task talk jumper lead men falling balcony jumper fireman trying talk fuming mad brand brand try tony sign waver body donated science wife fur coat kenneth mar rolling floor homosexual football coach later num principal like pat player scene tony unloading truth sex-ed class classic film loaded inspired casting choice just littered funny character cast interpretation ed mcmahon conservative military blowhard actually look identical joseph mccathy standing photo bomb shelter talking commie joanne nail bulging eyed ricky present day fall werewolf elizabeth hartman patch blue mousy nerdy sexually molested molester teacher find attraction tony james dixon deputy great scene stealing line police chief reciting brand begin mouthing word memorization roz kelly jane undyingly devoted female desiring tony constantly demanding ravish kirchenbauer flynn tony long-time pal police chief got jane friend left town forget_NEG jm_NEG j_NEG bullock_NEG a_NEG flynn_NEG 's_NEG closeted_NEG gay_NEG son_NEG trying_NEG to_NEG fit_NEG in_NEG at_NEG the_NEG school_NEG hoping_NEG to_NEG find_NEG a_NEG dame_NEG with_NEG hilarious_NEG result_NEG like film pay homage werewolf genre prowl referred paper jack nipper like bite victim cheek talking_NEG face_NEG seen annoyance danger homage carrie psycho nice violin shtick amusing cohen toss zinger viewer eventually stick obviously comedy every_NEG joke_NEG hit_NEG it_NEG 's_NEG mark_NEG cast make worthwhile film look cheap typical larry cohen budget notice num scene obvious old cast member road wear glaring wig loved adam lead perfect foil gag follow zinger let fly cohen script film move quickly rarely catching breath liked horror comedy,positive,negative
lord david cecil wrote interesting book num s early victorian novelist looked work dickens thackeray eliot trollope gaskell charlotte bronte emily bronte selected writer popular favorite half victorian period explained strength weakness saw reading public comment quite relevant day like criticism give idea spirit time critic life cecil thought highly george eliot mary ann cross wrote seven book including sketch poetry modern reader usually acquainted shortest book silas marner read high school curriculum book felix holt radical daniel deronda middlemarch floss adam bede romola scene clerical life print penguin example print unread today novel deronda discusses jew english society incipient pre-hertzl type zionism romola sole attempt historic novel savanarola experiment religiously pure republic florence num s meatiest novel middlemarch concerned english society province num year great reform lord grey read middlemarch college literature course certainly thoughtful book virginia woolf called grown-up book english language suffers like eliot novel defect - write_NEG livable_NEG exciting prose dickens overly exuberant time thackeray pompous prolix trollope lord cecil say ordinary discussion charlotte bronte fail explain certain relationship gaskell best dealing female character emily bronte single novel hold reader reading eliot novel like trying chisel sentence block marble toothpick date read page floss notice reviewer finished_NEG the_NEG novel_NEG too_NEG read synopsis tullivers maggie brother tom central figure - title close start story maggie fall love son neighbor father involved legal difficulty tulliver tom take dim view relationship tragedy story regarding split sibling culminating demise conclusion maggie run rescue tom heavy flood die success victorian reader gloomy depressing modern audience movie changed ending little - maggie geraldine fitzgerald doe die end lover tom james mason note death conclusion record book story totally rewritten double death flood conclusion doe really_NEG help_NEG matter_NEG fitzgerald mason pretty part ca really_NEG pull_NEG the_NEG film_NEG up_NEG by_NEG their_NEG work_NEG alone_NEG end result fairly minor film fortunately did hurt_NEG the_NEG lead_NEG 's_NEG career_NEG thing note boyfriend played frank lawton year earlier played david copperfield grown opposite lionel barrymore maureen lawton really_NEG had_NEG a_NEG major_NEG film_NEG career_NEG -_NEG he_NEG just_NEG happened_NEG to_NEG always_NEG be_NEG around_NEG in_NEG picture_NEG good mediocre,negative,positive
going make short sweet surprising_NEG that_NEG you_NEG had_NEG use_NEG for_NEG this_NEG film_NEG story power beauty possibility inherent meaningful education based pathetically composed comment education woefully neglected worse completely wasted comment truly ignorant person advise condition case feel probably late hope intend_NEG to_NEG go_NEG into_NEG the_NEG teaching_NEG profession_NEG (_NEG especially_NEG in_NEG film_NEG study_NEG )_NEG because_NEG you_NEG could_NEG only_NEG do_NEG damage_NEG oh bit advice future intend write opinion piece really proofread work make people seriously,positive,negative
national treasure num thoroughly misguided hodge-podge plot entanglement borrow nearly cloak dagger government conspiracy written film star nicholas cage benjamin franklin gate precious ask seemingly normal fellow other_NEG reason_NEG than_NEG being_NEG of_NEG a_NEG lineage_NEG of_NEG like-minded_NEG misguided_NEG fortune_NEG hunter_NEG decides steal treasure hidden united state founding father bit subtext background play laughably unintentionally like indiana jones meet patriot film degenerate misguided whimsy attempting create goodspeed regurgitation nicholas cage launch convoluted mess forward series high octane disconnected misadventure relevancy logic having george washington motley crew patriot burying king ransom someplace native soil going meticulous plan leaving clue scattered currency art work director jon turteltaub quite_NEG get_NEG around_NEG to_NEG explaining_NEG washington_NEG found_NEG better_NEG usage_NEG for_NEG such_NEG wealth_NEG during_NEG the_NEG start_NEG up_NEG of_NEG the_NEG country_NEG left mystery built enigma shaky ground time ben appoints new custodian untold wealth ben intention noble confusing set protecting treasure guess good problem ben crusade friend ian holmes sean bean decides ca wait_NEG for_NEG ben_NEG to_NEG make_NEG up_NEG his_NEG mind_NEG about_NEG stealing_NEG the_NEG declaration_NEG of_NEG independence_NEG from_NEG the_NEG national_NEG archive_NEG (_NEG oh_NEG yeah brilliant idea presumably famous document hold secret answer ultimate fortune ian try kill ben assassination attempt course unsuccessful overly melodramatic affords ben opportunity pick pick sultry curator archive abigail chase diane kruger think ben clearly nut beginning true form abby resolve melt quicker say hope diamond film move x-file-ish mode fbi mistakenly believing ben theft retaliate various benign way lead multi-layering action sequence reminiscent mission impossible meet fugitive honestly those_NEG guy_NEG ever_NEG get_NEG 'intelligence_NEG '_NEG information_NEG that_NEG is_NEG correct_NEG final analysis national treasure great_NEG film_NEG making_NEG patchwork rehash tired old bit movie woven scrap like make il betsy ross blush buena vista dvd delivers far generous treatment film deserving anamorphic widescreen picture exhibit smooth finely detailed image rich color natural flesh tone solid black clean white stylized image free blemish digital enhancement audio num num delivers nice sonic boom rear speaker intensity realism extra include host promotional junket material deep explanation film audience clarification ben chasing illusive treasure good flick extra conclude theatrical trailer audio commentary deleted scene for_NEG the_NEG faint-hearted_NEG _NEG just_NEG the_NEG thick-headed_NEG,negative,positive
movie waste time look nice pretty setting nicely acted appears earnest leading stay tuned awaiting meaningful payoff doe happen_NEG surprised effort movie clearly professionally outcome short b-movie save precious time good french film like le visiteurs funny jean florette manon spring ca recall_NEG the_NEG language_NEG in_NEG europa_NEG europa_NEG great film -- heavy worth viewing film appears promise lot delivers,negative,positive
come tina fey better soon movie started knew end sure funny time laugh loud funny enough_NEG laugh_NEG to_NEG save_NEG this_NEG movie_NEG recommend_NEG buying_NEG this_NEG recommend renting thats baby mama funny scene predictable fails heartwarming ending strives tina fey amy poalher good team mean girl favorite movie tina fey amy poalher did great good there_NEG best_NEG baby mama great supporting cast dane cook sigourney weaver steve martin add cast greatness pregnancy movie hit cinema world great knocked juno baby mama look average compared knocked juno hilarious heartwarming ending leave smile face baby mama ending unfunny dull baby mama the_NEG best_NEG comedy_NEG of_NEG the_NEG year_NEG and_NEG it_NEG doe_NEG try_NEG to_NEG be_NEG recommend expect_NEG it_NEG to_NEG be_NEG totally_NEG hilarious_NEG expect average comedy doe give_NEG the_NEG big_NEG emotional_NEG ending_NEG it_NEG try_NEG to_NEG have_NEG baby mama num num,negative,positive
bank num chaplin bank charlie num essanay film group film watchable num counterpart bit average gag janitorial double combo-locked vault tough-luck ending charlie waking dream stroking lead lady hair stroking head mop used quasi pillow classic chaplin moment ironically beginning end middle filled fighting rival co-worker janitor busting bank robbery win girl mop probably greatest physical prop movie charlie us expert comedic effect intention character mop charlie alter-ego doing thing wish with_NEG his_NEG own_NEG two_NEG hand_NEG interesting stuff better,negative,positive
acting excellent cinematography beautiful extremely disappointed adaptation significant portion novella fact ethan mattie decide kill presented_NEG in_NEG the_NEG movie_NEG sledding accident character change mattie zenna non-existent novella change place end adaptation appears invalid lastly mattie ethan consummate relationship fully nearly destroys power poignancy finale change narrator preacher effective change neeson arquette superb portrayal joan allen wonderful character watered wharton novella expect_NEG film_NEG to_NEG faithfully_NEG portray_NEG novel_NEG went far process nearly destroyed story overall recommend_NEG watching_NEG this_NEG film_NEG unless_NEG you_NEG have_NEG read_NEG the_NEG book_NEG a_NEG you_NEG will_NEG come_NEG away_NEG confused_NEG and_NEG disappointed_NEG,negative,positive
sleek sexy movie must-see multiple viewing truly understand uniqueness film personally enjoy narrator intelligent subject_NEG left_NEG untouched_NEG style narration introduction grip right away hold edge seat film provides wonderful insight world trainables allows audience really internal horror film exhibit script hold movie wonderfully only_NEG for_NEG kid_NEG elderly alike gain higher understanding trainables modern grasp sexual experience ahead time groundbreaking cinematography surely defines word,negative,positive
ignore comment movie watch pay cable like did rent owe film movie supposed hard categorize god know pitched high concept angel check got lose,positive,negative
taken watch version unfortunately seem_NEG to_NEG be_NEG able_NEG to_NEG rent_NEG it_NEG in_NEG the_NEG video_NEG store_NEG version fell love borderline emma gwenneth toni collette british_NEG naturally_NEG have_NEG to_NEG put_NEG on_NEG the_NEG accent_NEG doe seem_NEG natural_NEG sorry think_NEG toni_NEG and_NEG gwenneth_NEG did_NEG a_NEG brilliant_NEG job_NEG there_NEG warm_NEG to_NEG any_NEG of_NEG the_NEG character_NEG version heart warming type person imagined emma definitely version come disappointed mr knightley better_NEG looking_NEG convincing like jane fairfax better played olivia williams warmed_NEG to_NEG her_NEG in_NEG the_NEG movie_NEG version_NEG better portrayed version come think mr knightley character better played lot unfortunately came time paltrow version got publicity pity love new scene end kate beckingsale jane austen fan forget_NEG to_NEG watch_NEG this_NEG one_NEG,positive,negative
doe-eyed high school student kathleen beller beaten raped opening scene tv movie film flashback day rape beller harassed stranger beller scott colomby best friend robin mattson dennis quaid double dating early beller anxious parent laid tony shrill blythe danner wait home wringing hand right away num make dated entrance young couple discus romance love day condor beller amateur photographer begin getting threatening note stuffed locker school film maker wisely slew suspect beller new boyfriend mattson boyfriend beller dad beller ex-boyfriend overly friendly photography class teacher want beller little sexy self-portraits knew rapist worldvision video company video box picture attack cover destroying suspense regard giving away attacker beller begin getting harassing phone call eventually raped movie head south make like nancy drew secretly set time lapse camera catch guy stalking student finally film maker tack hokey ending narration beller lack understanding victim rape day age suspense real going scary movie stuff beller good watch mattson scene abandoned theater- great job film familiar face including ellen travolta small role professional num show sure one_NEG had_NEG any_NEG idea_NEG that_NEG this_NEG would_NEG be_NEG reviewed_NEG in_NEG num_NEG by_NEG an_NEG overcritical_NEG horror_NEG movie_NEG lover_NEG who_NEG need_NEG to_NEG get_NEG to_NEG bed_NEG and_NEG be_NEG up_NEG early_NEG in_NEG the_NEG morning_NEG attitude embarassing teacher tell beller sexy made_NEG to_NEG explain_NEG what_NEG exactly_NEG he_NEG had_NEG in_NEG mind_NEG nowadays high school teacher said tv movie beller raped rapist life warrant issued blah blah blah be_NEG a_NEG case_NEG because_NEG beller_NEG is_NEG a_NEG virgin_NEG prove_NEG she_NEG wa_NEG raped_NEG by_NEG whom_NEG she_NEG said_NEG problem addressed modern technology policing effort film obviously knew chance add reform debate rape act violence gone_NEG away_NEG effort today catch attacker mile ahead year ago problem anti-rape angle feel tacked like afterthought tight little suspenser real honest god characterization rape change filmwise for_NEG the_NEG better_NEG remember beller num num forget revealing role betsy done_NEG anything_NEG in_NEG almost_NEG ten_NEG year_NEG shame good way recommend house based acting reluctant nod two-thirds film want relive num tv high school life cup tab unrated contains physical violence sexual violence adult situation,positive,negative
ok honest saw trailer programme thought advert sun-screen product people walking beach despite decided watch thinking new laugh seriously amazed num second program hooked lying tree did plane crash everyday_NEG that_NEG a_NEG show_NEG come_NEG along_NEG which_NEG combine_NEG intelligence_NEG humour action suspense manages great cast crew beautiful location pretty decent special effect catch tune sick cheesy sitcom crappy reality tv lost tuesday num channel num uk num num num num num num,positive,negative
talk ending film talk plot dude named gerald break engagement kitty run craven castle scotland month kitty aunt venture scottland arriving craven castle kitty find gerald aged grown meaner gerald certain rule castle rule num year gerald doe want_NEG them_NEG to_NEG stay_NEG but_NEG kitty insist staying making excuse night aunt catch glimpse monster running hall scare faint excuse stay longer kitty worried gerald try maze gerald catch meaner kitty sends reinforcement call doctor actually friend wide make thing look_NEG suspicious_NEG they_NEG invite_NEG a_NEG couple_NEG other_NEG friend_NEG (_NEG who_NEG do_NEG really_NEG do_NEG anything_NEG )_NEG blah blah blah kitty aunt end maze suspense story separated try aunt stumble creature moment waiting creature lurking shadow giant frog omg better seeing aunt frog literally go crazy run oops mean hop stair castle frog leap open window shot ground frog gall oh yeah movie num -d want know funny frog fall window actually toy num num size frog take leap revealed evolution fault blah blah kitty gerald married shot masterpiece grave frog maze place really happy,positive,negative
donald sutherland american paleontologist visiting england pick hitch hiker evening year later having discovered man address book car return book man opulent home man hanged murder family care hitch hiker have_NEG committed_NEG the_NEG murder_NEG (_NEG of_NEG his_NEG own_NEG stepmother_NEG )_NEG because_NEG he_NEG wa_NEG in_NEG sutherland_NEG 's_NEG car_NEG at_NEG the_NEG time_NEG of_NEG the_NEG crime_NEG sutherland man alibi turned late sense guilt track real murderer agatha christie mystery usually involve number diverse people motive crime suspect puzzle depends construction strict time line always_NEG sidekick investigator talk thing anfractuosity situation care taken explain element mystery reader viewer redundancy perfectly okay character time line straight christie movie rare kind use famous face subordinate character actually useful jacqueline bellefort oh yes mia farrow version ordeal innocence golan-globus production implies way production value thoughtfully prepared script skill camera minute sutherland discovers innocent man hanged fine flung viewer disjointed scrap sudden flashback confusing voiceovers tell script slapdash quality thrown hack overnight face familiar doe help_NEG at_NEG all_NEG drop remark name hopeless jumble musical score consists instrument doing irritating atonal jazz riff nudity thrown wake dozer audience dame agatha alive viewer needed shaken awake dullsville,negative,positive
crazy movie talent criticize movie famous director producer mean watching crappy version proper version think_NEG it_NEG some_NEG low_NEG resolution_NEG game_NEG graphic_NEG .._NEG this_NEG movie_NEG is_NEG for_NEG people_NEG who_NEG enjoy_NEG hongkong_NEG cinema_NEG the_NEG other_NEG side_NEG to_NEG what_NEG asian_NEG people_NEG enjoy_NEG watching_NEG .._NEG you_NEG are_NEG such_NEG a_NEG sellout_NEG .._NEG hongkong_NEG cinema_NEG is_NEG totally_NEG different_NEG to_NEG that_NEG of_NEG hollywood_NEG hk cinema class enjoy_NEG watching_NEG movie_NEG from_NEG hongkong_NEG producer_NEG do_NEG go_NEG and_NEG ramble_NEG on_NEG about_NEG how_NEG it_NEG a_NEG waste_NEG of_NEG time_NEG to_NEG watch_NEG .._NEG just_NEG let_NEG other_NEG people_NEG enjoy_NEG the_NEG movie_NEG .._NEG and_NEG personally_NEG i_NEG 've_NEG seen_NEG this_NEG movie_NEG and_NEG i_NEG love_NEG it_NEG story_NEG and_NEG the_NEG way_NEG it_NEG wa_NEG made_NEG .._NEG,positive,negative
disconcerting era satisfying fulfilling spirituality unknown scattered spectrum possible belief charlatan fraud gurdjieff caliber charlatan exceptional denying_NEG he_NEG had_NEG a_NEG special_NEG gift_NEG pity misused aggrandizement wounded ego feeding adulation unwary sheep beck awe inspire extreme adherence credulity movie present idealized version gurdjieff largely fictional fantastic account formation awakening discovery sway mind will certain type sadly disoriented people dare disagreeable eye-opening sadly deprived true religious leader extent clown like gurdjieff inspire devotion - careful blood pressure medicine hand hope healthy religion emerge ruin christianity supreme example cinematography entire service premise pretense dysfunctional cult,negative,positive
best movie director kevin tenney witchboard on_NEG the_NEG top_NEG of_NEG my_NEG all-time_NEG horror_NEG list_NEG )_NEG strange fascinating mixture pin child play better so_NEG better_NEG sure plot contrived predictable actor good rosalind allen pleasant eye candance mckenzie - god bless shower scene child actress good interpreting disturbed daughter pinocchio puppet scary thrill spine b-movie bad_NEG at_NEG all_NEG,positive,negative
movie decent story opinion good fight scene little bit disappointed end think way better lydie denier knew karate knew use weapon character interesting decent opponent think director filmed final cynthia denier wanted finish movie earlier did care_NEG how_NEG the_NEG end_NEG wa_NEG going_NEG to_NEG be.all_NEG in_NEG all_NEG i_NEG think_NEG that_NEG fan_NEG of_NEG cynthia_NEG rothrock_NEG will_NEG be_NEG very_NEG satisfied_NEG watching_NEG this_NEG movie.it_NEG 's_NEG like_NEG 'yes_NEG madam sworn justice entertainment cynthia look awesome movie rate movie solid num num,positive,negative
movie delivers best awkward teenage neighbor try bike away babysitter background look like been_NEG anywhere_NEG near_NEG a_NEG bike_NEG in_NEG his_NEG life_NEG a_NEG he_NEG attempt_NEG to_NEG fall_NEG off_NEG movie doe stop_NEG there_NEG num minute later delivers scene arm reaching fence cooler pulling beer stereotypical grilling dad plot line seaquest actress bluetooth cell phone add making perfect saturday night home,negative,positive
premise simple movie start looking like average lame chick flick attractive young people meeting airport thing num degree turn really dislike kind mind numbing love story nonsense pollutes average movie theater humble opinion wes craven based previous meta-horror film sceam doe following logic surprising_NEG to_NEG find_NEG that_NEG craven_NEG sardonically_NEG take_NEG his_NEG time_NEG to_NEG built_NEG up_NEG a_NEG nauseatingly_NEG sweet_NEG 'sependipity_NEG love'-story_NEG awesome cillian murphy wreck sugar-coated dreamworld scope character jackson ripner jack ripper lame right film impressive go utterly charming twisted nihilistic sicko plus book proceeds freak victim jennifer garner lookalike rachel mcadams pretty annoying way ca help_NEG but_NEG sympathize_NEG with_NEG the_NEG guy_NEG ..._NEG this_NEG is_NEG wes_NEG craven_NEG embodied jackson ripner cillian murphy bashing brainless chick flick craven salute best quote jackson ripner beating snot rachel mcadams airplane toilet thanks quickie,positive,negative
william shakespeare merchant venice portrays num th century venice al pacino play shylock jewish loan shark plot revenge catholic looked movie slow moving plot beginning build plus hour film give good believe appearance character especially pacino hearing pacino play jew think work_NEG looking_NEG at_NEG pacino_NEG 's_NEG previous_NEG mobster_NEG type_NEG movie_NEG role_NEG nonetheless work credit given costume designer director film look character fit time period play take place costume look like renaissance appearance envision film portrays anti-semitic vibe minute shown catholic try advantage jew way point keeping locked away ghetto allowing_NEG them_NEG to_NEG regular_NEG job_NEG comparison passion christ recent film people believed anti-semitic merchant venice make passion look like jewish holiday film show jew shylock wanted revenge mistreatment jew received location shot timely scenery time beautiful ugly depending scene film making just realistic showing beautiful ugly seen anti-semitic ugly usually shown jew beautiful catholic film clearly attempt aura certain part add bit humor act oh trial shylock antonio iron add bit humor portia collins nerissa goldenhersh come trial decide victor defeated be_NEG funny_NEG seeing woman dressed disguise men pretty amusing cross dressing scene compelling probably memorable make artist director michael radford taken notice woman look like woman easily recognized director seen fact woman speaking regular voice instead trying sound like men take away scene doe kill_NEG it_NEG entirely_NEG overall film get num num,positive,negative
seen_NEG this_NEG in_NEG many_NEG year_NEG acting good began time thought great movie misjudged foolish young man theme started clear felt way hollywood seat glamor concept be_NEG a_NEG surprise_NEG condescending concept feel need shower watching brief tell physically ugly people beautiful feel attractive dorothy mcguire likable homely heroine filmed wearing minimal make-up robert young injured war feel scarred parent ca bear_NEG to_NEG look_NEG at_NEG him_NEG either_NEG faculty notion disability outmoded herbert marshall hand blind pianist character speaks hushed tone omniscient best performance given mildred natwick owner title residence bitter dour made_NEG of_NEG ice_NEG story interesting believable mcguire young,negative,positive
matt dillon phenomenal performance crash probably rush pick copy factotum dillon real simply got lucky rebound great script factotum certainly moment plainness likely turn viewer taken away dillon performance wonderful excellent deadpan humor proving solid actor significant chop just shame directing script story henry hank chinaski dillon refusal conform resembling normalcy quits get fired job mere minute dreary pub meeting drearier woman trying write nonconformist novel really_NEG know_NEG what_NEG the_NEG novel_NEG is_NEG about_NEG except_NEG that_NEG it_NEG involves_NEG ``_NEG everything_NEG ''_NEG (_NEG cancer_NEG movie skipping workplace workplace constantly returning jan lili taylor haunting loser girlfriend just dispiriting hank try vainly discover life supposed hold learns interpretation say doe_NEG argue life simply path obscurity regardless much_NEG substance_NEG to_NEG factotum_NEG even_NEG with_NEG matt_NEG dillon_NEG 's_NEG fine_NEG performance_NEG story meander hank life thought given audience shame dillon performance shone brighter given decent script,negative,positive
film feel just art think way tell story screen short david lynch tell story much_NEG of_NEG one_NEG felt funny bizarre comedy good film-making really anything_NEG else_NEG to_NEG it_NEG said huge david lynch fan frustrated work see_NEG a_NEG need_NEG for_NEG it_NEG at_NEG all_NEG definitely favorite thing far know got ton talent excited store future like lynch check be_NEG surprised_NEG when_NEG you_NEG do_NEG like_NEG it_NEG very_NEG much_NEG,negative,positive
fair little paranormal feel art bell ilk figured carve career attitude carl kolchak exemplified course probably be_NEG an_NEG x-files_NEG if_NEG this_NEG show_NEG had_NEG prepped_NEG this_NEG audience_NEG for_NEG it_NEG so_NEG well_NEG darren mcgavin exactly_NEG the_NEG super-heroic_NEG type_NEG but_NEG he_NEG is_NEG a_NEG plausible_NEG (_NEG enough_NEG )_NEG guy_NEG to_NEG deliver_NEG heroic_NEG deed_NEG check work old alfred hitchcock present main attraction doe seem_NEG to_NEG be_NEG a_NEG girlfriend_NEG or_NEG wife_NEG who_NEG 's_NEG a_NEG distraction_NEG fact a_NEG whole_NEG lot_NEG of_NEG sex_NEG appeal_NEG to_NEG the_NEG show_NEG noticing pacing really_NEG suspenseful_NEG in_NEG a_NEG typical_NEG way_NEG lot throwaway humor just pokey climax thread coming way present mad men term style that_NEG david_NEG chase_NEG writes_NEG mad_NEG men_NEG but_NEG the_NEG people_NEG that_NEG worked_NEG under_NEG him_NEG on_NEG the_NEG soprano_NEG definitely_NEG have_NEG emulated_NEG and_NEG inherited_NEG his_NEG serio-comic_NEG tone_NEG,negative,positive
funny stop think fright film fan tend deep abiding affection scare daylight texas chainsaw massacre nightmare faithful did feel_NEG a_NEG very_NEG real_NEG twinge_NEG of_NEG love_NEG for_NEG gunnar_NEG hansen_NEG in_NEG brutal_NEG massacre-_NEG or_NEG for_NEG ken_NEG foree_NEG forever resolute hero original dawn dead cameo remake want stand cheer did tom savini cameo kid brian halloran drift just stand downwind hero horror gathered single movie unheard degree knowledge writer s monumental task maybe line try long another_NEG half-hearted_NEG effort_NEG (_NEG like_NEG brotherhood_NEG of_NEG blood_NEG instance,negative,positive
relief imagining_NEG this_NEG programme_NEG summary taxman great remember finding haunting particularly_NEG family_NEG viewing_NEG num num time watched think girl age attraction lead blond hair permanently sad state theme played flute recall - remember_NEG how_NEG it_NEG went_NEG think intro showed playing - maybe played flute programme especially sad maybe destined to_NEG know_NEG how_NEG it_NEG ended_NEG or_NEG to_NEG see_NEG clip_NEG or_NEG hear_NEG the_NEG tune_NEG know just_NEG me_NEG,positive,negative
jeff fahey alert eye smudgy insidious smile character play villainous doe really_NEG work_NEG to_NEG cast_NEG him_NEG a_NEG the_NEG good_NEG guy_NEG of_NEG the_NEG piece_NEG audience just waiting character crack start blowing people away drew barrymore fresh acclaimed role poison ivy film simply favor director phedon papamichael cinematographer ivy playing character named daisy drew bumped right away leaf one_NEG to_NEG look_NEG at_NEG but_NEG jeff_NEG fahey_NEG and_NEG sean_NEG young_NEG (_NEG who_NEG ha_NEG had_NEG a_NEG single_NEG subtle_NEG moment_NEG on_NEG camera_NEG since_NEG ``_NEG blade_NEG runner_NEG ''_NEG )_NEG witless script michael angeli concern police sketch artist draw wife face murder witness testimony a_NEG bad_NEG idea_NEG for_NEG a_NEG plot_NEG better suited hour-long tv series cable-made movie short inspiration beginning casting shorter surprise,negative,positive
example world war num documentary using hand account actual troop civilian participated awful conflict archived footage gathered time caught re-run history channel year half knowledge_NEG really_NEG of_NEG the_NEG second_NEG world_NEG war_NEG at_NEG the_NEG time_NEG enveloped consider world war num buff watching reading come close landmark documentary definitely worth buying boxed set quite simply documentary making highest standard,positive,negative
quite_NEG sure_NEG what_NEG to_NEG say/think_NEG about_NEG this_NEG movie_NEG definitely the_NEG worst_NEG in_NEG the_NEG series_NEG (_NEG there_NEG 's_NEG still_NEG ``_NEG halloween_NEG num_NEG ``_NEG )_NEG style just different focus element predecessor did try explain michael myers freak halloween start butchering stuff michael myers cursed evil cult nice effort did buy_NEG it_NEG installment series tried come fancy explanation movie contains lot gore actually plain carnage seen_NEG the_NEG other_NEG halloween_NEG film_NEG you_NEG will_NEG probably_NEG like_NEG this_NEG one_NEG for_NEG it_NEG blood_NEG content_NEG real halloween freak sequel just different seen good suspense turned terror carnage exploding head point ending theatrical cut simply awful michael get stabbed needle beaten pipe stabbed time needle beaten little slime running head did green stuff come basically trash worth num million good thing michael mask dedicated donald pleasance quite disgrace rating num num,negative,positive
give_NEG much_NEG credence_NEG to_NEG aid_NEG conspiracy_NEG theory_NEG but_NEG it_NEG sociologically_NEG interesting_NEG to_NEG see_NEG the_NEG phenomenon_NEG dramatized_NEG early year aid epidemic suffering paranoia scared dying generated dark fantasy especially true politically radical sexually extreme demi-monde san francisco city renowned beauty rarely appeared uglier film sense darkness decomposition pervades scene acting plot ca be_NEG said_NEG to_NEG be_NEG well-done_NEG the_NEG film_NEG unique_NEG cultural_NEG context_NEG and_NEG oppressively_NEG dark_NEG mood_NEG at_NEG least_NEG partly_NEG save_NEG the_NEG film_NEG from_NEG being_NEG a_NEG complete_NEG loss_NEG actually interesting performance irit levi crusty cynical jewish lesbian police detective interesting necessarily_NEG convincing_NEG highlight film use garishly tragic turandot effective motif sublime silent cameo iconic performance artist ron athey,negative,positive
doe poster artwork say clubbed best uk indie film seen long time screen international quote french distributor reported screen international influential film trade publication read pretty picture acquired french-speaking right neil thompson clubbed james velaise president pretty picture said clubbed best uk indie film seen long time this_NEG rather_NEG misleading_NEG distributor bound say good quote real,negative,positive
video box copy film claim people turned inside total lie fact apart opening segment film even_NEG a_NEG horror_NEG movie_NEG sunken treasure legion fish people mad scientist lot like doug mcclure adventure movie obviously film work_NEG of_NEG art_NEG kind fun watch just warned beginning quite gory,positive,negative
seen guinea pig film like mermaid manhole dy_NEG pretty sick bit sense humor dark devil experiment filming bunch punk submitting young girl method torture violence plot_NEG and_NEG redeeming_NEG value_NEG to_NEG it_NEG whatsoever_NEG remotely_NEG scary_NEG mind-set definitely disgusting certainly call_NEG it_NEG entertainment_NEG the_NEG paragon_NEG of_NEG good_NEG taste_NEG in_NEG film_NEG and_NEG i_NEG like_NEG my_NEG trash_NEG and_NEG sleaze_NEG really disturbing fact seek thing disturbing possible bit young woman kicked beaten submitted continuous noise headphone drool pelted raw meat innards left hanging hammock wood think sound great certainly viewing guinea pig stuff num num absolutely nauseating,negative,positive
documentary marian cooper absolutely amazing saw tonight turner classic movie channel think order copy dvd film footage doe look_NEG all_NEG blurry_NEG and_NEG choppy_NEG like_NEG you_NEG might_NEG think_NEG from_NEG num_NEG b_NEG &_NEG w_NEG silent_NEG film_NEG set iran num nomadic tribe people documentary leave desert home cross raging river men woman child animal snowy mountain pas barefoot sink swim climb die search grass animal cow goat dog horse mule scene man carrying mule sick climb mountain child documentary look happy healthy hard life wonder nomadic tribe iran live like make appreciate modern life usa,positive,negative
just watch num film pang brother eye watched eye kind disappointed guy heard good word film eye really bad script especially ending childish cliche coincident opinion good photography experimental image decided did disappointed_NEG again_NEG great photography stunning image mtv-style editing cool music time story lot indie spirit logical beautiful tiny plot hole doe cause_NEG any_NEG trouble_NEG with_NEG the_NEG storyline_NEG problem film bad dvd,positive,negative
movie basically day specific russian regiment stationed afghansitan main troop withdrawal num movie accurately portrays grim reality russian army infamous dedovshina officer ncos physically harassing beating humiliating younger recruit mixed character war trade enemy day kill life woman line documentary footage helicopter assault coffin soldered sent home heave c- num hercules class russian cargo plane tracer jam stinger missile fatigue boredom anti-war sentiment emotional simply action scene poorly illogical like major bandura suicidal walk turning num -year-old kid armed ak- num father just killed fact middle firefight mountain heavy grenade launcher pop half-bright person know virtually impossible hump num - num lns launcher march time film show war dirty affair murder condoned wanton destruction village little reason_NEG is_NEG normal_NEG indiscriminate killing civilian overlooked collateral damage inevitable war food thought afghan war lost the_NEG best_NEG war_NEG movie_NEG made_NEG profound intelligent worth watching,positive,negative
bad one_NEG know_NEG anything_NEG about_NEG this_NEG movie_NEG get old telling people rap version spinal tap know im sorry dont better comment damnit movie watch make friend watch just like im gon na,positive,negative
fanciful horror flick vincent price playing mad magician realizes vocational talent sold devise way avenging wronged master scheme price little par compared masterpiece reason watch thriller supporting cast includes patrick mary murphy eva gabor jay novello,negative,positive
think cheater need air end reality care_NEG what_NEG anyone_NEG say_NEG you_NEG can_NEG attack_NEG me_NEG or_NEG agree_NEG with_NEG me_NEG but_NEG it_NEG time_NEG like_NEG this_NEG that_NEG the_NEG show_NEG is_NEG just_NEG spewing_NEG out_NEG propaganda_NEG and_NEG the_NEG host_NEG of_NEG cheater_NEG joey_NEG greco_NEG is_NEG a_NEG little_NEG bastard_NEG who_NEG want_NEG to_NEG think_NEG that_NEG showing_NEG people_NEG on_NEG camera_NEG is_NEG effective_NEG and_NEG unawares_NEG it_NEG just_NEG will_NEG show_NEG disgusting_NEG he_NEG is_NEG also_NEG the_NEG wiretapping_NEG and_NEG following_NEG of_NEG people_NEG by_NEG ``_NEG cheater_NEG spy_NEG 's_NEG ''_NEG is_NEG illegal_NEG and_NEG a_NEG federal_NEG offense_NEG we_NEG are_NEG living_NEG in_NEG a_NEG police_NEG state_NEG like_NEG the_NEG soviet_NEG union_NEG and_NEG nazi_NEG germany_NEG rolled_NEG into_NEG one_NEG i_NEG am_NEG happy_NEG that_NEG there_NEG is_NEG poor_NEG review_NEG on_NEG this_NEG trash_NEG this_NEG need_NEG to_NEG end_NEG soon_NEG or_NEG we_NEG are_NEG going_NEG to_NEG lose_NEG our_NEG liberty_NEG a_NEG a_NEG nation_NEG wonder_NEG our_NEG country_NEG is_NEG going_NEG to_NEG hell_NEG it_NEG because_NEG of_NEG this_NEG and_NEG other_NEG filth_NEG show_NEG i_NEG liked_NEG the_NEG older_NEG show_NEG better_NEG from_NEG the_NEG num_NEG s-_NEG num_NEG s_NEG i_NEG hope_NEG you_NEG all_NEG agree_NEG with_NEG me_NEG on_NEG that_NEG thank_NEG you_NEG infowarrior_NEG,negative,positive
wow danish movie kind content mean actor story picture efx - danish efx house producing vfx - wow like num nd num rd time danish fx produce visual effect quality spoiler ahead twist ghostly child submarine quite good generally did feel_NEG the_NEG big_NEG chill_NEG which_NEG i_NEG would_NEG expect_NEG from_NEG a_NEG ghost-movie_NEG end spoiler danish movie dane proud bad a_NEG danish_NEG director_NEG swedish,positive,negative
seen mst num k version uncut version enjoyed way that_NEG bad_NEG of_NEG a_NEG movie_NEG sure moved bit slow time liked far mst num k go did movie right all_NEG the_NEG movie_NEG they_NEG ripped_NEG apart_NEG where_NEG bad_NEG movie_NEG just easy make fun soultaker example joe estevez robert character inanimate boringly silly help_NEG but_NEG laugh_NEG take_NEG them_NEG seriously_NEG really created unique feeling vivian schilling did excellent job script world better num garbage theatre today role played too_NEG screamy_NEG to_NEG masculine_NEG but_NEG just_NEG right_NEG camera really like movie casted role ready script anyways movie deserves bit credit given watch uncut version mst num deserves,negative,positive
watching john preform kind share really watch grown man portray child like fact character picture looked like entertaining understand individual freak real stand john real talent,positive,negative
watching gap year remembering flop original release surprised held reason failure generation just thought indulgent crap younger disappointed did show_NEG the_NEG full_NEG hippy_NEG glory_NEG seen clear antonioni aware fascinated heady mix fervent enthusiasm change lack clear vision future lead pair excellent shameful took flak film perceived failure ideal convey perfectly various contradiction demonstrate pure delight lovemaking blame emphasis student revolt sequence start say director beautiful looking picture certainly got best man natural landscape oh even_NEG mentioned_NEG the_NEG highly_NEG explosive_NEG ending_NEG,positive,negative
probably worst movie terrible good probably best watch_NEG it_NEG expecting_NEG a_NEG gripping_NEG plot_NEG and_NEG something_NEG fantastically_NEG clever_NEG and_NEG entertaining_NEG going disappointed want watch num million vas goro fantastic english real treat harder think film worse get unless having competition spot plot ups case got hour entertainment ahead really recommend film bored die-hard smap fan bit careful goro japanese fan bit upset thought selling really_NEG when_NEG johnny_NEG kitagawa_NEG (_NEG who_NEG wa_NEG the_NEG executive_NEG producer_NEG )_NEG can_NEG do_NEG that_NEG for_NEG him_NEG )_NEG,positive,negative
wait_NEG to_NEG put_NEG this_NEG movie_NEG in_NEG my_NEG dvd_NEG player_NEG when_NEG i_NEG rented_NEG it_NEG started wait_NEG to_NEG get_NEG it_NEG out_NEG of_NEG my_NEG dvd_NEG player_NEG actually watched movie wife kept waiting waiting funny happen funny doe box read like really funny premise movie sound good ben stiller funny jack black funny movie miss doe miss unfunniest comedy watched talked thought slightly funny just really lame movie trust avoide avoide,negative,positive
comparison unfair inevitable attracted intimacy depth umbrella slightly horrified discover cut-and-paste musical american style - awkward stilted dialogue inexplicable song-and-dance number gene kelly french accent apparently poor dreadful job dubbing substituted remember dubbing perfectly pulled umbrella translation french subtitled version leaf desired ca be_NEG attributed_NEG to_NEG demy_NEG film self-aware moment come wee disconcerting reference song legrand costume - tight boot combination freakishly unnatural color reminds austin power film demy doe reward viewer allusion umbrella note instance suitcase carried maxence departure rochefort - suitcase carried guy departure cherbourg note convenient brunette resolution - madeleine umbrella josette young girl generally speaking expecting natural feel umbrella save floating bicycle scene looking similar deeper question ambiguous ending umbrella script probably pas b looking french version num s american musical quite happy,negative,positive
think interesting movie called thriller thrilling time hear piano sound hear piano sound people talk fact concern_NEG anybody_NEG piano sound honest movie reason register imdb think movie humankind warned spoiler way action-like happens hot chocolate spilled interesting actor yes quote intentional think act_NEG play piano smalltalk acting_NEG they_NEG do_NEG think movie left_NEG a_NEG cinema_NEG and_NEG felt_NEG angry_NEG really film angry angry time money spent,negative,positive
anna life family new housing estate just outside city husband sebastiaan year talk_NEG so_NEG much_NEG anymore_NEG working visit abroad female colleague commits suicide anna deeply impressed death hardly knew know took life time anna realizes unknown dearest anna doe mention_NEG the_NEG incident_NEG back_NEG home_NEG and_NEG start_NEG observing_NEG her_NEG husband_NEG and_NEG child_NEG guernsey story woman suddenly start looking life wonder got drifted apart people closest translation dvd cover text synopsis hope useful movie doe have_NEG an_NEG imdb_NEG plot_NEG summary_NEG yet_NEG at_NEG this_NEG date_NEG,negative,positive
joking_NEG around_NEG chance movie need chop arm worth fatty drive bus unlike film seen take trash cinema elevates work art contains poor shot idiotic character bad dialogue strange acting cinematography belongs public access iowa actually succeeds goal film strives dumbest strangest inane movie seen boy doe succeed lay plot worry thing filmmaker obviously did )_NEG really need pay_NEG too_NEG much_NEG attention_NEG because_NEG the_NEG entire_NEG film_NEG 's_NEG plot_NEG is_NEG presented_NEG in_NEG a_NEG very_NEG long_NEG piece_NEG of_NEG text_NEG played_NEG before_NEG the_NEG opening_NEG credit_NEG event fdtb admirer story bus tour chicago led satan jesus town passenger bus supposed die soul gone hell jesus town lackey hell call job anger satan doe like_NEG looking_NEG like_NEG a_NEG fool_NEG in_NEG front_NEG of_NEG the_NEG guy_NEG decides people bus sign soul directly devil need disguise tour right disguise roger get bus driver referred_NEG to_NEG by_NEG name_NEG kind fat guess fatty bus rider collision course wackiness example lunacy title repeat screen num time know_NEG why_NEG character appears bus mid-trip explanation introduction occassionally sits look like doe belong_NEG know_NEG why_NEG character fall love exchange longing glance really shot repeated know_NEG why_NEG satan give minute long monologue transforming human form title card flash satan going transform know_NEG why_NEG character woman obviously man drag referred character glamorous bridget know_NEG why_NEG good thing came internship troma summer getting copy fatty drive bus,positive,negative
frankly surprised little film columbine massacre a_NEG major_NEG documentary_NEG puzzling fortunately graced talent ben coccio directed zero day gu van sant did equally fine elephant different take event common idea real cause massacre mystery ultimately baffling unknowable motivation killer actually drove carry fantasy horrible reality zero day purportedly videotape shooter event absolutely riveting know going harbor hope wo ``_NEG go_NEG there_NEG ''_NEG ..._NEG and_NEG the_NEG tension_NEG in_NEG the_NEG final_NEG minute_NEG of_NEG the_NEG movie_NEG is_NEG excruciating_NEG film terrific director script much_NEG improvised_NEG appears spontaneous lead actor supporting player aspect zero day troubled okay ca fathom_NEG why_NEG the_NEG shooter_NEG would_NEG do_NEG what_NEG they_NEG did_NEG certainly contributor anger boy really_NEG seem_NEG angry_NEG say thing indicate fact did convince_NEG me_NEG that_NEG they_NEG had_NEG something_NEG inside_NEG them_NEG that_NEG compelled_NEG them_NEG to_NEG kill_NEG innocent_NEG people_NEG leaf sense director coccio want rent buy movie creep stay long time blair witch folk wish kind success guy making mock documentary,positive,negative
movie bad memory childhood movie kid rainy day school ca go_NEG out_NEG for_NEG recess_NEG watching like elementary school just remember hating movie granted seen_NEG it_NEG in_NEG num_NEG year_NEG or_NEG so_NEG probably use_NEG it_NEG on_NEG rainy_NEG day_NEG anymore_NEG but_NEG i_NEG just_NEG want_NEG to_NEG warn_NEG everyone_NEG better using kid sleep entertaining trust pick topic kind controversial plot tame slow ca remember_NEG anything_NEG about_NEG it_NEG except_NEG that_NEG i_NEG disliked_NEG it_NEG so_NEG strongly_NEG that_NEG here_NEG num year later felt need warn,negative,positive
even_NEG make_NEG any_NEG more_NEG comment_NEG about_NEG this_NEG movie_NEG instead make recommendation euro-horror fan want enjoyable low-budget vampire flick check nattens engel num razor blade smile lack acting nice location terrific score hissing vampire,negative,positive
ah movie said people remind epic trainspotting ouch fool believe ouch buttock hurt having forced watch c p beginning end num - num minute just wanted end nudity action cool acid house music make worth time cd shelf hope have_NEG to_NEG pick_NEG it_NEG out_NEG again_NEG just_NEG to_NEG show_NEG it_NEG to_NEG some_NEG friend_NEG who_NEG is_NEG so_NEG anxious_NEG to_NEG see_NEG it_NEG that_NEG he/she_NEG do_NEG want_NEG to_NEG listen_NEG to_NEG my_NEG warning_NEG,negative,positive
michael callan play smarmy photographer nonetheless regarded perfect catch woman run fact co-produced film hero difficult empathize movie trouble right start trouble end_NEG there_NEG production value tv-movie check head clay near end ending cheat way ca reveal_NEG case want movie highly unlikely let just say killer know let know know num num,negative,positive
watched bourne identity bourne supremacy dvd seeing theater waiting started filming disappointed_NEG minor spoiler below- overall good lacked continuity identity supremacy flowed gracefully adrenaline rush action introspective drama movie felt choppy time plot-building down-times slightly drawn caused following action feel frenetic camera speaking frenetic trademark greengrass shaky cam present annoying know nausea message board doe mean_NEG it_NEG 's_NEG relevant_NEG martial art training actor went totally wasted ridiculous camera cut wiggling camera ruined fighting movie cheap student director trick make film feel unsettled expect technique used horror flick high school kid in_NEG this_NEG classy_NEG adult action series extreme close-up framing interesting shot constant close-up feel like lazy directing story story confusing thrust new name face gave feeling come movie late know missed crucial information felt rushed compressed time reason catch story quite good enjoyable following lead bourne did care_NEG for_NEG the_NEG whole_NEG last_NEG scene_NEG of_NEG supremacy_NEG (_NEG landy/bourne_NEG on_NEG the_NEG phone_NEG )_NEG being_NEG in_NEG the_NEG middle_NEG of_NEG ultimatum_NEG thing_NEG basically make movie half-prequel thought awkward star movie action obviously original left bourne nicky parson teaming kind odd think just wanted bourne protect confide unless completely missed even_NEG tell_NEG you_NEG why_NEG they_NEG teamed_NEG up_NEG assassin movie pretty quiet felt like wanting leave_NEG open_NEG end_NEG understandable disappointing seriously damon clive owen identity marton csokas supremacy scene phenomenal assassin uninteresting castel fella bourne fight identity cast general degraded series went clive owen practically afterthought measure strength cast second basically trade chris cooper joan allen exactly_NEG equal_NEG trade brian cox franka potente num actor named later david strathairn scott glenn albert finney the_NEG first_NEG name_NEG that_NEG come_NEG to_NEG mind_NEG for_NEG this_NEG kind_NEG of_NEG series_NEG aside couple pause long acting right successful felt like wanted series trimmed rearranged slower part eliminated scott glenn entirely zoomed taken camera away seizure victim perfect ending spoiler see_NEG why_NEG they_NEG leave_NEG bourne_NEG alive_NEG at_NEG the_NEG end_NEG understanding conclusion clearly reference beginning series silhouette floating motionless thought going circle type ending did like nicky reacting news report spoiler specific warning - quote movie - bourne line end look look make quoting assassin killed loved final scene great vosen strathairn shot bourne just vengeance angry murder shoot_NEG pamela_NEG landy_NEG after_NEG she_NEG fax_NEG his_NEG top_NEG secret_NEG file_NEG did make_NEG sense_NEG,positive,negative
sum story sentence teenage girl amy us hot body supposed virginity entice young troubled guy matt potential football scholarship provide ride town come quite reputation slept football player past hoping offer deal kid come troubled dysfunctional home matt mother alcoholic repeatedly embarrasses friend amy mother bad reputation got pregnant amy young age matt fall love amy try straighten life predictable ending actress play amy actually num year old trying play teenager,positive,negative
run south park come end a_NEG strong_NEG an_NEG episode_NEG a_NEG i_NEG 'd_NEG hoped_NEG for_NEG night living homeless stronger finisher stanley cup tsst bloody mary erection day ca hold_NEG a_NEG candle_NEG to_NEG woodland_NEG critter_NEG christmas_NEG and_NEG goobacks_NEG episode night living homeless spoof zombie genre way south park think instead flesh eating zombie entity homeless request change survive randy resident locked community center time roof survey scene particularly funny moment member find home gone homeless leaving randy choice_NEG but_NEG to_NEG shoot_NEG him_NEG boy set solve problem story homeless takeover trying convey message seriously uninspired south park best lot time ridiculous matt trey played safe week did really_NEG critique_NEG the_NEG homeless_NEG problem_NEG just lampooned shock moment episode come scientist shoot attempt avoid homeless time suicide south park go wrong watch poor man miss brain attempt shoot time painfully dy inspired south park moment overall episode funny kept great withholding real commentary homeless sticking straight zombie shtick ending somewhat funny new wait october batch episode long haul south park applauded run running steam season form,positive,negative
anthony perkins sophia loren absolutely gorgeous ca num western doe help_NEG a_NEG ridiculous_NEG story_NEG countless historically incorrect element byrl ives convincing num -something tyrannical patriarch egomaniac swears num th birthday wild dancing party give neighbor make notice guy sevety mumbling bible verse demand respect driving son friend away self-righteous ranting emotional cruelty love affair perkins loren appears absurd believable near end plenty drama enough_NEG to_NEG feel_NEG good_NEG about_NEG clearly written stage story dated filmed perkins whistle bonnie num s song composed_NEG until_NEG num_NEG critic knocking sophia loren command english language petty english flawless completely audible neapolitan loren speaks distinct dialect dubbed proper italian accent hardly affect speaks english generation german american appreciate effort learn english second fourth language desire elm drama tragedy classic sense enjoyment missing logical story overall pay time invested fan star wo want_NEG to_NEG miss_NEG it_NEG tune risk,negative,positive
great fun went num friend sneak preview viewing film came different num minute wondering heck got time joke funny stayed funny movie just asking stuff example lingo repeating joke different twist funnier funnier search malinski main character introduced wackier half film did even_NEG know_NEG the_NEG name_NEG of_NEG this_NEG movie_NEG because_NEG there_NEG were_NEG opening_NEG credit_NEG and_NEG we_NEG went_NEG to_NEG this_NEG sneak_NEG viewing_NEG sure good time house loaded appr num people think half did like_NEG it_NEG and_NEG the_NEG other_NEG half_NEG loved_NEG the_NEG film_NEG like weird comical movie great dialogue love apart clooney movie deserves lot better num num imdb rating time write ppl seen sure num num reasonable guess num num num num beer,positive,negative
place england num orphan carrie charles paul sent live miss price angela lansbury doe want_NEG them_NEG but_NEG reluctantly_NEG take_NEG them_NEG in_NEG studying witch correspondence course college witchcraft ok -- realize family film -- college witchcraft come finish course college closed war seek head professor browne david tomlinson kid travel bed help magical bedknob saw num vaguely remember loving sure doe hold_NEG up_NEG a_NEG an_NEG adult_NEG story silly fantasy kid terrible actor charles incredibly obnoxious roddy mcdowall billed appears short scene trip isle naboombu run animated animal thought fun animation poor disney violent far long soccer game animal saving grace lansbury tomlinson just great song forgettable pleasant long dance sequence portobello road colorful energy oscar-winning special effect pretty impressive end weak story line poor animation unlikable kid really pull heard extended version worse num,positive,negative
debacle sleepaway camp thought franchise born sc ii superior aspect inspired killing just lot fun be_NEG saying_NEG much_NEG (_NEG compared_NEG to_NEG the_NEG first_NEG movie_NEG )_NEG sleepaway camp ii worth rental pro entertaining doe take_NEG itself_NEG too_NEG seriously_NEG like_NEG sc_NEG i._NEG inspired_NEG killing_NEG con crappy acting mullet abound line num num,negative,positive
movie show original idea action scene previously released movie fabulous nick completely plain patton calm evil good_NEG duvall ok small doe angelina determine newly acclaimed stardom overall character especially detailed make movie easy forget bad you_NEG think_NEG,negative,positive
seen_NEG it_NEG in_NEG over_NEG twenty_NEG year_NEG oj bus driver arte johnson tour guide lorenzo kidnapper yea lorenzo looked home villain natural think watched oj seen towering inferno cassandra crossing arte johnson little bored johnson yes shifted plot reading post remember plot going kidnap rich girl priceless stamp business turned blue going stamp came late movie probably record check be_NEG nostalgic_NEG over_NEG it_NEG yet_NEG anyway_NEG better movie seventy like check,negative,positive
definitely did people actually expecting worse did good part expecting_NEG it_NEG still_NEG did_NEG fail_NEG in_NEG other_NEG area_NEG though_NEG acting average love phillip seymour hoffman movie liked tom hank hoffman glue movie for_NEG him_NEG this_NEG movie_NEG would_NEG have_NEG crumbled_NEG and_NEG hit_NEG rock_NEG bottom_NEG performance mean_NEG stunning_NEG but_NEG absolutely_NEG necessary_NEG gave good witty cynical performance actor easily character tom hank really gave nice loose performance did disappoint_NEG but_NEG he_NEG certainly_NEG did_NEG impress_NEG stand_NEG wa_NEG that_NEG julia_NEG robert_NEG wa_NEG involved_NEG in_NEG this_NEG movie_NEG big miscast seen bad actress young character phony character playing directing average really_NEG a_NEG big_NEG fan_NEG of_NEG the_NEG recent_NEG mike_NEG nichols_NEG movie_NEG and_NEG i_NEG 'm_NEG exactly_NEG impressed_NEG by_NEG this_NEG one_NEG either_NEG hollywoodish cartoonish touch hat stand_NEG worst tried make really meaningful movie end love meaningful movie when_NEG a_NEG movie_NEG try_NEG to_NEG rush_NEG a_NEG scene_NEG or_NEG two_NEG at_NEG the_NEG end_NEG and_NEG show_NEG something_NEG that_NEG try_NEG to_NEG justify_NEG the_NEG rest_NEG of_NEG the_NEG garbage_NEG spread_NEG throughout_NEG the_NEG whole_NEG movie_NEG mike nichols lot recent track record impressive movie writing dialog able let story play writing able really able movie average level scene laughing writing saw lot scenery good movie mean a_NEG lot_NEG other_NEG than_NEG that_NEG did like movie did glorify_NEG everything_NEG america_NEG had_NEG done_NEG obvious war afghanistan gave weapon people movie kind blame show good short term turn horribly wrong future movie did good original message just did deliver_NEG it_NEG right_NEG overall entertaining,positive,negative
true story bunch junky robbing so_NEG honest_NEG businessman_NEG of_NEG drug_NEG jewelry gun money say tragic tale america excessive eighty high peace free love sixty crashed drug aid honestly just regular people aim_NEG in_NEG life_NEG who_NEG sit_NEG around_NEG getting_NEG high_NEG and_NEG decide_NEG to_NEG rob_NEG a_NEG ruthless_NEG man_NEG second master plan stuff sit high great plan know_NEG the_NEG story_NEG suspense_NEG in_NEG this_NEG movie_NEG and_NEG surprise_NEG fact cox try make kind folk hero character party scene montage loot weak insulting story better straight forward approach just sad story small time drug dealer getting killed big time drug dealer bigger story way john holmes center story movie life wonderland wonder fade away official_NEG boogie night better version holmes life entirely_NEG factual_NEG far enjoyable,positive,negative
movie the_NEG best_NEG ..._NEG but_NEG it_NEG did_NEG have_NEG some_NEG good_NEG actor_NEG in_NEG it_NEG isiaiah washington pretty good homeless guy guy torrey good handicapped brother ice-t humorous landlord surprisingly actress tami roman good judge movie did even_NEG know_NEG it_NEG wa_NEG her_NEG and_NEG i_NEG am_NEG a_NEG die_NEG hard_NEG real_NEG world_NEG fan_NEG totally believable hopefully movie wo hinder_NEG these_NEG actor_NEG development_NEG know isiaiah left movie far success grey anatomy ice-t regular role nypd special unit tami roman landed recurring role sex love secret upn new soap opera wish actor bad movie doe a_NEG bad_NEG actor_NEG make_NEG,negative,positive
high hope teletoon retro air instead having show one get_NEG the_NEG treatment_NEG that_NEG they_NEG deserve_NEG air thing seen dozen time centurion highlight pre-teen year know little bit true duke joe jake rockewell cartoon character really crush bad teletoon retro doe see_NEG it_NEG the_NEG same_NEG way_NEG people_NEG of_NEG my_NEG generation_NEG do_NEG teletoon retro lot better,positive,negative
sarah silverman program similar sarah stand prejudice ca possibly_NEG take_NEG it_NEG to_NEG heart_NEG fact people doe mean_NEG they_NEG will_NEG all_NEG appreciate_NEG it_NEG polarizing dimensional like_NEG it_NEG after_NEG num_NEG minute_NEG like num minute stay tuned episode far good like show perfect_NEG personally love program huge fault racist song funny older lot faster silverman realize -- problem jesus magic silverman gave quota song episode doe need_NEG to_NEG exist_NEG to_NEG mention_NEG that_NEG while_NEG the_NEG lyric_NEG to_NEG the_NEG song_NEG she_NEG writes_NEG are_NEG good_NEG music thing mind reason appeal fan monty python upright citizen brigade like show watch monty python day like ca watch_NEG more_NEG than_NEG the_NEG half_NEG hour_NEG limit_NEG at_NEG a_NEG time_NEG get flat fast repeat value low -- second time episode fairly funny time opinion boring time funny shot,positive,negative
roi et reine sprawling mess movie probably irritate viewer delight focus turn ex-lovers nora emanuelle devos ismael mathieu amalric confront major crisis separate life nora story played straight sombre tone ismael played mainly laugh particularly_NEG funny_NEG nora crisis triggered terminal illness father louis maurice garrel ismael sudden incarceration mental hospital instigation mysterious party ismael louis just male shaped nora life turn shaped notable deceased lover pierre young son elia event past present played audience ex-lovers involved life gradually emerges nora personal life story reliable meet eye cult director arnaud desplechin fashioned considerable oddity garnered major plaudit france wilfully eschews established narrative convention develops movie series dramatic shift mood tone approach founded coherent unifying core idea theme worked clear_NEG in_NEG the_NEG end_NEG what_NEG exactly_NEG desplechin_NEG 's_NEG film_NEG is_NEG actually_NEG about_NEG heavy-handed allusion greek mythology freudian theory evidently freighted meaning unschooled movie-goer remain helpful illuminating interpreting life character time treatment lapse kitsch use anodyne moon river film theme tune suggests probably deliberate spoiler alert suspect major theme movie very_NEG original_NEG observation_NEG that_NEG how_NEG we_NEG see_NEG ourselves_NEG can_NEG differ_NEG radically_NEG from_NEG how_NEG others_NEG see_NEG u_NEG or_NEG even_NEG how_NEG we_NEG think_NEG others_NEG see_NEG u_NEG idea obviously represented film violent death pierre revelation contained louis secret diary unfortunately event entirely disconnected revealed audience pierre louis respective relationship nora cheat desplechin thrusting idea unmediated form illustrating subtly natural course narrative darkly surreal touch imply presence alternative largely unconscious world person stripped frighteningly bare felt pretentious intrusion film-making technique eruption deeper reservoir truth inherent story fact heavy-handed hint depth character curiously undeveloped unnuanced function cipher creator idea people real people right life arbitrarily applied organic example ismael constantly reminded viola player hour pas actually hear play effect chosen instrument profession personality elaborated_NEG just marine biologist trapeze artist amalric brings certain manic charm unhinged ultimately sane ismael devos cloying monotone intentional elusive nora jean-paul roussillon ismael father elsa wolliaston psychoanalyst magalie woch psychically wounded defiant sinologist befriends hospital make biggest impact supporting actor catherine deneuve role little self-referential cameo ultimately roi et reine acquired taste fail push button likely desplechin undisciplined florid approach frustrate exasperate watching,negative,positive
hardly compare space adventure time star war star trek fan_NEG of_NEG star_NEG trek_NEG recognize film pale comparison series trekkies ooze fact place future better light term space travel story boy captured space raider pirate obviously fake unentertaining battle captured boy befriends pirate help slowly raider die end boy get return home remaining pirate escape gravely wounded acting that_NEG great_NEG really obvious total lack interesting dialogue effect storyline got num minute want shot involves space ahead warned d,negative,positive
course flatley exactly_NEG the_NEG ideal_NEG name_NEG for_NEG a_NEG dancer_NEG think michael really pushing irony envelope new title foot flame really ca resist_NEG recommending_NEG desenex_NEG foot_NEG spray_NEG to_NEG the_NEG retiring_NEG (_NEG and_NEG clearly_NEG ailing flatley add like cheering london crowd review enthusiastic live performance hinting live performance flatley cheered enthusiastic london crowd perry seibert movie guide,negative,positive
understand_NEG why_NEG this_NEG movie_NEG ha_NEG such_NEG a_NEG low_NEG rating_NEG totally deserves sure completely ridiculous supposed expect_NEG cinematic_NEG transcendence_NEG from_NEG a_NEG movie_NEG about_NEG beauty_NEG pageant_NEG contestant_NEG stranded_NEG on_NEG a_NEG caribbean_NEG island_NEG expect huge spoof pretty relevant sci-fi fantasy block-buster movie cinematic history reference spoofers completely exaggerated totally unnecessary exactly make movie stand like parody enjoy say leslie nielsen mike myers gon na love sure did,positive,negative
kept waiting film inspire shock sadden way stirred emotion just meandered end character unique complex just like actor reciting line think better movie character expressed emotion did believable veteran probably committed suicide just movie soon waste talent film time message meaning genius story certainly well-hidden dense doubt,negative,positive
movie terribly hard unique low budget little gore flick doctor seeking perfect companion really humourous low budget feel gore suprisingly good appears num budget director claimed master gore go_NEG that_NEG far_NEG maybe time overall num num gore chart,negative,positive
interesting film actual event took place civil war vermont kept attention end regret_NEG viewing_NEG it_NEG ever_NEG read_NEG any_NEG on_NEG this_NEG raid_NEG incident_NEG so_NEG i_NEG wa_NEG curious_NEG to_NEG see_NEG if_NEG the_NEG rebel_NEG pulled_NEG it_NEG off_NEG enjoy historical film era major complaint confederate uniform look good acting little stiff time like old man eating mashed potato did have_NEG any_NEG teeth_NEG wounded soldier playing fetch hound little strange overall descent film,negative,positive
watching baghban movie equivalent trying eat way vat saltwater taffy nigh unto hour indian film sticky sweet sentimental soap opera start like king lear move romeo juliet middle section head king lear tear-soaked finale raj malhotra bank accountant man possibly want life wife adores family love job retire lifetime faithful service raj wife pooja married num year grown son act like couple love struck newlywed cooing sighing batting eye whispering sweet nothing ear point nausea fact bloody brood happy loving harmonious make von trapps look like dysfunctional family comparison parent child joke laugh perform elaborately choreographed spontaneous song-and-dance number like bollywood production baghban drama interspersed great number - case far great number - musical sequence know storytelling aware unadulterated bliss be_NEG allowed_NEG to_NEG go_NEG unpunished_NEG for_NEG long_NEG joy merely prelude awful catastrophe destined come crashing head unsuspecting reveler knowing spend hour film fearful expectation wondering just form disaster doe finally arrive thunderclap occurs hour film raj announces child mother decided family leaving choice kid respective spouse suddenly like king lear discovering viper hidden familial bosom raj find child quite_NEG a_NEG loving_NEG selfless eager share home life parent originally thought understandably horrified prospect kid order foil parent plan come scheme raj live child pooja live switch eventually child chance host parent cycle repeat ad infinitum chagrin kid parent accede plan deeply love spent_NEG any_NEG time_NEG apart_NEG second hour spent aging albeit married lover pining away ungrateful insensitive little brat power make parent understand unwelcome home major problem baghban lack subtlety storytelling direction love ray pooja feel giddy closeness family unit laid thickly hour film collapse weight sentimentality virtually warning screenplay turn dime convert kid callous self-centered monster parent passive whiny victim callousness raj pooja little long tooth little self-reliant doing dreamy-eyed pouting unrequited love bit appropriate lovelorn school kid parent grown child purple prose style emotion underlined highlighted lead intense overacting heavy reliance corny reaction shot melodramatic music punctuation musical number convey certain liberating joy beginning long turn frequently quickly lose effectiveness serve pad material unendurable proportion hour excised bloated production discernible_NEG harm_NEG being_NEG done_NEG -_NEG and_NEG quite_NEG a_NEG bit_NEG of_NEG good_NEG really reason_NEG why_NEG this_NEG film_NEG need_NEG to_NEG drag_NEG on_NEG for_NEG a_NEG punishing_NEG three_NEG hour_NEG egregious seemingly endless harangue subjected end speech raj managed turn experience award-winning bestseller lecture verity relationship straight minute baghban sappy corny saga filled sugar goo king-sized box chocolate sample risk,negative,positive
spent week watching john cassavetes film - starting woman influence ending night completely utterly blown away particular film minute night completely utterly absorbed experienced occasion feeling film perfect lasted third right till credit came film way shot incredible performance gena rowlands credit opening music plot sense depth pace tenderness originality character deft little moment truly sublime agree_NEG more_NEG with_NEG the_NEG previous_NEG comment_NEG about_NEG taking_NEG it_NEG to_NEG a_NEG desert_NEG island_NEG because_NEG the_NEG sheer_NEG depth_NEG of_NEG this_NEG film_NEG is_NEG something_NEG to_NEG behold_NEG unlucky house guarantee instead making ditch attempt rescue stash money bed rescuing copy film instead,positive,negative
sequel a_NEG bad_NEG movie.i_NEG actually_NEG liked_NEG it_NEG better_NEG than_NEG the_NEG num_NEG st_NEG one.i_NEG found_NEG it_NEG more_NEG entertaining.it_NEG seemed_NEG like_NEG it_NEG wa_NEG shot_NEG documentary_NEG style.at_NEG first_NEG this_NEG bothered_NEG me_NEG thought just looked low grew movie movie dry liner original good thing think time went bit scene parody movie suspense num st did have_NEG great music original acting pretty decent like said felt movie loses lot momentum end minute really slow just seem_NEG to_NEG flow_NEG like rest thought pretty rating return cabin lake num num,positive,negative
quasi j-horror film followed young woman return childhood village island shikoku sell family house meet old friend find daughter village priestess drowned year earlier fumiko childhood friend learn sayori mother trying bring life black magic bond dead living getting weak friend villager seeing ghost exceptional good movie unlike stellar j-horror film suspense doe really_NEG build_NEG result doe seem_NEG overly_NEG threatening_NEG and_NEG the_NEG ending_NEG border_NEG on_NEG the_NEG absurd_NEG movie like plain white rice cooked little long bordering mushy poor asian restaurant cook white rice little long end eating need meal chinese japanese food rice ruin meal gluey gooey tastelessness num num,negative,positive
saturday morning num watched superstar biggest event happened time challenge aired sunday morning decent big stuff happened wrestler interview mean gene platform live crowd talk screen background promoted match usually squash num mid carders square main event interview show usually resulted violence setting feud segment ranged piper pit body shop flower shop snake pit brother love funeral parlor barber shop recall_NEG any_NEG title_NEG changing_NEG hand_NEG on_NEG this_NEG show_NEG usually happened pay view saturday night main event,positive,negative
sweet funny story num people crossing path prepare wedding ex-cop writer public school teacher fall great new york setting marrying people maybe little trite partner type personality protagonist relaxed anything_NEG heavy_NEG smile hey guy - sell natasha henstridge angle gal - sell sappy romance win,positive,negative
cultural vandalism new hallmark production gulliver travel act cultural vandalism literally_NEG a_NEG single_NEG copy_NEG of_NEG the_NEG book_NEG is_NEG burned_NEG gulliver people exposed people get_NEG anything_NEG like_NEG what_NEG jonathan_NEG swift_NEG intended_NEG jonathan swift alive hallmark sued moral right violation lose good way think starting project using idea swift masterpiece extraordinary vision humanity hero gulliver travel place make feel big small shat human little people lilleput small way petty stupid fight big-enders little- enders interminable war annihilation end soft-boiled egg opened breakfast table sound bit like forget rest year read tv reminded thing bright want read gift mankind shat like gulligan bough beneath vulgar yahoo danson steenbergen especially great actor peter edward fox ought thoroughly ashamed creative person got bright idea focus star gulliver played ted danson acting just plain bad portrays gulliver insane travel weeeeel yeeeaaah course swift gulliver naturally land visited imaginary called fiction purpose talk humankind awful relation travel imaginary character imaginary land method people treat imagination disease moment hallmark turn_NEG into_NEG one_NEG of_NEG it_NEG anodyne_NEG card_NEG is_NEG suspect_NEG sure hallmark produce crap bad profound little lilliputian character character course commenting character simultaneously all_NEG great_NEG actor_NEG do_NEG informing character shed light light completes character dimensional act psychic triangulation actor subtly like hopkins remains day like nicholson thing year play part pretty broadly apart nicholson actually play relationship point cat cradle chuckling away hold string great fun lacking shouting megaphone great sens hollow shell standing look anodyne ought word hallmark synonym harmless bland inoffensive hallmark doll ca pee_NEG because_NEG she_NEG ha_NEG genitals_NEG norm average person distinction_NEG hallmark hallmark hallmark_NEG suspected_NEG that_NEG such_NEG people_NEG despise_NEG those_NEG who_NEG have_NEG imagination_NEG quite_NEG so_NEG much_NEG suddenly pound disney meta-physicals stand bold type einstein men genius violently opposed mediocre mind mediocre type answer question b suspect distinctive man journey darker place human soul shine little flashlight illuminate act vandalism taliban destroyed buddha afghanistan palestinian oldest synagogue world jericho barbarian great statuary classical age thing obviously vandalism hallmark endeavor protect foreign foe undermining culture feed sustains buy copy gulliver travel live read order online like use abe book,negative,positive
sacred just ask ernie fosselius day everybody video camera movie hardly spoof start flying quickly written shot posted directly internet spoof hot day way make sure filmmaker get_NEG off_NEG on_NEG their_NEG own_NEG self-importance_NEG num year ago star war different world filmmaking playground select spoof rare god gave hardware war shot look cheap just cheap audio obviously recorded fact doe away experience heck make great raw unpolished hit relentlessly pretentious moment original movie fluke starbucker waving flashlight instead lightsaber did young chewchilla wookie monster auggie ben doggie nah just little headache remark film short phenomenon actual star war film rent buy borrow friend farce,positive,negative
payne film major make life living hell small group boy marine film doe really_NEG have_NEG a_NEG lot_NEG to_NEG offer_NEG provides hilarious moment well-worth watch expect_NEG it_NEG to_NEG be_NEG a_NEG memorable_NEG film_NEG just expect laugh way film expense people confrontation major payne chubby boy hilarious really remember film boy wanting revenge major payne a_NEG great_NEG film_NEG probably best watched rainy day need laughter,negative,positive
movie fantastic great movie scary hell mean freaked pulse omen great movie come crap ending right right movie ending pathetic stuff mean ghost turned time chick house think mean itll right time cause think right wrong as care_NEG if_NEG the_NEG ghost_NEG is_NEG satan_NEG just doe happen_NEG movie yes evil movie praised movie like meant make sense did just showed just said people think_NEG anything_NEG of_NEG it_NEG tell noticed_NEG that_NEG pathetic_NEG part_NEG movie ended hospital check number num kick as,negative,positive
dvd published uk num code hrgd num cover asin_NEG vfc num disk ifpi_NEG code_NEG in_NEG the_NEG inner_NEG rim_NEG probably straight transfer vhs much_NEG point_NEG is_NEG commenting_NEG an_NEG adult_NEG film_NEG contains minimal plot character believable shown united state normal cinema seen pensylvannia way num deserves place encyclopedia movie dvd special_NEG feature_NEG and_NEG subtitle_NEG probably using vhs tape source,negative,positive
episode man dog huntin eating dinner wife num year devoted wife dog hunting dog jump river dog follows man dy doe know_NEG it_NEG try talk wife grave digger avail_NEG follows tug war heaven hell man soul dog help make decision tricked devil wo go_NEG in_NEG to_NEG ``_NEG heaven_NEG ''_NEG unless_NEG his_NEG dog_NEG come_NEG with_NEG him_NEG make wonder animal lover right idea want heaven,positive,negative
movie men think woman think love woman_NEG describes_NEG a_NEG one-night_NEG sexual_NEG encounter_NEG and_NEG declares_NEG it_NEG a_NEG love_NEG story_NEG monologue felt really kind truth ring kept waiting film better did bit better_NEG enough_NEG interesting concept kept wanting good succeeded_NEG maybe actually love story worked,negative,positive
friend idea watching animated lotr seeing peter jackson return king finally bought e-bay thinking right start going suck actually really a_NEG bad_NEG a_NEG i_NEG thought_NEG it_NEG would_NEG be_NEG animation good time used unique method blending live action animation create interesting effect guy did voice frodo sounded somewhat like elijah wood the_NEG greatest_NEG adaptation_NEG of_NEG a_NEG book_NEG trust seen lot worse skip quite lot thing fellowship tower compressed hour movie definatley worth watch kid like absoutley comparision_NEG with_NEG the_NEG peter_NEG jackson_NEG trilogy_NEG,positive,negative
yes movie just bad way thing like cast effect boredom excitement course fantastic know hero bit colourful compared new one fantastic bore like really just silly trash knew like saw mean surely budget num num good movie just glad new version year totally showed fantastic good story great cast like jessica alba favourite actress totally forgotten thankfully new excellent saw mate cinema old fantastic bore got ta,negative,positive
know_NEG if_NEG it_NEG 's_NEG fair_NEG for_NEG me_NEG to_NEG review_NEG this_NEG a_NEG fan_NEG of_NEG gratuitous_NEG violence_NEG understood_NEG the_NEG movie_NEG industry_NEG making_NEG hero_NEG out_NEG of_NEG mob_NEG member_NEG and_NEG cold_NEG blooded_NEG killer_NEG godfather came thought broken mold decade produced series well-acted mob movie major star director doing obviously low-budget certainly point feel like want shower character actually exist hard soul intellectualize humankind rise sort thing kind crud stopped hope people film like voyeuristic vicarious feel sort way slasher movie fascination death dismemberment fairness judging acting directing work pretty,positive,negative
adventurous teenager best friend trip thailand experience separating going college like fun time touring exotic land meet attractive stranger seduces taking trip hong kong put drug luggage nabbed local police justice asia different justice main story line brokedown palace good film doe decent job portraying arbitrary corrupt justice system world nation actually portrayal mild prison condition far worse depicted serf reminder matter_NEG how_NEG bad_NEG we_NEG think_NEG our_NEG justice_NEG system_NEG is_NEG pristine comparison rest world unfortunately contrived situation film hampered story escape attempt bogus fantasy think friend able smuggle money bribe prison padded bra be_NEG discovered_NEG by_NEG the_NEG guard_NEG who_NEG were_NEG systematically_NEG checking_NEG everything_NEG brought_NEG in_NEG from_NEG visitor_NEG assumes guard viewer utter blockhead story fails bring closure nagging question drug got alice claire dane backpack did actually agree transport drug left guess intriguing kept guessing girl innocence film finish movie really_NEG knowing_NEG if_NEG one_NEG or_NEG both_NEG of_NEG the_NEG girl_NEG might_NEG be_NEG guilty_NEG considerable flaw ending excellent result unexpected acting claire dane kate beckinsale solid dane oversold hyped actually arrived actor film portrayal frequently immature character improved film progressed circumstance dire beckinsale contrast flying radar brief career shine goody-two-shoes suddenly find prison best performance film pullman miscast lawyer wry diffident style asset film like sleeping lawyer world country crusade free innocent girl injustice wrong personality tourist look thailand interesting did make_NEG me_NEG want_NEG to_NEG go_NEG there_NEG overall entertaining film implausible part insertion ridiculous scene gave num num,positive,negative
seen dolemite avenging disco godfather fine work blaxploitation canon friend rudy ray moore film human tornado aka dolemite num hold special place heart sheer goofiness lack skill film production absolute enthusiasm frankly little human tornado be_NEG topped_NEG opening scene set tone old pal dolemite shacking white woman racist local cop raid house good_NEG reason_NEG you_NEG know_NEG it_NEG woman bed ol dole sheriff wife see dolemite real subtlety his_NEG strong_NEG point_NEG highlight cameo young ernie hudson ghostbusters fame continuity error character looking way shot dolemite suit changing color single shot nightclub act queen bee demonic eye scene real joy rudy ray moore did man really think looked cool movie certainly know_NEG why_NEG admire sheer enthusiasm jumping totally naked cliff barking order gang rhyme quick cave plan let mother dig grave man commits totally certainly go overboard nevermore time doing kung fu climactic battle filmed high speed occassionaly slows let rudy pose grit teeth sure_NEG if_NEG they_NEG wanted_NEG it_NEG too_NEG look_NEG like_NEG they_NEG sped_NEG up_NEG the_NEG film_NEG a_NEG an_NEG effect_NEG or_NEG if_NEG they_NEG really_NEG wanted_NEG u_NEG to_NEG believe_NEG he_NEG wa_NEG that_NEG fast_NEG event matrix human tornado like original dolemite incompetent film enormous proportion fun certainly credit people effort just that_NEG much_NEG enjoy hearty recommendation,negative,positive
movie probably made_NEG a_NEG blip_NEG on_NEG the_NEG radar_NEG screen_NEG got quite bit quality pretty lifelike think movie duvall close portray common people even_NEG realize_NEG they_NEG are_NEG now_NEG big-name_NEG actor_NEG jerk story little old chasing eugene girlfriend guess possible unlikely kid travel montana nevada guess possible think family trouble movie happen_NEG in_NEG your_NEG own_NEG family_NEG guess possible remember glenn close saying like think work hardest life,positive,negative
opulent set sumptuous costume photographed theodor sparkuhl good great_NEG )_NEG performance_NEG by_NEG jannings_NEG a_NEG henry_NEG can_NEG overcome_NEG poor_NEG writing_NEG and_NEG static_NEG camera-work_NEG henny porten chew scenery anne beautiful surface depth_NEG melodramatic tale woman wronged hit america expressionistic cabinet caligari flopped year num proving popular what_NEG endures_NEG lubitsch remembered lively comedy sterile_NEG spectacle_NEG like_NEG this_NEG,negative,positive
breakout role valeria golino film instead decided shift attention area film woman named grazia golino married fisherman mother free spirit prone outburst rest village family decide sent milan doctor story take place island lampedusa sicily show everyday life teenage boy rivaling gang just trying sun baked rock grazia oldest son pasquale francesco casisa adores trying protect bout depression daughter marinella veronica blossoming young girl infatuated local policeman youngest son filippo filippo pucillo sassy mock policeman accent learning sent milan grazia run away pasquale help hiding cave search film really impact concentrated focus grazia outburst irrational behavior follow_NEG up_NEG to_NEG these_NEG scene_NEG come film look great beautifully photographed director emanuele crialese credit story needed focus substantial film doe good job showing life like island going life child grow speculation golino character give hint mermaid like creature having difficulty existing land sense island expects inhabitant behave certain manner then_NEG you_NEG can_NEG be_NEG subjected_NEG to_NEG the_NEG harsh_NEG reality_NEG of_NEG it_NEG rule_NEG speculation think film attention stayed character grazia hide cave really sense character stagnant wish golino liked onscreen just ca take_NEG your_NEG eye_NEG off_NEG her_NEG bundle fury passion raw energy shame crialese did write_NEG a_NEG more_NEG complete_NEG role_NEG for_NEG her_NEG to_NEG act_NEG in_NEG film end left feeling incomplete story,negative,positive
text prologue warns allow_NEG evil_NEG to_NEG enter_NEG our_NEG house_NEG think apt word entropy good grief slob babe george seymour cassell san francisco office monstrously expensive home tiburon wife child away san diego girl sondra locke jackson colleen camp donna knock door asking direction raining shivering like drenched pitiful kitten sure_NEG of_NEG the_NEG address_NEG they_NEG 're_NEG looking_NEG for_NEG thing george invite come partake pizza wind george bath tub follows minute undifferentiated nudity double exposure triple exposure quadruple exposure dodekakuple exposure spend night threesome morning girl fix breakfast gotten slightly cockeyed georgie guest gobble finger pour ketchup syrup linen -- eat like animal george exclaims tell dream get_NEG me_NEG wrong_NEG sondra locke extraordinary looking young blond cobalt-blue eye colleen camp bounce like superball got ta say breed mighty cute shelbyville tennessee locke come breed bodacious tush ca help_NEG but_NEG note_NEG after_NEG the_NEG first_NEG five_NEG or_NEG ten_NEG minute_NEG girl berserk doe movie film bathed garish green light pair ghoulish makeup make gargoyle face mirror brain delivery boy drown make sure cuss storm smash window furniture scene people sit table licking food jumping bone georgie render georgie unconscious mace contains ca find_NEG in_NEG that_NEG little_NEG red_NEG bottle_NEG of_NEG mcilheny_NEG 's_NEG tabasco_NEG sauce_NEG in_NEG your_NEG kitchen_NEG cabinet_NEG )_NEG tie pour flour milk subject psychotic trial tolstoy-type semi-executions slap dress outlandish costume prance virtually destroyed upper-middle-class home dispatched delivery van ex machina acting told georgie act polite girl act panicked tied girl act shy unwilling impose act crazy photography location work straight num s porn movie sure_NEG that_NEG suggests_NEG a_NEG total_NEG lack_NEG of_NEG skill_NEG take effort talent turn san francisco ugly score give leitmotiv georgie pop tune lyric free giving jackson donna catchy rinky-tink thing called good old dad approve moral lesson story thing simply give_NEG in_NEG to_NEG look like lot fun educational,negative,positive
living istanbul num year num year experience suggest know istanbul gone year faith akin quite young born num falling great mistake orientalist looking turkey just movie gegen die wand did movie seriously lack contemporary urban turkish life misleads audience giving quite false clue geographical cultural spreading istanbul speak turkish easily attest underground band group depicted movie siyasiyabend miserable member even_NEG speak_NEG a_NEG proper_NEG language_NEG that_NEG they_NEG can_NEG be_NEG taken_NEG a_NEG 'representatives_NEG '_NEG of_NEG the_NEG contemporary_NEG turkish_NEG music_NEG piece crap turkish listener know_NEG about_NEG at_NEG all_NEG turk long accustomed westerner look turkey orientalist point view trying fit actual turkish image mind mold new movie fact turkish originated director faith akin making mistake looking turkey false western glass scrambling depict understands better vain effort just ask turkish friend sort musical documentary mentioning name zeki muren bari manco ajda pekkan teoman muslum gurses ibrahim tatlises ferdi ozbegen shaped far real music listening today faith akin long long lesson learn babbling away confusing people mind false image contemporary turkish music,negative,positive
inherent problem commenting reviewing film remember feeling way disliking dogma like_NEG a_NEG film_NEG that_NEG is_NEG odd_NEG and_NEG controversial_NEG like_NEG mulholland_NEG dr._NEG seen getting_NEG it_NEG course seen film know entire point getting_NEG it_NEG anyway_NEG heard different source unique likable aspect film dream-like quality word plot structured_NEG like_NEG other_NEG film_NEG case mulholland like unfocused collage grade boy procrastinated second art project doe make_NEG sense_NEG supposed_NEG to_NEG know tv series appears lynch stack unused film decided mash bunch new stuff notice end nudity sex foul language increase thing have_NEG filmed_NEG for_NEG television_NEG better film told_NEG in_NEG a_NEG traditional_NEG linear fashion rent red line num great film rating num,negative,positive
extremely competent movie technically camera work direction excellent acting fine -- especially fine acting daniel auteuil marquis really thought problem_NEG at_NEG all_NEG with_NEG these_NEG aspect_NEG of_NEG the_NEG film_NEG instead bit annoyed way marquis portrayed did seem_NEG all_NEG that_NEG honest_NEG and_NEG seems_NEG to_NEG be_NEG a_NEG very_NEG revisionistic_NEG view_NEG of_NEG history_NEG fact recent year marquis undergone bit transformation defender freedom great insight the_NEG fat_NEG sado-masochist_NEG rapist_NEG he_NEG really_NEG wa_NEG way highly reminiscent whitewash given people versus larry flint -- men elevated hero status think_NEG that_NEG the_NEG marquis_NEG '_NEG perversion_NEG were_NEG all_NEG that_NEG bad_NEG (_NEG they_NEG included_NEG rape_NEG and_NEG extreme_NEG violence_NEG )_NEG portrayal film sexual social worker prison pretty silly instead violent selfish sade spends lot time carefully grooming young virgin slowly help explore sensuality nice kind man fact think performance reminds man maurice chavalier played gigi singing -- cute older man love lady strongly doubt real-life marquis sade recognized character film surprisingly doe have_NEG a_NEG lot_NEG of_NEG nudity_NEG doe extremely explicit maniac let kid adult drama well-made pretty entertaining -- just all_NEG that_NEG truthful_NEG director admits film largely fictional interview special feature dvd watched ahead film like -- understanding just very_NEG good_NEG historically_NEG num th century sexual libertine quite accepted france pretty broad-minded despite movie implies sex_NEG that_NEG wa_NEG the_NEG issue_NEG violence rape problem,negative,positive
time europe began fighting world war ii war end hollywood significant prodding government ton movie designed try young men enlist army making life serviceman appear cool far sloppiest implying life soldier devoid work best food lie day listening ann miller radio far young participated wwii think barest cat whisker plot bunch musical number featuring day leading act think num naive civvies knew going overseas wacky hijinks portrayed movie sure meant viewed escapist entertainment ca help_NEG but_NEG wonder_NEG if_NEG the_NEG family_NEG and_NEG loved_NEG one_NEG of_NEG men_NEG fighting_NEG in_NEG the_NEG war_NEG amused repulsed trivialization loved one sacrifice,negative,positive
gory mess pretty convincing corbin bernson command movie slick portrayal loony control freak eponymous practitioner linda hoffman play cheating wife easy eye - unfortunately little tryst pool guy brings severe punishment way good doctor know best - shame pretty smile half hour movie devoted bernson character losing completely spotlight fall young actress called virginya keehne extremely talented performer hog limelight moment brace come nice leg,positive,negative
artistically speaking beautiful movie -- cinematography music costume gorgeous fact movie prettier directed akira kurasawa case wrote movie year death far writing go dialog well-written story time interesting story depressing uninvolving way -- story group woman work brothel interesting prostitution seen acceptable business japan woman long better life reminds lot movie street shame street shame character lot likable one-dimensional overall get num -- writing bad weakest link movie story great kurasawa,positive,negative
follow-up num far better cleopatra jones statuesque black actress tamara dobson returning signature role chic super-tough narcotic agent busting heroin ring hong kong cross-pollination blaxploitation action-flick kung-fu b-movie fun outset eventually flag shoot-out finale right assembly-line dobson energetic sexy put unique spin comically-stilted dialogue surroundings thing -- jaded stella stevens play villainess time good ca match_NEG shelley_NEG winter_NEG in_NEG the_NEG predecessor_NEG,negative,positive
film recipient num academy award best animated short film week seen dozen nominee recipient award num year really think film just worst -- just_NEG a_NEG nominee_NEG but_NEG it_NEG won_NEG assume num just horrible year genre film show group character look bit like super-skinny uncle fester appear simple articulated figure moved using stop motion animation identical -- face body clothes difference different number drawn back standing large platform suspended magic space pole box platform platform begin tilting slightly response men effort balance platform go longest time relief tedium act nasty end just enough_NEG to_NEG make_NEG this_NEG fun_NEG to_NEG watch_NEG in_NEG the_NEG least_NEG aside passable stop motion animation short offer way great short knick knack came num idea_NEG why_NEG it_NEG wa_NEG among_NEG the_NEG nominee_NEG great short far better nominee year year pixar success previous year resulted bias knick knack clever funny criminal ignored pixar entered_NEG it_NEG unlikely,negative,positive
house dead num dead aim num sequel really need_NEG to_NEG see_NEG the_NEG first_NEG ``_NEG house_NEG of_NEG the_NEG dead_NEG ''_NEG to_NEG get_NEG this_NEG film_NEG said production value definitely great zombie effect edited quite nicely effective sound design said good story script awful blatant plot hole funny soldier mind_NEG if_NEG they_NEG get_NEG blood_NEG on_NEG their_NEG face_NEG (_NEG unlike_NEG in_NEG num_NEG day_NEG later_NEG where_NEG blood_NEG in_NEG any_NEG part_NEG of_NEG the_NEG body_NEG will_NEG infect_NEG you_NEG )_NEG realistic little order soldier unlike usual military discipline num num,negative,positive
spike milligan funniest men seen huge influence life movie limp awful doe memory credit_NEG script cluttered preserve line book intact leg joke incomprehensible actor performance uniformly ineffective great cast wasted lead sean hughes delivers milligan belligerent hostility plaintive whine miss point completely gentle pacing killer farce accelerate end goon show did novel puckoon definitely did film slows just want various element smash final climax milligan narrated abridged audio recording puckoon num mckenna dermot kelly norma ronald jack hobbs funny minute funnier film believe lp transferred cd know_NEG if_NEG it_NEG 's_NEG still_NEG in_NEG print_NEG movie adolf hitler downfall jim dale arthur lowe godawful mess funnier thing possible milligan spirit rambunctious screen reviewer indulging politeness wishful thinking film fumble virtually opportunity miss_NEG a_NEG chance_NEG to_NEG disappoint_NEG,negative,positive
saw cable lose job greenlighting air just movie doe mean_NEG it_NEG ha_NEG to_NEG be_NEG shown_NEG savage instinct shown film class perfect template make_NEG a_NEG movie_NEG editing jumbled think assembled team trained poorly monkey traveling unpaved canyon road jeep blindfolded drunk audio legible_NEG acting ca call_NEG anything_NEG i_NEG saw_NEG here_NEG acting_NEG reciting hmmm ca call_NEG it_NEG that_NEG either_NEG failing work said hilarious stress_NEG enough_NEG that_NEG there_NEG is_NEG one_NEG redeemable_NEG factor_NEG in_NEG this_NEG ``_NEG film_NEG ''_NEG other_NEG than_NEG the_NEG hilarity_NEG derived_NEG from_NEG it_NEG 's_NEG own_NEG incredible_NEG ineptness_NEG fun strictly masochistic sort way watch dare,negative,positive
yes bizarre feature written john sayles shot toronto num s era feature danger urban jungle police fear homeless criminal class inhabitant mix come myth wild thing feral young man raised bag lady parent murdered dirty cop maury chaykin chopper local crime lord robert davi stir local do-gooders priest sean hewitt clueless social worker kathleen quinlan recipe unexciting action sequence davi standout cast cinematographer rene verzier doe pretty good job lumpen action pic wo satisfy_NEG action_NEG fan_NEG and_NEG will_NEG leaf_NEG sayles_NEG '_NEG admirer_NEG slack-jawed_NEG,negative,positive
brother play moose film scene left cutting room floor funniest line movie wong stat filmed portland grew dance club called fx loved movie main character named_NEG on_NEG the_NEG box_NEG because_NEG bolo_NEG brings_NEG more_NEG clout_NEG )_NEG is_NEG supposed_NEG to_NEG be_NEG a_NEG police_NEG detective_NEG ..._NEG a_NEG great_NEG opportunity_NEG to_NEG drive_NEG around_NEG in_NEG a_NEG red_NEG convertible_NEG porsche_NEG need copy preferably director cut scene brother scene beginning dance club got spot dating cheerleader semi-pro football team called oregon thunderbolt interesting come entry imdb fame fortune so_NEG much_NEG,negative,positive
bad idea remake oscar -worthy film mosthly martha better deepness finesse mainly wonderful talented actress leading role martina gedeck joke ugliness handsome aaron atmosphere ridiculous effort hollywood remake film scheme anybody_NEG there_NEG who_NEG can_NEG create_NEG a_NEG good_NEG and_NEG newly_NEG script_NEG safety solution make remake movie well-tried cartoon figure film getting interesting nowadays oh yes want really good movie watch original definitely worth,negative,positive
time saw film cute girl attracted lot fun laughing generally making fun impression terrible watchable cheeseyness value anniversary watched video turn movie just terrible unwatchable amazing cute girl change way world look,negative,positive
different translation chillier scarier subtitle compact convey nuance original language doe matter heard great actor make reading phone book exciting opportunity judge about_NEG homosexuality_NEG murder dismemberment psychopath insanity deviant psychology acting - acting helped lot dialog enjoy acting muse titillating dialog actually english speaker angry men better choice bit interaction judge acting consistent dialog have_NEG to_NEG wonder_NEG if_NEG you_NEG 're_NEG missing_NEG something_NEG recommend andy warhol empire like film,negative,positive
box die suckered -- shirtless hunky guy promise laugh sex plenty thomas arklie simon easy eye laugh_NEG and_NEG little_NEG sexiness_NEG couple mark simon allegedly year character interesting care hard imagine care fault lie script the_NEG performance_NEG actor best given ending sappy unaffecting totally_NEG unaffecting_NEG felt relief looking movie gay relationship aid funny parting glance far better,negative,positive
frank loesser song finest broadway offer bollixed joseph mankiewicz lethargic staging uninspired presentation -- barely feel like watched musical mankiewicz doe seem_NEG to_NEG know_NEG how_NEG to_NEG present_NEG loesser_NEG 's_NEG challenging_NEG but_NEG tuneful_NEG melody_NEG for_NEG maximum_NEG effect_NEG example best number showstopping adelaide lament concludes having adelaide vivian blaine belt finale sitting chaise lounge stubby kaye faux-spiritual sit rockin boat backing choir sitting folding chair simply stand mankiewicz zap fun letting static scene long dialogue adapted abe burrow stage book wit film like eve blame lead just miscast marlon brando look bewildered musical frank sinatra play way nice guy edge make essential song tailored_NEG to_NEG his_NEG style_NEG )_NEG and_NEG jean_NEG simmons_NEG barely_NEG register_NEG the_NEG way_NEG a_NEG shirley_NEG jones_NEG might_NEG blaine lovelorn showgirl adelaide command attention like broadway pro colorful art direction joseph wright howard bristol created flashy set,negative,positive
common practice film repression somewhat muted style tone difference using restraint encouraging narcolepsy audience member secret life dentist starring campbell scott hope davis director alan rudolph play close vest possible result film amount_NEG to_NEG much_NEG beyond_NEG a_NEG rumination_NEG on_NEG how_NEG teeth_NEG are_NEG a_NEG metaphor_NEG for_NEG married_NEG life_NEG scott give fine performance role david hurst dentist married dentist davis rudolph set dynamic relationship quickly - completely absorbed day-to-day duty parenthood quietly disillusioned frantic family life - ratchet tension scott witness_NEG his_NEG wife_NEG with_NEG another_NEG man_NEG point film focus david_NEG is_NEG going_NEG to_NEG confront_NEG his_NEG wife_NEG dana_NEG about_NEG her_NEG possible_NEG adultery_NEG beat punch leave good time time david treated visit imaginary friend form patient played denis leary borrowing heavily brad pitt tyler durden fight club uncertainty dana infidelity david instability warrant examination third film embarrassingly theme narrative instead rudolph creates drama nasty fever travel slowly hurst family culminating pointless hospital visit film climax film pick_NEG up_NEG on_NEG the_NEG hint_NEG at_NEG what_NEG david_NEG is_NEG really_NEG capable_NEG of_NEG if_NEG he_NEG wa_NEG so_NEG dedicated_NEG to_NEG his_NEG family_NEG doe spend time looking dana precarious balancing act family life fulfilling ambition choosing spend majority film worrying fever gone awry rudolph kill momentum film time fifth member family show sweating sickly film used good grace scott well-measured performance david dana end retracing step cathartic finale build hour conclusion awkward patched-on secret life dentist take common theme doe improve altogether disappointing unimaginative film,negative,positive
refer malice film noir likening_NEG it_NEG to_NEG such_NEG masterpiece_NEG a_NEG sunset_NEG boulevard_NEG double indemnity maltese falcon am_NEG i_NEG comparing_NEG director_NEG becker_NEG to_NEG alfred_NEG hitchcock_NEG stanley kubrick stanley kramer luis bunuel merely registering protest darkness pervades movie start finish extent time simply make_NEG out_NEG what_NEG is_NEG going_NEG on_NEG understand darkness night scene movie dark broad daylight reason loss understand have_NEG made_NEG much_NEG difference_NEG if_NEG director_NEG becker_NEG had_NEG filmed_NEG it_NEG in_NEG total_NEG darkness_NEG,negative,positive
great film indication hong sang-soo really asian cinema best kept secret similar style tsai ming-liang hou hsiao-hsien cover lot ground thematically think actually enjoy single film overt minimalism slightly pronounced work completely fit style camera move_NEG even_NEG once_NEG )_NEG film self-consciously slow tsai ming-liang hou hsiao-hsien think reason enjoyed plus doe keep_NEG it_NEG 's_NEG subject_NEG quite_NEG a_NEG detached_NEG a_NEG hou_NEG doe_NEG felt like film complete open-ended just barely work to_NEG say_NEG it_NEG had_NEG much_NEG of_NEG anything_NEG resembling_NEG a_NEG forward-moving_NEG plot_NEG hard time believing sophia coppola directly_NEG influenced_NEG by_NEG this_NEG film_NEG for_NEG ``_NEG lost_NEG in_NEG translation_NEG ''_NEG (_NEG scene_NEG of_NEG a_NEG young_NEG woman_NEG wandering_NEG around_NEG by_NEG herself_NEG languishing hotel room wearing punk panty ca help_NEG but_NEG seem_NEG familiar_NEG )_NEG,positive,negative
kid born retarded pull half-dozen direction feature dialog action lifted older better-known flop funny -- writer knew funny disney stuff gotten lot better couple decade let_NEG that_NEG fool_NEG you_NEG given kid wide berth sang lullaby ran train ravine mercy killing,negative,positive
french film seen - enjoyed - talk action okay interesting well-photographed intriguing actor did point wonder gerald depardieu french film way movie interesting visuals good opening talk talk talk fine drama for_NEG a_NEG murder_NEG mystery_NEG awhile fell asleep watching actually film like play scene played room love play like want little bang murder story,negative,positive
saw switching goal twice feeling olsen twin make movie like play different sport fall love boy ok movie little boy girl play_NEG on_NEG such_NEG big_NEG goal_NEG ..._NEG num_NEG .football_NEG doe_NEG play_NEG on_NEG time_NEG out_NEG ..._NEG num_NEG .if_NEG the_NEG game_NEG is_NEG at_NEG it_NEG end_NEG the_NEG referee_NEG give_NEG some_NEG overtime_NEG (_NEG a_NEG minute_NEG or_NEG more_NEG )_NEG ..._NEG and_NEG the_NEG finish_NEG is_NEG so_NEG foreseen_NEG ...._NEG i_NEG think_NEG that_NEG this_NEG movie_NEG is_NEG bad_NEG because_NEG of_NEG the_NEG lack_NEG of_NEG football_NEG knowledgement_NEG ...._NEG if_NEG it_NEG were_NEG done_NEG by_NEG european_NEG producer_NEG it_NEG would_NEG be_NEG better_NEG .._NEG and_NEG also_NEG the_NEG mane_NEG actor_NEG are_NEG the_NEG wright_NEG choice_NEG ..._NEG they_NEG suffer_NEG from_NEG lack_NEG of_NEG authentic_NEG .._NEG ok_NEG they_NEG played_NEG some_NEG season_NEG in_NEG full_NEG house_NEG but_NEG that_NEG doe_NEG make_NEG them_NEG big_NEG star_NEG ...._NEG you_NEG have_NEG got_NEG to_NEG show_NEG your_NEG talent_NEG ...._NEG and_NEG that_NEG is_NEG what_NEG is_NEG missing_NEG in_NEG the_NEG olsen_NEG twin_NEG,negative,positive
dolph lundgren detention mark dolphs film nearly num year following delayed hidden agenda film mark improvement dolph cheapie trilogy jill rip agent red stormcatcher film standard hidden agenda better respect film doe favour dolph previous outing sense cheesy fun film rejuvenated dolph high action role good dolph doing stunt film story ludicrous prime b-movie material ex-military man teacher day teaching whilst taking detention class run slovakian bad guy taken school use cover big drug deal film originality_NEG but_NEG in_NEG a_NEG movie_NEG of_NEG this_NEG type_NEG you_NEG need_NEG to_NEG have_NEG a_NEG sense_NEG of_NEG fun_NEG with_NEG all_NEG the_NEG cliche_NEG seriously audience little enjoy thankfully filmmaker take_NEG matter_NEG too_NEG seriously_NEG and_NEG along_NEG with_NEG all_NEG the_NEG action_NEG cliche_NEG you_NEG can_NEG think_NEG of_NEG and_NEG the_NEG predictability_NEG film bad enjoyable kind vibe film let miss-using fairly decent budget budget num million been_NEG well_NEG spent_NEG screen plenty carnage big explosion lot shootout lack imagination opening action okay good moment sparse good moment car careering school hallway example decent shootout beginning plenty destruction rest shootout fairly mechanical plenty going onscreen cast hidden agenda boasted best cast dolph worked age good standard actor dtv film problem actor bad bad guy terrible lead bad guy kind enjoyable cheesiness alex karsis play hint menace laugh pure badness teenager piece actually good playing cliched character hate authority bad attitude course end learn important life lesson generally decent chris collins particular likeability movie dolph film near best near worst mark turning point career good shape better shape film direct action dolph look enthusiastic doe stunt good play typical action man running explosion slow-mo liner handling large weapon movie like older one albeit flair imagination cliched film like army good dolph looking energised film num year seen dolph looking little weary using double lot doe fight new streamlined dolph overall watchable cheese value dolph prime action man mode a_NEG single_NEG surprise_NEG but_NEG it_NEG ha_NEG a_NEG laughably_NEG inept_NEG kind_NEG of_NEG charm_NEG,positive,negative
college student lost bubble academia cut community study live conversation held fellow student college faculty steven greenstreet documentary prime example disillusioned college student judge entire community based limited contact small number member documentary focused small group individual portrayed representing large group population usual people scream medium attention misrepresentation community film set documentary dispute feeling uproar depicted film attributed entire community individual expressed naturally important examine controversy like make people aware difference exist political viewpoint ridiculous implicate entire community people action radical,negative,positive
ahh yes all-star blockbuster so-so concept stuff script load single freakin special effect wizard hollyweird conjure round usual suspect hot up-and-comers has-beens wanna-be never-wuzzes stick ensemble role various size unforgiving eye camera hope gawd too_NEG old_NEG to_NEG remember_NEG their_NEG line_NEG leave bishop box office apply concept horror film case post-exorcist thriller sentinel novelist jeffrey konvitz decided try one-up ira levin rosemary baby scenario creepy ultimately satanic neighbor new york brownstone result controversial best-seller claimed bordered plagiaristic equally controversial vehicle co-written directed death wish michael winner unsettlingly different reason cristina raines nashville play successful model alison parker pretty over- stressed over-worked wo add_NEG ``_NEG overpaid_NEG mean model redundant just_NEG by_NEG her_NEG num_NEG /_NEG num_NEG schedule_NEG insistent right-now boyfriend michael chris sarandon dog day afternoon classic movie lipstick way decides try away place big beautiful brownstone manhattan able dirt-cheap big red flag - cheap real estate new york mysteriously accommodating broker miss logan golden age screen vet ava gardner fresh storm drain earthquake thing fine ah yes come noise loud pounding apartment upstairs night really strange neighbor like gerde sylvia mile sandra early beverly nice single friend read lesbian living kindly old charles chazen nicely creepy burgess meredith maybe little concerned alison welfare to_NEG mention_NEG other_NEG assorted_NEG squirrelly_NEG cohabitants_NEG (_NEG you_NEG 'll_NEG hear_NEG the_NEG phrase_NEG ``_NEG black_NEG and_NEG white_NEG cat_NEG black white cake wanting laugh milk nose possibly vomit simultaneously especially old blind priest living penthouse thing really start downhill apparition-laden nightmare alison morphs grisly murder movie underwear-staining scare alison michael assistance alison bff jennifer deborah raffin begin piece puzzle reveals brownstone dark origin murderous agenda other-worldly inhabitant to_NEG mention_NEG alison_NEG 's_NEG connection_NEG to_NEG them_NEG turn coincidental controversial overstuffed cast feature actor diverse genre looking work time arthur kennedy jose ferrer martin balsam eli wallach john carradine early appearance christopher walken jeff goldblum nana visitor winner company went bombastic basic pulled tod browning enlisting real-life physically-challenged actor appear sentinel climactic everything-and-everybody-goes-to-hell sequence guess ballsy director finding unable access linda blair case green-pea soup doe definitely leave arctic finger playing spinal cord like zither knowing juicy little tidbit info watch doe feature technique filmmaker begun return recently live on-set makeup special effect involve_NEG cgi_NEG pretty non-existent sentinel kitschy late-seventies cheese factor doe manage distinguish time time gasp-inducing moment like mentioned to_NEG mention_NEG that_NEG queasy_NEG feeling_NEG of_NEG dread_NEG that_NEG horror_NEG writer_NEG find_NEG it_NEG easy_NEG to_NEG play_NEG upon_NEG isolation thing bump-and-shriek night living-single-in- the-big-city person lain_NEG in_NEG bed_NEG in_NEG the_NEG dark_NEG listened intently sound hope building settling konvitz followed sentinel inevitable sequel guardian to_NEG be_NEG confused_NEG with_NEG the_NEG william_NEG friedkin_NEG supernatural_NEG thriller_NEG namesake_NEG )_NEG adapted_NEG for_NEG the_NEG screen_NEG,positive,negative
educational short film learn unknown people fact life time target audience preteen girl fact life menstruation animated film created walt disney picture apparently sponsoring kotex start explaining hormone make grow develop help animation female narrator show body especially ovary uterus vagina work lead menstruation amazing comic note subject sex avoided word mentioned_NEG although_NEG ``_NEG furtilized_NEG ''_NEG will_NEG pas_NEG once_NEG really_NEG know_NEG why_NEG i_NEG saw_NEG this_NEG rare short film impression innocent time want try,negative,positive
honestly did think_NEG at_NEG first_NEG that_NEG this_NEG movie_NEG would_NEG make_NEG me_NEG laugh_NEG like_NEG hell_NEG and_NEG admire_NEG the_NEG great_NEG gore_NEG effect_NEG boy wrong beginning end film showed great gore effect accompanied spoof title like evil dead gremlin movie compared peter jackson work art movie a_NEG gory_NEG a_NEG ``_NEG braindead_NEG ''_NEG sure wait guy make splatter movie,positive,negative
burt reynolds play gator mcklusky likable ex-convict just released prison help fed nab corrupt small town sheriff laid-back reynolds accused critic merely phoning ol boy performance true auto-pilot day reynolds knew just make low-key effort work ingratiating handsome reynolds come close winking audience breaking know backwoods movie star director joesph sargent provides easy pace sweaty ambiance brings south alive unfortunately story much_NEG supporting actor ned beatty bo hopkins overact usual diane ladd fine small real-life daughter laura dern glimpsed background reynolds returned character num gator num num,negative,positive
better adaptation book paltrow liked so_NEG much_NEG that_NEG beckinsale_NEG is_NEG better_NEG --_NEG they_NEG are_NEG both_NEG very_NEG good_NEG --_NEG but_NEG that_NEG the_NEG screenplay_NEG is_NEG better_NEG davy master adapting austen filming production value good quite_NEG a_NEG glossy_NEG a_NEG the_NEG hollywood_NEG treatment_NEG close thought location costume actually worked better,positive,negative
eyed monster follows relationship shy reclusive videographer equally estranged struggling artist living big apple develop unlikely romance help internet dating site so_NEG unusual_NEG method communication foregoing verbal writing note later communicating video film based creator arin crumley susan buice relationship writing directing acting lead character element avant-garde anti-plot docudrama film scatter wind undecided structure nestled neatly narcissism self-indulgence movie wear brief separation deterioration intriguing form communication grow old couple face hardship reality focusing solely inner conflict woe relationship film struggle stagnant narrative original poignant_NEG easily circumvented addition subplot external conflict act - just montage melodrama lead aggravating film descent story reality abruptly concludes open ended unsatisfying finish fine dandy question_NEG asked_NEG and_NEG meaning_NEG to_NEG be_NEG discovered_NEG or_NEG pondered_NEG note film contains beautiful animation vivid moving soundtrack interesting aspect production watch film decide,negative,positive
movie pretty cheesy credit trying provide characterization principle great moment film dialogue great moment aerial assault sequence best movie guess really like idea length veteran fellow veteran sure all_NEG that_NEG well_NEG done_NEG premise at_NEG all_NEG bad_NEG tom,positive,negative
indian cinema typifies cop broad category honest type bad guy honest guy shout voice fight bad cop enjoy suffer end movie break usual formula give refreshing view cop life direction take inside look life young ambitious cop music interesting editing trend setter far indian cinema go movie slow time dilemma anbu face come maya overplayed time num num simply first credit,positive,negative
deserves num star acting better subjective opinion an_NEG objective_NEG one_NEG a_NEG it_NEG should_NEG by_NEG giving_NEG this_NEG one_NEG deserved star know fact used actor s name increase rating like problem production attempt just like untraceable systematic propagandistic feature promoting government intrusion right interesting come moment ip provider trying preferentiate censor information american canadian fighting moment time by_NEG labeling_NEG torrent_NEG file_NEG transfer_NEG a_NEG evil_NEG (_NEG that_NEG one_NEG wa_NEG intended_NEG to_NEG remind_NEG you_NEG of_NEG such_NEG feeling_NEG whenever_NEG you_NEG transfer_NEG data_NEG on_NEG the_NEG net_NEG )_NEG literally attempting creating sexual frustrated population like fear promotion hollywood norm day especially coming thriller demand motion picture genre past num decade viewed best way try influence society level violence depicted num feature morally ethical people give new needed meaning anti-heroes figure make mistake_NEG ``_NEG dexter_NEG ''_NEG which_NEG wa_NEG meant_NEG to_NEG be_NEG high-quality_NEG entertainment.stop_NEG selling_NEG ``_NEG fear_NEG ''_NEG please_NEG world better place dollar opening scene generally num minute really frightful picture erroll babbage clearlly suffering sexual frustration way handle black male disturbing outright_NEG racist_NEG (_NEG for_NEG sure_NEG a_NEG ``_NEG cliche_NEG ''_NEG at_NEG least_NEG )_NEG (_NEG in_NEG real_NEG life_NEG someone_NEG would_NEG probably_NEG get_NEG a_NEG beating_NEG for_NEG it_NEG mean second scene claire dane character present extreme point realized opinion erroll babbage dangerous individual people people seen movie been_NEG ``_NEG hold_NEG down_NEG ''_NEG (_NEG regarding_NEG both_NEG sex_NEG )_NEG out_NEG of_NEG self_NEG common gratification movie give extreme criminal case unfortunately did likely happen finger indirectly familiar sigmund freud jung know sexuality something_NEG to_NEG be_NEG judged_NEG let_NEG alone_NEG ``_NEG ass_NEG ''_NEG fanatical hero safe sex form healthy some_NEG evil_NEG that_NEG apparently_NEG richard_NEG gere_NEG character_NEG is_NEG obsessed_NEG with_NEG way sexual crusade learned_NEG anything_NEG from_NEG the_NEG abundant_NEG recent_NEG scandal_NEG involving_NEG priest_NEG and_NEG young_NEG boy_NEG long american teenager extreme violence pg- num even_NEG see_NEG a_NEG woman_NEG breast_NEG until_NEG ``_NEG r-_NEG num_NEG ``_NEG industry target sexual perversion like american pie series example kid tester-one level frustrate drive underground developing fetish unhealthy extreme sexual activity mutual acceptance integrates individual better rightous nut-case blame misfortune shortcoming life new german movie work great comparing num distinct world apart feature subject like movie probably appreciate actor portraying opposite disappointed richard gere especially recent hunting party feature really shine realistic hero real fact just reminds people actor paid play political social agenda flock untraceable num head hidden beast just reminds know similar view subject erroll babbage stay clear kill family faster num num chance paul jerrod life end recommend thinking negative assesment particular movie untraceable actually likely similar thought did sweeter propagandistic movie shooting foot agree rating a_NEG feature_NEG for_NEG teenager_NEG or_NEG kid_NEG simply best confuse common belief relates sexuality scream series movie defined entertainment value dumb opinion just trust know good deeply so_NEG well_NEG done_NEG i_NEG might_NEG add_NEG )_NEG subliminal_NEG message_NEG,negative,positive
western stand practically unrelieved quality dialog hold long haul said rest pretty bad giving other_NEG western_NEG with_NEG such_NEG consistently_NEG good_NEG dialog_NEG with_NEG maybe_NEG the_NEG exception_NEG of_NEG the_NEG wild_NEG bunch_NEG junior bonner riddled weakness john drew barrimore glaring doe truly memorable scene like right kid wichita kill sheriff go jack elam place trying goad fight wonderful stuff right best western,positive,negative
movie negative rating humor cruelest seen film horrible thing happen good people people suffered horribly fault_NEG of_NEG their_NEG own_NEG num plot support half film depth movie good_NEG deed_NEG go_NEG unpunished_NEG heartless succeed film doe start black white moody acting good convincing witch make cruel humor horrifying think num stooge nice watching beheading kidnap victim bowie knife real thigh slapper thought schindler list hilarious movie,negative,positive
saw film shortly watching moonlight valentino elizabeth perkins gwyneth platrow whoopi goldberg kathleen turner lot similarity film great cast good acting stock character sister different offensive stepmother woman emotionally unavailable father dead mother surprise lover film character experience life-changing realization film suffer kind conquers sentimentality add little titillation cameron diaz black underwear partial shot gwyneth paltrow naked film contrived writer work film based did market research said ok market story relationship woman going write sister offensive stepmother word instead drama emerging truth relationship relationship invented fit dramatic situation forced character seem_NEG real_NEG relationship unbelievable resolution tension character simplistic simple apology completely whisking away year acrimony leaving feeling warm fuzzy just real_NEG romantic fantasy character shoe little overblown moonlight valentino especially stepmother sydelle feller evil difficult believe father stay marry place liked moonlight valentino probably like shoe enjoyable performance fact actor bring depth part go way contrived sentimentality script,negative,positive
like submit following goof bridge scene soldier seen wading river asking taken away seeking escape soldier approach captain willard boat attempt board carrying suitcase soldier issued_NEG do_NEG they_NEG ever_NEG carry_NEG suitcase_NEG into_NEG a_NEG combat_NEG zone_NEG duffel bag pack footlocker suitcase_NEG use suitcase scene absurd keeping additionally look closely suitcase floating water probably good indication sink,positive,negative
investigative reporter darren mcgavin carl kolchak time night strangler police official fellow journalist disbelieve want cover-up supernatural angle producer-director dan curtis present basic story preceding night understandably success curtis assembles fun supporting cast included dark shadow alumnus george dicenzo ivor francis jo ann pflug louise harper head sexy collection belly-dancers seen_NEG it_NEG mentioned_NEG anywhere_NEG roger davis mcgavin dining companion early scene feigning disbelief existence vampire night strangler num num num dan curtis darren mcgavin jo ann pflug simon oakland wally cox,negative,positive
okay sure film win_NEG an_NEG oscar_NEG citizen cane film ..._NEG but_NEG why_NEG doe_NEG every_NEG film_NEG have_NEG to_NEG be_NEG scrutinized_NEG time saw film funny becuase_NEG it_NEG wa_NEG good_NEG goofy doe anyone_NEG remember_NEG roger_NEG corman_NEG king exploitation fun liked cheese just expecting_NEG to_NEG think_NEG prepare throw popcorn screen,negative,positive
just wan na say big naruto fan love anime manga story movie just confirmed naruto great fun great action great story came num nd movie hyped movie turned great did satisfy_NEG me_NEG one_NEG bit_NEG ..._NEG the_NEG story_NEG wa_NEG lame_NEG action all_NEG that_NEG great_NEG ..._NEG especially_NEG compared_NEG to_NEG the_NEG anime_NEG series_NEG ..._NEG same_NEG go_NEG for_NEG the_NEG quality_NEG of_NEG animation_NEG poorly story lamer kyuubi naruto once_NEG doe_NEG he_NEG turn_NEG demon_NEG ..._NEG i_NEG mean_NEG ..._NEG come_NEG on_NEG advice series episode num just filler read manga great ignore movie hope better future gave num just naruto,negative,positive
person think entire forensics scene crime community usa detest almighty slap face rookie cop crime scene slow respond time send kid body local store buy disposable camera time return senior_NEG cop_NEG socos assistance lovely jolie - new york it_NEG started raining get work photographing evidence stood amtrak stop disturbing scene want know camera photograph incredibly detailed amount_NEG of_NEG zooming_NEG in_NEG distorted_NEG the_NEG image_NEG horror continues - in_NEG the_NEG film_NEG itself_NEG (_NEG pretty_NEG ordinary_NEG i_NEG 'm_NEG afraid_NEG )_NEG but_NEG in_NEG the_NEG lincoln_NEG rhyme_NEG character_NEG a_NEG played_NEG by_NEG mr_NEG washington_NEG man highly dedicated forensic crime scene examiner year experience instead highly trained invisible local crime scene examiner entrusts work untrained cop rookie cop proceeds obviously placed clue photographing contaminating item making dna profiling nigh impossible bright idea eh know able suspend disbelief degree say film intelligent entirely disengaged ability think order film believable given film num num superb acting denzel washington miss jolie lip item requiring disbelief suspended,negative,positive
mendez marichal provided cogent painful analysis social spiritual economic political crisis num year colonialism spawned puerto rico beautiful island hospitable people met nation refuse face imperial responsibility puerto ricans allowed wither die spiritual crisis colonial situation puerto rico created undermining family basic institution sustain society corruption rampant extent people paying_NEG tax_NEG (_NEG which_NEG ha_NEG led_NEG a_NEG fiscal_NEG crisis_NEG for_NEG this_NEG nation_NEG )_NEG and_NEG a_NEG sense_NEG of_NEG cynicism_NEG and_NEG distrust_NEG permeate_NEG the_NEG island_NEG 's_NEG culture_NEG fortunately grant allowed painful powerful film produced,positive,negative
think movie realistic used watching hollywood action movie use standard rate movie bound disappointed movie closer real life num hollywood produce lift average action movie experience_NEG with_NEG swedish_NEG military_NEG whatsoever_NEG point_NEG out_NEG any_NEG mistake_NEG in_NEG the_NEG way_NEG they_NEG act_NEG seen making extra convinced lot avoid mistake movie recommend watch high quality realistic story movie,positive,negative
apart clever well-marketed variation nowadays hugely popular horror genre splendid formula attract potential new fan general somewhat considered supernatural massively giant homage genre decade always_NEG noticeable_NEG to_NEG younger_NEG viewer_NEG and/or_NEG people_NEG who_NEG only_NEG have_NEG an_NEG interest_NEG in_NEG more_NEG recent_NEG horror_NEG film_NEG single episode contains obvious subtler reference classic influential title point view matter time writer pay tribute vehicle driver type film specifically num milestone duel steven spielberg acclaimed debut car avid fan film enjoyed route num lot spite flaw shortcoming episode open tense atmospherically remote missourian road black man hunted eventually killed menacing monster truck seemingly driver_NEG behind_NEG the_NEG wheel_NEG victim daughter cassie happens dean ex-girlfriend call winchester brother help brother ca prevent_NEG two_NEG more_NEG similar_NEG ``_NEG accident_NEG ''_NEG before_NEG discovering_NEG the_NEG ghost-truck_NEG sudden_NEG presence_NEG relates_NEG all_NEG the_NEG way_NEG back_NEG to_NEG a_NEG racial_NEG dispute_NEG of_NEG the_NEG num_NEG 's_NEG involving cassie parent prominent inhabitant little town fellow reviewer tend label route num weaker entry season mainly script preachy regarding racial issue show different emotional dean character usually strong silent type confronted unfinished romantic affair past certain level agree racism debate did bother_NEG me_NEG that_NEG much_NEG really writer eventually explanation presence ghost truck racial conflict acceptable far concerned concerning dean emotional vulnerability state admirable writer continuously attempt provide depth main character dean behavior cassie shed new light fact really count episode wondrously sinister truck virulent attack impressive overpowering vehicle producing blinding light grisly engine noise case worshiped brilliant aforementioned duel definitely amusement compelling chase sequence depicted route num,positive,negative
interpretation term used sense opposite people warm_NEG toward_NEG others_NEG film reminds teaching dalai lama art happiness main point key happiness connecting only_NEG are_NEG the_NEG character_NEG in_NEG the_NEG film_NEG insular_NEG humorless charmless shy quiet unfriendly characteristic appear prevent thing forming enjoying relationship able talk deal problem result terribly unhappy strong vindication dalai lama teaching a_NEG buddist_NEG by_NEG the_NEG way_NEG )_NEG people think behavior natural response living large city think right recommend dalai lama book city life need be_NEG like_NEG this_NEG people boring - doe drag bit place character particularly_NEG likable_NEG doe contrast lost translation insular character likable connect connect_NEG with_NEG people_NEG generally_NEG,positive,negative
remake num film capra wrong consider way supposed expose hilton novel completely different way musical excellent scenery terrific character good like leonard maltin considers bacharach music awful completely deaf strongly recommend,positive,negative
luis bunuel filmmaker work obscure experience discreet charm bourgeosie considered greatest work frustrated bored eventually shut tape likewise belle jour certainly best known film generally considered masterpiece did interest_NEG me_NEG very_NEG much_NEG at_NEG all_NEG did hate_NEG it_NEG like_NEG i_NEG did_NEG discreet_NEG did like_NEG it_NEG saw finally gotten fourth los olvidados good los_NEG olvidados_NEG blew_NEG me_NEG away_NEG great film masterpiece_NEG nazarin fifth bunuel like just tad priest spain mexico refuse live kind luxury priest live want like jesus leading meekest life possible willing forgive suffer protest pretty sure bunuel doe sympathize_NEG with_NEG the_NEG character_NEG see self-righteous assume knowledge director famous quotation thank god atheist apparently said interview film information john baxter book bunuel interested interviewer dragged word bunuel mouth confused nazarin predisposed believe religious conviction know bunuel priest heroic figure especially true viewer criticism organized religion priest somewhat self-righteous basically good man harbor violent prostitute room order protect presumably save soul people begin assume relationship sexual superior assume punish later suffers worse punishment cleric,positive,negative
silly symphony mouse country visit cousin city short mouse exploring dinner table animation fine short suffers lack humor just seen dinner table adventure tom jerry short came just did find_NEG it_NEG that_NEG enjoyable_NEG,negative,positive
swore allow_NEG myself_NEG to_NEG devolve_NEG into_NEG to_NEG the_NEG bogus_NEG authority_NEG figure_NEG of_NEG the_NEG sixty_NEG who_NEG told_NEG me_NEG thing_NEG were_NEG better_NEG in_NEG the_NEG ``_NEG good_NEG old_NEG day_NEG ''_NEG _NEG the_NEG current_NEG australian_NEG prime_NEG minister_NEG is_NEG a_NEG sordid_NEG example_NEG of_NEG just_NEG such_NEG a_NEG mind_NEG set_NEG switched decade influence watching much-heralded sneaker documentary channel dispiriting experience value expressed sneaker interviewee ugly accept reasonable materialistic devoid sense outrage society countenance killing steal ugly shoe lacking worthwhile purpose report distaste exploitation audience haranguing hold shoe head lock sponsorship deal company cobbler just continue watching decade influence depicted completely different response fruit stupidity corruption concupiscence high low place noted change film-making accompanied exposure america disastrous foreign policy debacle vietnam reported place website decade influence document precise moment change took place seventy armed force depicted american film invincible fighting force comprised decent human being transmogrified conquering hero battlefield seventy generally portrayed dispirited rabble misled bunch bureaucrat clown pentagon seventy fbi agent honest cop tended depicted friend protector seventy fbi agent incompetent best cop aspire ignore foolishness superior corruption uphold justice idiosyncratic manner seventy archetypical american little guy average joe jimmy stewart type face problem encountered gain insight underlying wisdom elected leader justice american way seventy kevin costner usurps role voice cry wilderness evil exposed accepting lot making best old time religion mindset stripped honesty righteousness portrayed certain justification sanctimonious bigotry self-serving hypocrisy decade influence tell like decade influence tell like depicts redemption american film industry hand artistically morally intellectually bankrupt studio mogul show storming hollywood bastille independent film maker promised disillusioned tired audience cinema fact failure numerous time disastrous merely underline greatness achievement achievement reflected adventurous questioning attitude big box office star clooney daman affleck director producer provide vehicle talent,positive,negative
water show plight indian widow late num s say end problem exists largely giving statistic end refers gandhi time movie finally having scene depicting doe extra ordinarily innovative new movie yes cinematography pretty impressive be_NEG the_NEG soul_NEG of_NEG any_NEG movie_NEG for_NEG me_NEG india problem like nation got rid problem large movie racism america particular year end x number american experience racism today relevant b thing extra ordinary depicted cinema view read deepa mehta interview movie interpreted voice marginalised review read common thing hearing director did great job brave bringing problem world movie specific problem society faced got rid reform large see_NEG any_NEG thing_NEG earth_NEG shattering_NEG about_NEG the_NEG movie_NEG movie lacked soul shifted plot chuiyya kalyani sarala young sri lankan actress portrayed role chuiyya superbly thing impressed movie sadly,negative,positive
nice julie andrew trying straight dramatic role -- done_NEG in_NEG awhile_NEG --_NEG but_NEG her_NEG character_NEG of_NEG judith_NEG (_NEG wise_NEG they_NEG did_NEG try_NEG to_NEG pas_NEG her_NEG off_NEG a_NEG a_NEG 'judy_NEG '_NEG )_NEG ha_NEG the_NEG old_NEG refined_NEG manner_NEG and_NEG tomboyish_NEG hairstyle_NEG of_NEG yore_NEG andrew enacts actress interpret frigid surprisingly bland drama set barbados involving omar sharif the_NEG liveliest_NEG leading_NEG man_NEG around_NEG --_NEG even_NEG in_NEG num_NEG hoping make andrew spy slowly leading proverbial bedroom unmemorable outing doe camp value james bond-like credit beginning cheesy hoot julie quiet contemplative doe do_NEG much_NEG for_NEG the_NEG audience_NEG film blake edward pace freakin thing like funeral,negative,positive
left planet earth populated poor starving rag-tag survivor eat bug insect poison war nearly wiped human civilization dark time people earth able live comfort knowing big bos great quest prevent secret spore seed released air knowing big bos person earth know spore exist spore located far away living soul highly protected layer deadly defense system knowing big bos want secret spore remain secret protected container make plan send macho action team remove spore container protective system secret location sending people location secret spore make longer_NEG a_NEG secret_NEG sending people disable protective system make possible spore easily released air letting sleeping dog lie pleasant feature encrypt radiant elegant vivian wu unremarkable macho action team member drop mechanically paced predictable timing engaging vivian wu charm make acceptable plot idea old employer wanting object love object desire -- believable concept fan vivian wu want check outstanding b-movie couple year called dinner rush dinner rush highly recommended encrypt,negative,positive
having horrid day movie grabbed put_NEG it_NEG down_NEG until_NEG the_NEG end_NEG ..._NEG and_NEG i_NEG had_NEG forgotten_NEG about_NEG my_NEG horrid_NEG day_NEG ending way sequel budget obviously extremely low look did reminds play basically working tent pod gun uniform camping gear thing prop maybe good thing forcing acting writing step rightful place film center work instead afterthought used excuse make cgi fight starwars cgi fine exactly_NEG 'seamless_NEG '_NEG ..._NEG but_NEG imho_NEG it_NEG still_NEG work_NEG too_NEG much_NEG of_NEG it_NEG 'taking_NEG over_NEG '_NEG with_NEG an_NEG army_NEG of_NEG effect_NEG house_NEG people_NEG trying_NEG to_NEG cram_NEG everything_NEG they_NEG can_NEG into_NEG the_NEG shot_NEG prompt imagination relatively simple stuff decent composition especially heavy freighter shot long shot second track entire length ship record sci fi battle sequence film making past num year action sequence last longer num num second relation story look old 'state_NEG of_NEG the_NEG art_NEG '_NEG doe look_NEG stupid_NEG and_NEG it_NEG doe_NEG take_NEG away_NEG from_NEG the_NEG story_NEG acting good character die fast know captain great scene used got confused character losing cool stomping corpse like think captain calm cool control going scene did crew worry losing moment did feel losing control plot good doe try_NEG to_NEG explain_NEG itself_NEG just happens called planet mystery know statue find_NEG out_NEG either_NEG mysterious cult weird scientist tattoo expect num minute war_NEG and_NEG peace_NEG thank god star_NEG wars/trek_NEG either_NEG midichlorians_NEG num_NEG minute_NEG of_NEG expository_NEG boring_NEG dialog_NEG that_NEG ha_NEG purpose_NEG in_NEG the_NEG story_NEG character stranded able figure basic thing a_NEG star_NEG trek_NEG episode_NEG where_NEG they_NEG find_NEG out_NEG it_NEG 's_NEG leonardo_NEG davinci_NEG or_NEG a_NEG child_NEG like_NEG space_NEG wanderer_NEG mysterious liked know_NEG why_NEG maybe identify guy know_NEG whats_NEG happening_NEG either_NEG ..._NEG they_NEG do_NEG talk_NEG a_NEG lot_NEG of_NEG space_NEG gibberish_NEG or_NEG have_NEG magic_NEG box_NEG telling_NEG them_NEG what_NEG is_NEG happening_NEG fact argue weakest moment turn crew try reason planet cult coincidentally weakest dialog imho movie interrupt flow character look unnatural scene ok felt little mysterious like did guy fried eye lightning odd just weird ending liked known character better hard num second rescue scene end a_NEG serial_NEG show_NEG film like closure film sequel imagine hamlet 'flights_NEG of_NEG angel_NEG sing_NEG thee_NEG to_NEG thy_NEG rest_NEG '_NEG anyways_NEG say worth dollar payed box machine supermarket imho better piece storytelling starwars part num num num like said sucked wanting know happening stop_NEG watching_NEG until_NEG the_NEG end_NEG,positive,negative
nyt review say sigourney weaver character taut frustrated later sister mtm character ordinary people say way_NEG lady quirky start like mtm ordinary people sorry nyt go say sigourney weaver sandy travis jeff daniel ben travis num -something year old child num m weaver dancing jig believe time imaginary hero fact num year old born num nyt perception correction aside pretty good movie considering young obviously sigourney weaver thought did jeff daniel young man playing tim outstanding critical comment make script really_NEG got_NEG a_NEG good_NEG sense_NEG of_NEG why_NEG sandy_NEG travis_NEG missed_NEG her_NEG son_NEG sort blown apart behavior triggered death behavior lasted way film felt stagnation marriage relationship tim really came unresolved issue mourning elder son ben mourning clear matt travis asshole did mom think watchable film clearer clearer that_NEG there_NEG are_NEG role_NEG for_NEG woman_NEG over_NEG a_NEG certain_NEG age_NEG take director clearly love older woman m weaver make film homage sort anti-woody allen,positive,negative
like previous commentator film tear time movie wonder film awe-inspiring awfulness come existence moment protagonist wake new york apartment dream subway train intercut galloping horse irish emigrant had_NEG that_NEG one_NEG )_NEG clear trouble doe get_NEG much_NEG better_NEG whisked num s ireland enter world everybody speaks intonation exclusively topic irish civil war schoolchildren school learn civil war drinker pub divide according civil war allegiance remembrance carried died civil war town divided believe remember want forget civil war glance conversation dripping meaning trace civil war blurb videocover broken harvest suggests film parable trouble modern ireland parallel strike present day dublin conversation dominated topic house price intention offer sort insight ireland obsession past fails miserably striking irish film dealt irish civil war legacy film great deal subtlety intelligence tell lasting effect traumatic event nation psyche american viewer suggested film evokes atmosphere num s ireland doe num s ireland horrible poverty stricken pit sexual repression misery young people fled drove topic conversation,negative,positive
previous reviewer wrote appeared middle_NEG ground_NEG for_NEG opinion_NEG of_NEG love_NEG story_NEG loved hated remarkable distribution opinion scale num num movie rated num beautiful scene location ray milland turn fabulous job oliver father movie did do_NEG a_NEG particularly_NEG compelling_NEG job_NEG of_NEG telling_NEG it_NEG story_NEG story so_NEG unique_NEG a_NEG to_NEG warrant_NEG multiple_NEG viewing_NEG for_NEG me_NEG bit snob tend avoid movie ryan -- seen_NEG barry_NEG lyndon_NEG --_NEG because_NEG most_NEG of_NEG them_NEG all_NEG ruined presence lone exception doc straight performance perfect underlining barbra streisand goofball protagonist -- coincidentally_NEG take shot love story good measure mcgraw tend mug line act movie notable beginning fine career tommy lee jones movie,negative,positive
rented movie new year eve weekend watched say place_NEG to_NEG go_NEG but_NEG up_NEG after_NEG watching_NEG this_NEG one_NEG pointless vulgar harvey keitel script easy write -- just make word curse word andie mcdowell surprisingly good character roll movie recommend,negative,positive
wonder today horror movie rely human torturing make people scared sad future horror movie dee snyder try make feel scared terrified movie doe exactly in_NEG a_NEG good_NEG way_NEG moment film chance snyder saving film falling hole let frank movie did fall_NEG into_NEG a_NEG hole_NEG hole synder make attempt_NEG whatsoever_NEG to_NEG bring_NEG itself_NEG out_NEG of_NEG it_NEG finish watching movie left sick depressed dirty insane feeling intention movie lower dirt,negative,positive
having watched receiving dvd christmas num came pan -- reading comment the_NEG heart_NEG clearly film worked child certain age let be_NEG a_NEG complete_NEG grinch_NEG work child -- too_NEG media-saturated_NEG and_NEG have_NEG become_NEG visually_NEG over-sophisticated_NEG watching lotr harry potter adult stay mile away enjoy_NEG it_NEG good bit barbara kellerman witch especially early scene edmund creates just right blend charismatic evil restrained madness stone table go bit michael aldridge minor role professor jeffrey perry tumnus kind polished skillful acting expect best bbc drama aslan costume work amazingly considering got eye just right bad bit area particular casting england crammed good actor contains ten thousand attractive british school kid possibly ended stiff like wooden soldier speak peter gravitas_NEG or_NEG charisma_NEG (_NEG and_NEG is_NEG visibly_NEG shorter_NEG than_NEG his_NEG supposedly_NEG younger_NEG sibling_NEG )_NEG edmund just whiny lucy sophie wilcox lucy dramatically visibly drastically wrong ca imagine_NEG how_NEG she_NEG got_NEG the_NEG job_NEG animal costume appears worked kid kid level big bird elmo exciting believable character entranced film viewer sophistication say num -year-old seen prisoner azkaban mister beaver come tree hoot cruel derisive laughter costume just work_NEG --_NEG i_NEG could_NEG think adult modern teen suspend disbelief looking mister beaver drawn animation later gryphon work better easier star young tender soul read re-read book watch far better film unrolls imagination,negative,positive
spoiler -- num african-american mario van peebles followed tremendously popular urban-action film new jack city posse film co-written directed van peebles star main character jessie lee plot film begin turn num th century united state embroiled spanish-american war apparently time justice send convict military service jessie lee find unwilling enlisted man serving all-black cavalry troop cuba compatriot include little j stephen baldwin fast-talking weezie charles lane towering-but-simple obobo tiny lister hidden chest gold reconnaissance run decide ambitious bigoted colonel graham zane find gold apparently willing kill jessie lee company shootout graham force jessie lee leaf colonel blind eye force retreat jessie lee ragtag crew manage smuggle gold new orleans turn graham far_NEG behind_NEG jessie lee ally forced run heading west town called freemanville apparently freemanville founded black year following civil war jessie lee father king david charismatic preacher co-founded town revealed intermittent flashback king david soon brutally murdered white mob parallel ku klux klan terror campaign began time jessie lee company eventually way freemanville townsfolk exactly_NEG glad_NEG to_NEG see_NEG himespecially_NEG when_NEG sheriff_NEG bates_NEG (_NEG richard_NEG jordan_NEG )_NEG of_NEG a_NEG nearby_NEG white_NEG township_NEG make_NEG it_NEG clear_NEG that_NEG he_NEG want_NEG jessie_NEG lee_NEG and_NEG his_NEG partnersdead_NEG or_NEG alive_NEG carver blair underwood sheriff facto mayor agenda square_NEG with_NEG having_NEG jessie_NEG lee_NEG around_NEG analysis action sequence credible mario van peebles turn good performance brooding hero aftermath success new jack city expected van peebles helm sequel similar urban-action follow-up instead van peebles looked num year past creating mostly-black western effectively black-themed western num continuing legacy largely-forgotten black-themed cowboy film early num th century unlike new jack city film independently financed originally released entertainment allegedly exec major studio balked van peebles pitched curious casting time involved rapper big daddy kane tone loc father time angel respectively certain interview mario van peebles said like cast type year trend casting rap singer non-musical film commonplace keen viewer notice cameo various entertainment personality black-action film veteran like isaac hayes truck turner pam grier foxy brown larry cook spook sat door doe stand-up legend nipsey russell to_NEG mention_NEG tv_NEG producer_NEG stephen_NEG j._NEG cannell_NEG (_NEG who_NEG hired_NEG the_NEG junior_NEG van_NEG peebles_NEG to_NEG star_NEG in_NEG ``_NEG sonny_NEG spoon_NEG ''_NEG year_NEG earlier_NEG )_NEG film bookended woody strode spartacus key role,positive,negative
just watched couple laugh write home jason lee looked like having fun long dvd gag reel consists solely having fit uncontrollable laughter selma blair punching time clock character supposed stick mud guess jim brolin surprisingly funny married babs ca be_NEG a_NEG picnic_NEG soundtrack hip eclectic larry miller played julia stile father hilariously num thing hate funny great best aspect movie casting julia stile spend hour watching fold laundry feel like just did,negative,positive
hollywood movie num s treated gay leper condemning homosexuality film industry reflected repressive society day espoused ideology example num otto preminger melodrama advise consent straight actor don murray cast queer congressman commits suicide confess alternative lifestyle gay movie character covered lot ground advise consent num movie num num heterosexual actor kevin kline cast homosexual teacher come closet wedding day conservative hollywood yesteryear stipulated congressional queer advise consent commit suicide liberal hollywood today dictate gay english teacher embraced maced basically preaches good citizenship garb politically correct comedy director frank oz scenarist scott rudnick endorse honesty best policy honesty ensures happiness high school teacher howard brackett kevin kline big chill happy come closet just once-fat-but-now-thin emily joan cusack feel happy ditch diet ultimately movie contends straight society accept gay homosexual act greater honesty candor happily outed gay tabloid reporter played straight actor tom selleck effectively dramatizes open-minded commentary rudnick lightweight script embellishes true life incident occurred oscar tom hank paid tribute high school teacher cameron drake matt dillon blond brad pitt style bimbo type actor win oscar impersonating fruity foot soldier drake honor mentor howard brackett acceptance speech contend_NEG to_NEG stop_NEG there_NEG candid cameron reveals live television audience howard gay suspicion paranoia horror set medium descend sleepy town green leaf indiana no-name high school english teacher sexual deviance spark massive medium concern reporter lurks peter malloy tom selleck high road china want week-long exclusive howard howard want witch-hunting medium especially pesky peter malloy howard denies drake gay charge everybody including mom malloy lingers smell scoop revelation turned green leaf upside high school principal tom halliwell bob newhart squirm nervously medium coverage halliwell warns howard marriage imminent_NEG pink slip peter bet howard marriage emily fall moment record result camera howard resort audio tape macho men struggle reform howard effort futile guilt swell inside peter malloy rag come clean homosexuality finally altar sight god howard burst course bride-to-be emily montgomery floored howard gay confession predictably school fire howard show graduation drake show rush brackett defense only_NEG ha_NEG the_NEG school_NEG stripped_NEG howard_NEG of_NEG his_NEG job_NEG given teacher-of-the-year award somebody drake appeal principal win howard unanimous support community biggest defect rudnick contrived script howard rudnick created character chaste true gray straight standard howard brackett loom saint sinner help student gain admission college coach track team hear english teacher doubling coach everybody high school adores howard doe have_NEG a_NEG mean_NEG bone_NEG in_NEG his_NEG body_NEG rudnick oz ask believe green leaf gay howard gay friend scared come defense targeted_NEG strictly_NEG at_NEG homosexual_NEG audience_NEG oz screen credit include cute comedy like dirty rotten scoundrel house sitter rudnick teeter politically correct tightrope a_NEG gay_NEG recruiting_NEG movie_NEG filmmaker interest_NEG in_NEG what_NEG prompted_NEG either_NEG howard_NEG or_NEG peter_NEG malloy_NEG to_NEG prefer_NEG the_NEG gay_NEG lifestyle_NEG instead oz rudnick interested shoring premise he_NEG gay_NEG flesh involve community response answer finally howard admits gay filmmaker devote rest movie showing conservative norman rockwell-like town accept despite difference shocking scene probably tabloid reporter malloy doe lip lock howard straight guy kissing movie gay identity crisis hilarious phony kline selleck grind face appears head-on collision closed-mouth kiss like controversial num british movie priest emerges engaging labored piece social propaganda okay-to-be-act message ellen the_NEG tv_NEG equivalent_NEG probably heading tv new sitcom watching so_NEG much_NEG about_NEG dealing_NEG with_NEG the_NEG issue_NEG of_NEG gay_NEG or_NEG straight_NEG decent person day num th century make tolerable comedy sexual intolerance equal opportunity cheer jeer queer steer,positive,negative
began watching movie week ago gave num minute start person witness protection scheme located isolated farmhouse nervous exterior placed guard asks guard inside house make telephone - discover line cut shortly roy scheider witness assassin turn duly executes witness wife - roy scheider character duly pick wall telephone kitchen dial number speaks,negative,positive
excellent instead watching old sitcom type show old thing just different star refreshing provided incredibly entertaining view office situation away watching television num year coming show available look forward watching shame global pulling plug thought winner let realistic thing canadian show make talk enjoys believe foolish global walk away guess want stick typical mind numbing show state instead pulling canadian lot promise get_NEG me_NEG wrong_NEG enjoy lot show tv come people let variety unique provided comedic view slightly exaggerated realistic office life relationship unique character see_NEG on_NEG any_NEG sitcom_NEG today_NEG or_NEG in_NEG the_NEG past_NEG bad global say to_NEG this_NEG one_NEG foolish mistake,positive,negative
obscure horror filmed everglades couple stay overnight cabin little uneasy unfriendliness local blood stalker awhile watch character village idiot cluck like chicken certainly weird,negative,positive
soap-opera drawing applied ethic idea movie human suffering death necessarily_NEG a_NEG good_NEG movie_NEG did get_NEG any_NEG emotion_NEG from_NEG it_NEG idea at_NEG all_NEG new_NEG tension lack tedious second half end think quite interesting burlesque way mean middle-aged paralyzed bald guy get woman don juan doe seem_NEG to_NEG suffer_NEG a_NEG much_NEG a_NEG you_NEG would_NEG expect_NEG from_NEG someone_NEG completely_NEG paralyzed_NEG for_NEG over_NEG num_NEG year_NEG issue_NEG with_NEG god_NEG (_NEG and_NEG one_NEG would_NEG probably_NEG expect_NEG that_NEG too_NEG )_NEG people perfect slave ca get_NEG out_NEG of_NEG my_NEG mind_NEG bergman_NEG 's_NEG cry_NEG and_NEG whisper_NEG similar respect simply burst emotion all_NEG of_NEG them_NEG humane_NEG )_NEG etc_NEG movie perfect recipe housewife look emotional thrill expect_NEG to_NEG be_NEG blown_NEG away_NEG movie worth seeing cynicism today intention present modern ethical issue desire arouse viewer amenabar doe rub_NEG your_NEG face_NEG in_NEG it_NEG and_NEG he_NEG doe_NEG take_NEG side_NEG doe want_NEG to_NEG make_NEG u_NEG fanatic_NEG for_NEG a_NEG particular_NEG idea_NEG clue_NEG a_NEG to_NEG why_NEG this_NEG movie_NEG wa_NEG so_NEG highly_NEG regarded_NEG,positive,negative
movie reality submarine warfare ww num a_NEG clean_NEG precise_NEG science_NEG computer_NEG giving_NEG exact_NEG enemy_NEG detail_NEG precise_NEG instrumentation_NEG to_NEG num_NEG %_NEG control_NEG the_NEG sub_NEG all_NEG the_NEG crew_NEG went_NEG to_NEG fight_NEG with_NEG a_NEG song_NEG in_NEG their_NEG heart_NEG smile dial people expectation seeing pretty war movie grossly disappointed good deserve disappointed deserve reality shoved face war clean_NEG exact fought people break song endured scared hungry desperate people willing survive dive dawn fine example portraying desperate situation needing desperate action,positive,negative
thought going watch scary movie ended laughing way movie scene human transformed werewolf thought kidding today computer game time better animation low budget fitting comment recommend wolf num jack nicholson good werewolf movie good special effect human transforming werewolf unless wish good laugh recommend_NEG you_NEG to_NEG watch_NEG this_NEG movie_NEG movie joke,negative,positive
script columbo film pulled right sappy num soap opera deeply character-driven film great character compelling film thing compelling desire change channel villain dialog sound written romance novelist great columbo where_NEG near_NEG his_NEG famous_NEG lovable self-effacing crumpled self victim whimpering one-dimensional damsel-in-distress cowers fear tiny scalpel held flimsily hand abductor - come knocked scalpel hand kicked you-know-what num second sense reality character tried struggle fight little speaking reality story revolves kidnapping worked solved police police break know fbi take kidnapping case columbo_NEG just shallow totally predictable crime drama familiar columbo written stretched num hour,negative,positive
ago seen sleuth num great actor michael caine laurence olivier michael caine husband jude law lover wife story fantastic play movie feeling watch play reason dislike remake classic watch movie adapted play feel movie just_NEG a_NEG play_NEG director kenneth brannigan did marvelous movie past time missed reason look movie design modern stylish clean uncomfortable cold got_NEG the_NEG feeling_NEG that_NEG somebody_NEG ever_NEG lived_NEG in_NEG that_NEG house_NEG photography bad_NEG lightening awful blue light dark green light round friendly_NEG for_NEG eye_NEG acting really good michael caine jude law perform best really like num guy playing stage confess wa_NEG a_NEG fan_NEG of_NEG jude_NEG law_NEG weakest mid remember original mysterious just marvelous directed tried watch twice mid felt asleep end better interesting sleuth num awful_NEG movie critic audience sleuth num masterpiece entertaining sleuth num,negative,positive
generally love srk villain believe srk juhi perfect match screen actually nice pretty movie great watch major flaw num good guy sunny - only_NEG he_NEG 's_NEG so_NEG much_NEG less_NEG attractive_NEG than_NEG shahrukh_NEG (_NEG what_NEG in_NEG my_NEG opinion_NEG is_NEG soooooo_NEG important_NEG in_NEG bollyfilms_NEG )_NEG but_NEG his_NEG role_NEG lack_NEG character_NEG -_NEG it_NEG would_NEG be_NEG much_NEG better_NEG if_NEG there_NEG wa_NEG a_NEG conflict_NEG between_NEG two_NEG strong_NEG personality_NEG instead conflict personality average soldier num kiran sunil reaction rahul action unbelievably silly naive bollywood production that_NEG important_NEG in_NEG comparison_NEG with_NEG the_NEG wonderful_NEG melodramatic_NEG atmosphere_NEG great song really truly great let say shahrukh villain just love pagal must-see anjaam baazigar duplicate,positive,negative
really liked movie number num star robot movie get hit lightning thing happened circuit act think like robot repeat commercial learns watching tv applies saying circumstance number num quick witted funny character imitates voice star try dance like john travolta staying alive lot thing saying circumstance memorized action robot really good number num want drive cook stefany characteristic human way robot line really disappointed writer keep_NEG this_NEG clean_NEG for_NEG all_NEG viewer_NEG movie surpris ending expect_NEG hate movie swearing like lower rating movie swearing word jesus christ used swearing word offends used num time g-d d-m bull wonderful movie offensive language sex_NEG in_NEG this_NEG film_NEG violence like robot blowing car machine,negative,positive
believe_NEG i_NEG enjoyed_NEG this_NEG a_NEG much_NEG a_NEG i_NEG did_NEG anthology story better par linking story surprise ending hooked alot familiar face asking seen forget running time listed new line tape ai num_NEG minute_NEG according vcr timer imdb space maggot douses campfire special way hike num,positive,negative
young woman come home town husband passed away accident barely settle small town shortly loses little son kidnapping hope lead kind following plot normal movie new partner happy finally depressed struggle finally kill doe try kill after_NEG a_NEG series_NEG of_NEG severe_NEG fight_NEG god trust god god forgive killer careful god movie doe mean_NEG a_NEG thing_NEG against_NEG god_NEG way movie deal issue quite interesting in_NEG the_NEG woman_NEG 's_NEG point_NEG of_NEG view_NEG or_NEG from_NEG god_NEG 's_NEG perspective_NEG (_NEG in_NEG this_NEG way_NEG lot grass growing cloud flying view suppose party eye movie let perceive doe explain_NEG a_NEG thing_NEG movie be_NEG so_NEG interesting_NEG were_NEG there_NEG only_NEG the_NEG woman_NEG man woman obviously love way funny guy like clown say shamelessly hang heroine combination woman tension cry throwing man smiling talking stupidly end good balance emotion absurdly wrong tedious highly recommend,positive,negative
standard rise fame tale high point number lonette mckee sister give stunning star making performance fact became_NEG a_NEG huge_NEG sensation_NEG after_NEG this_NEG is_NEG beyond_NEG me_NEG sadly supporting character forced focus irena carter bland character sparkle rise fame easy boring unconvincing girl stage perform movie come life original music curis mayfield praised copy saw old vhs tape picture quality pretty low production value guessing worth gander,positive,negative
jms boy pas beginning series small budget movie sub-par dont wrong b num series far best tv series exec seeing movie wouldnt ordered series dont like actor costume silly ton cliche said season exception babylon squared survivor bruce immediately series went amazing spectacle b num fan havent seen movie arent b num fan dont wont want watch series,negative,positive
surprise_NEG except_NEG in_NEG how_NEG quickly_NEG abc_NEG reacted_NEG to_NEG the_NEG dismal_NEG rating_NEG according published report variety garnered worst rating history abc television network quote abc music talent competition opened tuesday night cancel-me-now rating article went say received shockingly low num num num share adult num - num num num million viewer overall make weakest premiere reality network series bow abc history moment saw commercial knew fail need_NEG another_NEG american_NEG idol_NEG clone_NEG abc given fair chance succeed,negative,positive
sense kind liked movie positive atmosphere sort conveys problem aspect plot later character little goofy dimensional people similar physical character trait people similar physical character trait hmmm basic storyline ok pretty simple standard - exciting objectionable main attraction course miniature dinosaur - kind nice fantasy element minimal presence movie outside movie kept brisk pace did get_NEG too_NEG bogged_NEG down_NEG in_NEG any_NEG one_NEG place_NEG liked movie problem plot idea stealing think movie have_NEG been_NEG thought_NEG out_NEG enough_NEG -_NEG something_NEG 's_NEG wrong_NEG especially_NEG if_NEG this_NEG is_NEG a_NEG kid_NEG 's_NEG movie_NEG sentence abstract be_NEG a_NEG spoiler_NEG (_NEG skip_NEG it_NEG if_NEG you_NEG 're_NEG worried_NEG )_NEG guy stealing have_NEG the_NEG same_NEG info_NEG the_NEG audience_NEG ha_NEG -_NEG so_NEG it_NEG 's_NEG just_NEG stealing_NEG and_NEG that_NEG 's_NEG kind_NEG of_NEG a_NEG bad_NEG thing_NEG for_NEG a_NEG kid_NEG 's_NEG movie_NEG overall kid questionable plot aspect consider passing movie pretty low key matter_NEG pas interesting choice,negative,positive
love life explores culturally relevant scenario marriage convenience lesbian gay man subject matter compelling conflict bit forced easily resolved example thomas fall joe little quickly conveniently plot continuity error user commented different car garage joe glass got fact joe facial hair configuration change scene scene end turned-on movie moved stephan gill pretty nice body show quite time pornstar skill exuberance all-too-often acting chop match time movie like going full-on porn stephanie kirchen doe fine job moment enlightenment end sullied bit mood good romp shower end movie,negative,positive
okay film festival crowd probably loved average popcorn munching movie goer scraped to-gether buck cost movie day probably wonder choice stamped copolla automatically great stuff right wrong neat spoof filmdom pretension terribly worry film maker concerned entertaining public interesting cinematic curio doe chuckle run course movie tv dust grow film can tape box holding hardly epochal epic,negative,positive
saw movie came theater num knew of_NEG award_NEG winning_NEG caliber_NEG ..._NEG i_NEG kinda_NEG liked_NEG it_NEG tale tale num cub scout reuniting task got_NEG to_NEG finish_NEG a_NEG kid_NEG -_NEG which_NEG is_NEG to_NEG climb_NEG mt_NEG whitehead course cub scout grown developed personality variety way differently child richard lewis neurotic richard belzer playboy franklyn ajaye sort dear abby group tim thomerson surfer dude group course billed star louie anderson true believer cub scout related life house mother go cub scout manual daily brave reverent clean reunites grand adventure scouting compounding task grunski brother bully drummed cub scout mentioned coincidence run old den decide harass bit albeit harmlessly so_NEG harmlessly_NEG is_NEG three_NEG escaped_NEG convict_NEG think pack num fbi intent wiping movie bit charm observe richard lewis trying comfortable folding cot example really funny bit going review entire film needed type observational humor doe hold_NEG up_NEG well_NEG after_NEG all_NEG these_NEG year_NEG but_NEG still_NEG remains_NEG a_NEG guilty_NEG pleasure_NEG,negative,positive
hard imagine director capable godawful crap hill pulling sensitive attractive evidence quite compelling alluded tv drama yes doe seventy play today feel time cut mainly think owing quite superlative acting anne reid fine script shadow-boxes getting nose maybe right end did like_NEG either_NEG the_NEG tracking_NEG shot_NEG of_NEG indifferent_NEG goodbye_NEG through_NEG the_NEG hallway_NEG the_NEG oh-what-a-beautiful-morning_NEG final_NEG scene_NEG deserved studied finale think hard work slipper business bit ott reflection mean avoiding sinking expectation mature man daughter try set cast num dimension repulsive old bore point contrast painfully attractive virile young geezer unwittingly competing instead unexpectedly subtle sympathetic cameo lonely clumsy entirely_NEG unlikeable_NEG and_NEG very_NEG human_NEG fellow_NEG doe have_NEG much_NEG of_NEG a_NEG clue_NEG about_NEG entertaining_NEG a_NEG woman_NEG point started sit pay attention script let actor breathe interesting fairly minor part mike leigh respect minus contrived cathars inexplicably go course probably dumbfounded anne reid doe character body repressed dutiful housewife discovering time far simplistic character allusion having bad housewife to_NEG mention_NEG that_NEG thing_NEG she_NEG doe_NEG with_NEG tray_NEG trying look nurturing comely succeeding looking awkward daughter accuses having sat tv day instead motherly duty presumed answer_NEG wa_NEG a_NEG model_NEG wife_NEG and_NEG mother_NEG to_NEG herself_NEG -_NEG that_NEG 's_NEG where_NEG a_NEG lot_NEG of_NEG the_NEG poignancy_NEG come_NEG from_NEG sense having wasted life trying fulfil role simply good_NEG at_NEG,positive,negative
worse star trek tos episode maybe get vote num mean episode make absolutely freaking_NEG sense_NEG seeing make mad break episode different feel music heightened forced enhance feeling distress point suck klingons gorns tholians romulans higher being like triskelion medusin boring alien make episode mccoy get utter famous phrase dead jim spock put protective goggles transporting ambassador away kirk doe freaking barrier time remember boring season episode spectre gun day dove follow making trek decent watch syndication pick people like avid fan personal observation trek loved use color purple kind pinkish purple like corridor outside compartment gangway normally grey purple had_NEG a_NEG purple_NEG bridge_NEG but_NEG it_NEG interesting_NEG to_NEG see_NEG noticed episode light filter work episode ship corridor pretty lame,negative,positive
just regular jason lee movie part movie funny undertone live life edge guess type movie think num year old girl watch slumber party right movie kind movie ground look catch attention think julia stile selma blair good combination like movie good story plot just kind boy meet girl movie perfect movie comedy central glad did see_NEG this_NEG movie_NEG in_NEG the_NEG theater_NEG angry guess did see_NEG it_NEG in_NEG the_NEG theater_NEG,negative,positive
guess mood movie really grabbed beginning movie it_NEG plodded pretty slow deliberate pace num minute really_NEG anything_NEG in_NEG it_NEG that_NEG i_NEG wa_NEG terribly_NEG interested_NEG in_NEG --_NEG there_NEG 's_NEG an_NEG intriguing_NEG and_NEG mysterious_NEG feud_NEG between_NEG jean_NEG reno_NEG 's_NEG character_NEG and_NEG an_NEG old_NEG man_NEG num minute dominated wandering main character did know_NEG much_NEG about_NEG and_NEG could_NEG really_NEG relate_NEG to_NEG at_NEG the_NEG time_NEG wanders doe meet_NEG anyone_NEG imagine director trying depict loneliness human condition post-apocalyptic world good wish trimmed num minute num incredibly boring num minute thing start interesting guess wo really_NEG say_NEG more_NEG than_NEG that_NEG because_NEG i_NEG do_NEG want_NEG to_NEG spoil_NEG anything_NEG seen num - num minute movie thinking turning like just stick -- get lot better interesting thing movie fact dialogue_NEG whatsoever_NEG really think happening character feeling motivation thing post-apocalyptic world give story lot room audience interpretation amazing satisfying movie actor telling_NEG you_NEG exactly_NEG what_NEG 's_NEG going_NEG on_NEG,positive,negative
rivalry brother lead main story line navy commander chuck prescott marshall thompson developed y num aircraft test far man atmosphere brother dan prescott edward best test pilot chosen y num dan course problem taking order confident dare devil dan second flight hit num mile comfort zone craft pass meteor dust storm returning earth dan monster resembles num pound bad asphalt demanding craving blood farm animal fellow human being short runtime hour seventeen minute black white near stoic acting typical low budget sci-fi rounding cast marla landi robert ayers carl jaffe noteworthy trivia month film released russian real man space,negative,positive
deaf secretary carla emmanuelle devos bullied mean spirited male colleague suggest need assistant like final insult applicant ex-con paul vincent cassel seizes chance change life carla cover mistake anxious straight reluctantly help revenge colleague paul asks carla return favor find drawn criminal underworld ruled ruthless lone shark marchand olivier gourmet recognizing ability lip-read weapon one_NEG will_NEG have_NEG bargained_NEG for_NEG set justice french filmmaker jacques audiard feature read lip genre-defying piece switching dark social comedy visceral full-throttle thriller,positive,negative
valentine dogkiller dussaut joe judge kern join force clean mean street geneva thrill kibosh international heroin smuggler polish fugitive peeping tom philandering girlfriend renegade dog litterbug lazy bin recyclables be_NEG fooled_NEG by_NEG the_NEG deceptive_NEG miramax_NEG ad_NEG campaign_NEG that_NEG paint_NEG it_NEG a_NEG a_NEG pretentious_NEG art house flick movie num action,positive,negative
bbc filming shakespeare classic play version hamlet doe dispel particular impression shakespeare over-rated play hamlet particularly_NEG moving_NEG and_NEG tragic_NEG character_NEG feel sympathy_NEG for_NEG him_NEG did after_NEG watching_NEG this_NEG great actor like great derek jacobi role dane patrick stewart claudius jonathan hyde rosencrantz disguise_NEG the_NEG lack_NEG of_NEG passion_NEG in_NEG the_NEG storyline_NEG good actor like jacobi injects passion render entire role incomprehensible just connect_NEG his_NEG physicalisation_NEG of_NEG the_NEG character_NEG to_NEG what_NEG he_NEG wa_NEG saying_NEG killed said doe to_NEG be_NEG ''_NEG speech_NEG right_NEG action dagger make clear character suicidal intention point play supporting role better written consequently better played enjoyable notably lalla ward loopy ophelia stewart well-detailed interpretation claudius half hour long best watched bite-sized chunk check interested prepared long watch,positive,negative
china num attempt make cynthia rothrock star united state golden harvet production helmed veteran director robert clouse sadly lucky enter dragon lost touch that_NEG great_NEG of_NEG a_NEG director_NEG reason watch movie fighting skill rothrock richard norton movie directed corey yuen hoi meng action classic instead cheesy straight-to-video action flick china return home help dad having trouble local mob need help return home restores order help unlikely people topple mister big evil crony big cynthia rothrock fan movie catered enjoyed fighting scene rubbish did raymond_NEG chow_NEG shell_NEG out_NEG a_NEG few_NEG shekel_NEG and_NEG hired_NEG a_NEG top_NEG notch_NEG action_NEG director_NEG recommended,positive,negative
hardly know year later mgm norma shearer divorcee glow mgm technical know far came year cheney stagey early talkie camera hardly move shearer usual charming self rathbone doe romantic leading role careful speak clearly slowly microphone source doe mitigate naturally flowing dramatic scene play sturdy fun warhorse enjoy oneself expectation too_NEG high_NEG oh way plot involves ring upper class jewel thief infiltrate society prey victim clever twist script true love conquers oscar nom best screenplay adaptation,negative,positive
just watched season num finale doctor apart couple dull episode fantastic sad loss say goodbye main character season final move bbc doe need increase budget thing happen london surrounding area special effect main good odd occasion need little polished huge gamble bbc bring lost way long time ago congratulated doing roll christmas num special num christmas special far best thing television,positive,negative
ed kel mitchell teenager life job good burger small friendly neighborhood hamburger stand buddy dexter kennan thompson work lack ed single-minded devotion job accidentally destroyed car teacher wheat sinbad raise money pay damage mondo burger mammoth fast-foot chain open street look like good burger history ed formulates secret sauce brings hundred new customer door monomaniacal manager mondo burger kurt jan schweiterman determined hand sauce good burger business ed dexter rescue otis abe vigoda world oldest fast food employee demented hill asylum ed just love monique shar jackson mind burger long pay attention good burger comedy directed kid decent story acting overall pretty harmless kid movie,negative,positive
interesting piece bruce weber like dislike maybe professional editor biography felt satisfied instead spent num film festival autobiography revealed bruce weber like look photograph shoot interesting people especially beautiful teenage boy listen jazz director crumb interesting cohesive film,negative,positive
aaah thing horror film only_NEG is_NEG every_NEG character_NEG over_NEG the_NEG age_NEG of_NEG thirty_NEG distinctly unattractive make refreshing change reminds distant time actor chosen talent ability play realistic character teen appeal magazine cover carpenter chooses production designer cinematographer actually create realistic environment over-styled parody gimmicky_NEG 'twist_NEG '_NEG ending_NEG cameo celebrity appearance lame pseudo-romantic subplot really miss on-set physical effect num year old kid trying crazy new idea vat blood latex early animatronics num year num num saw alien elephant man poltergeist howling american werewolf london thing company wolf nightmare elm street era horror effect get_NEG me_NEG started_NEG on_NEG the_NEG death_NEG of_NEG matte_NEG painting_NEG matte work movie beautiful seamless rate cgi music video director professional stylist make horror movie look like glossy mtv video going netflix howling,positive,negative
film hard hold eventually saw disappointment overwhelming mean great story twentieth century unknown man take advantage unsuspecting airline industry get away million ransom hurting bungling attempt built-in make lackluster talk-laden flick true-life event williams interesting screenwriter assumed cooper persona stereotypically heroic like movie star s type-without engaging detail insight mind person daring clever pulled harrold practically steal movie spunk pure beauty real letdown handling plot lame direction shame film existing,negative,positive
film complete keeping continuously interested flashback childhood growing bizarre father interspersing tail serial murder simply go_NEG wrong_NEG plot story essence film entertaining sort story director paxton case really did lot beginning end kept anticipating happening film going creativity story class felt film exquisitely start finish rare gem boring lull -- action flowing neatly quickly tightly scene demonstrates just far people horrible thing loved one act evil disillusioned case interesting twist take concept morality overall sort film easily overlook recommend do_NEG likewise_NEG and_NEG to_NEG check_NEG this_NEG film_NEG out_NEG --_NEG it_NEG is_NEG very_NEG much_NEG so_NEG worth_NEG your_NEG time_NEG,positive,negative
chance russian gem masterpiece hidden treasure war movie like dawn quiet proverka na dorogah right watch american war movie international production ally german worse watch italian war movie west shallow contrived ridiculous comparison russian movie sooooo stunned quality aforementioned russian war movie find_NEG the_NEG word_NEG to_NEG praise_NEG enough_NEG their_NEG shattering_NEG superiority_NEG over_NEG anglo-saxon_NEG war_NEG movie_NEG,positive,negative
average garden variety psychotic nutcase deliciously essayed unhinged glee stephen sachs knock various dim-witted young adult use term loosely dayton hall university closed demolition featuring dreadful acting entire cast daphne zuniga make ignominious inauspicious film debut debbie bimbo head crushed car hefty corpse tally num okay make-up matthew mungle bloody murder baseball bat bludgeoning chicken wire strangulation standard drill head bit sort gruesome thing downbeat surprise twist ending later copied intruder creepy score christopher hellraiser young slight smidgen gratuitous female nudity endearingly incompetent direction jeffrey obrow steve carpenter blessed power kindred entertainingly abysmal atrocity size good deal delectably dopey drecky low-grade fun,positive,negative
just commentator mentioned way interview footage superposed concert footage place true biggest flaw film so_NEG often_NEG bad see_NEG this_NEG video_NEG black sabbath fan aside having seen black sabbath sevnties early eighty saw num num headlined ozzfest just like video concert amazing like rented place just best geezer-rock check,positive,negative
eighty-four film futuristic society government control one_NEG can_NEG be_NEG trusted_NEG dark film make_NEG you_NEG feel_NEG good_NEG about_NEG yourself_NEG romance taking place society betrayal lover human nature self-centred film good idea portraying society dark tone colour contrasting happiness bright colour dream general feeling loneliness object people place despite film cleverness portraying idea film slow did seem_NEG to_NEG quite_NEG get_NEG the_NEG idea_NEG across_NEG spend time clever telling story,negative,positive
reviewer called movie bust clearly missed point obvious been_NEG young_NEG or_NEG innocent_NEG in_NEG a_NEG very_NEG long_NEG time_NEG understood tragedy well-meaning young character actually thought make difference putting poster holding rave peace easy cynic sit sneer people earnestly try best make thing better situation get worse worse single day part_NEG of_NEG the_NEG solution_NEG problem central theme revenge begets revenge begets ever-expanding bloodbath side tell tale atrocity committed think justify committing retaliation doe end apparently missed significance bubble referred people living tel aviv strangely cut ugly reality going partly naive think ashraf slip checkpoint problem tell paying_NEG attention_NEG when_NEG ashraf_NEG related_NEG the_NEG delay_NEG and_NEG problem_NEG he_NEG had_NEG encountered_NEG brave director screenplay writer star-crossed lover update romeo juliet story modern troubled land make lover male let honest people problem female young love win heart -- people uneasiness sexuality added fact incredibly people hate conclusion inevitable,positive,negative
pleased black hair fan num year disgusted earlier attempt film story pleased screenwriter updated period include computer did spoil_NEG it_NEG at_NEG all_NEG fact watched film twice day sure sign standard book like thought character depicted represented early day modesty blaise extremely evinced book comic strip disagree comment earlier reviewer baddie having ugly actually read book thought good film look forward sequel anticipation,positive,negative
yes chunky nick-name donna reed romantic lead played tom drake tag let clear right away role get-away num dallas num - num reed be_NEG described_NEG a_NEG chunky_NEG this_NEG attractive_NEG and_NEG slim_NEG actress_NEG role seldom lived talent reed supported cast competent character actor unfortunately flounder alleged comedy clearly depth making type film type better produced columbia paramount rko universal ernst lubitsch the_NEG wit_NEG of_NEG preston_NEG sturges_NEG could_NEG save_NEG this_NEG film_NEG conventional romantic comedy marking pre-war wwii effort irving thalberg alive screen-play gone significant rewrite seen_NEG the_NEG light_NEG of_NEG day_NEG did fit louis mayer challenging family entertainment form stand_NEG up_NEG to_NEG the_NEG post-war_NEG challenge_NEG of_NEG the_NEG 'dehavilland_NEG decision_NEG '_NEG loss theater chain television contribute decline fortunetly donna reed best day ahead culminating eternity num oscar win best supporting actress,negative,positive
suggesting movie-length version num s tv hit love american style decked flash nudity superchick num lighthearted piece fluff manages entertain lead character tara true really kind superchick stewardess flight_NEG attendant_NEG )_NEG who_NEG 's_NEG so_NEG good-looking_NEG that_NEG even_NEG her_NEG plane_NEG 's_NEG autopilot_NEG ha_NEG made_NEG a_NEG pas_NEG at_NEG her_NEG (_NEG hunky boyfriend port wingin swingin gal really doe lay layover germaphobe surgeon beau new york playboy gangster problem miami creatively challenged rock star dude tara sure doe busy draining_NEG these_NEG guy_NEG of_NEG all_NEG their_NEG manly_NEG energy_NEG viewer learns liable taking karate class mile-high clubbing fending flasher rapist attending groovy pot party stopping hijacking attempt airplane said lighthearted fun surely good night feeling somewhat brain-dead just want veg tube future astrologist joyce jillson doe bring vacuous charm role tara film look handsome disappointingly buxom num s faves uschi digard mary gavin aka candy sample wasted small role best -- chesticles picture laff-out-loud_NEG funny_NEG and_NEG doe_NEG really_NEG have_NEG many_NEG thought_NEG in_NEG it_NEG metaphorical_NEG head_NEG doe succeed consistently amusing suppose strange end credit attention jillson body double think_NEG i_NEG 've_NEG ever_NEG seen_NEG that_NEG before_NEG,negative,positive
government elected year term reg whithers said num liberal determined continue forcing labor poll defeated ask portrayed docudrama say kerr acted properly fails acknowledge self-serving costly strategy liberal party australia series max phipps poor whitlam voice ghostly key political player side used reflection budgetary constraint time recommend caution,positive,negative
time released movie dvd know say wb rush release movie dreamgirls movie rush release movie catalog num disappointed dvd release movie special_NEG feature_NEG num_NEG num dd sound come wb better audio picture quality movie need help wb did place_NEG a_NEG much_NEG time_NEG and_NEG attention_NEG to_NEG this_NEG movie_NEG because_NEG it_NEG is_NEG a_NEG black_NEG movie_NEG and_NEG my_NEG have_NEG okay_NEG sale_NEG kept cd way dose have_NEG all_NEG the_NEG song_NEG the_NEG original_NEG cd_NEG ha_NEG recommend dvd purchase yes classic film wb need add special feature note group movie heatbeats temptation view just performance sound better dvd,negative,positive
ca believe_NEG that_NEG they_NEG took_NEG this_NEG off_NEG the_NEG air_NEG especially episode left daughter sister friend loved watching upset stopped showing called rating fair_NEG to_NEG the_NEG people_NEG who_NEG were_NEG watching_NEG this_NEG show_NEG since_NEG the_NEG beginning_NEG right end wish overall vote people num time year voting send paper mail viewer overall vote program watch heard help promote new people wonder only_NEG could_NEG you_NEG see_NEG what_NEG the_NEG viewer_NEG are_NEG watching_NEG use tool free advertisement tv cable channel want episode bring,positive,negative
liv ullman character say feel like dream going ashamed wake referring only_NEG to_NEG being_NEG an_NEG unwilling_NEG player_NEG in_NEG society_NEG 's_NEG war_NEG game_NEG referring ignorant participant life film end say dream child trying care forgot implication forgotten learned war just survived like mother unable pas vital lesson child cycle shame ignorance continue ad infinitum,positive,negative
yeah low budget yeah candy earliest film maybe funniest john candy so_NEG far_NEG removed_NEG from_NEG his_NEG sctv_NEG day_NEG in_NEG ``_NEG going_NEG berserk_NEG ''_NEG and_NEG it_NEG show_NEG crack_NEG up_NEG when_NEG candy_NEG try_NEG to_NEG help_NEG a_NEG guy_NEG with_NEG his_NEG grocery_NEG while_NEG being_NEG hand-cuffed_NEG to_NEG an_NEG escaped_NEG cohort_NEG in_NEG the_NEG process_NEG of_NEG having_NEG sex_NEG with_NEG his_NEG girlfriend_NEG with_NEG only_NEG the_NEG apartment_NEG door_NEG separating_NEG them_NEG (_NEG huh_NEG movie way euguene levy creator kong fu yu talking mom phone just countless number facial expression candy deliver better check pulse like john candy lonely be_NEG a_NEG movie_NEG i_NEG would_NEG advise_NEG you_NEG to_NEG see_NEG enjoy sctv day john candy movie,positive,negative
did like_NEG chandni_NEG bar_NEG from_NEG the_NEG same_NEG director_NEG did watch_NEG his_NEG other_NEG movie_NEG came went page- num nicely real like satya rgv did mental sickness called high society summary movie midst sickness difficult lead normal life protagonist konkana sen doe movie to_NEG be_NEG watched_NEG with_NEG child_NEG or_NEG expecting_NEG wife_NEG page- num newspaper usual place reporting activity going party rich elite indulge filth reported page- num business prospect shown movie event management firm paid arrange party make rich famous_NEG people_NEG famous_NEG overnight_NEG by_NEG clicking_NEG photograph_NEG with_NEG the_NEG celebrity_NEG invited_NEG to_NEG the_NEG party_NEG western culture crept high society mumabi quite deeply movie show boldly hold_NEG barred_NEG madhur bhandarkar start new journey,positive,negative
story go like small-town girl katie jessica simpson decides visit boyfriend big city arrives discovers quite_NEG a_NEG faithful_NEG a_NEG he_NEG should_NEG be_NEG katie end venturing adventure new york filling bike messenger comedic charming mishap ensues fall hole ground meet charismatic good-guy ben luke wilson love_NEG at_NEG first_NEG sight_NEG destiny ben wo give_NEG up_NEG quite_NEG that_NEG easy_NEG just small-town girl blonde couple evil executive building firm decides perfect scapegoat cunning plan misunderstanding hilarious sad consequence follow blonde wo take_NEG it_NEG lying_NEG down_NEG people judgmental film soon proved wrong joke confident fitting story developed relationship katie ben feel natural put godard created shame multi-talented jessica simpson surprise strong role pull simpson really marilyn monroe day scene honoring balance perfectly vulnerable whimsy katie really doe ca judge_NEG a_NEG book_NEG by_NEG it_NEG cover_NEG luke wilson charming covered manure man appealing light touch puppy dog eye laid manner make difficult resist andy dick play role born play diabolical executive really be_NEG underestimated_NEG strength performance lie restraint remarkable actor just run away play cheap laugh this_NEG guy_NEG conclusion director scott marshall crafted intelligent frequently hilarious comedy destined classic alongside masterpiece cinema like epic movie norbit kudos involved especially jessica simpson smile whole-hearted laughter make toughest man break big grin tough that_NEG tough_NEG warmly recommended want swept foot romantic comedy feel honest thank film oh soundtrack rock gotten_NEG it_NEG sarcastic num num,negative,positive
occasionally served new foreign film great attraction life serve raw american film rarely dare touch forbidden subject society hang-ups morbid fear financial failure almighty dollar determines selection invite european director addition audience world wide remain hungry different film especially offer savory bite wretched suffering body humanity despite fear director producer audience yearn beauty poetry pristine flavor life film left father offer curious audience family locked belief unity family stem unity obedience tradition patriarch family forgets member flesh blood human filled raging unbridled dream dark passion set motion selton mello play son seek control inner passion stagnant philosophy father raul cortez play father simone spoladore ana young woman seek quench forbidden thirst family water leonardo medeiros pedro elder brother film offer doe take extremely inordinate time say,negative,positive
way page review section work way ahead wait probably noticed trend nitpick day long lame joke dated timing obviously derivative plot point shtick movie love later flick ted biggest problem original appealed num kid followed tends considered cutting edge fashion worked fine original obviously bombed num self-unrespecting_NEG slacker_NEG would_NEG be_NEG caught_NEG dead_NEG wearing_NEG anything_NEG but_NEG flannel_NEG or_NEG admitting_NEG he_NEG liked_NEG anything_NEG about_NEG the_NEG num_NEG 's_NEG ted dude totally deep hole wan na play num question say nostalgia go num year cycle certainly case num use grew cindi lauper megadeth beginning look appreciate pivotal film like )_NEG made_NEG u_NEG who_NEG we_NEG are_NEG look outdated fa g ripoff missing point probably spent year growing facial hair wearing flannel looking like just crawled bed self-referencing origin star trek episode time traveling phone booth b t make attempt_NEG to_NEG hide_NEG it_NEG creator_NEG '_NEG love_NEG for_NEG homage_NEG quentin tarantino saying_NEG 'bogus_NEG '_NEG is_NEG 'true_NEG love_NEG think need appreciated fun snap-shot society time child psychology ritalin anti-smoking ad terrorist paranoia proliferation medium fear-mongering b t hater turn screaming tree cd hair face beach lighten narcissistic depression intellectual ennui corporate,positive,negative
peter coyote recognised cast list too_NEG keen_NEG on_NEG watching_NEG this_NEG film_NEG comment imdb positive watched late night recommend movie good late night viewing better lot genre plot excellent acting brilliant_NEG bad_NEG usually_NEG like_NEG flashback_NEG but_NEG in_NEG this_NEG film_NEG they_NEG work_NEG stated did recognise_NEG any_NEG of_NEG the_NEG cast_NEG by_NEG name_NEG recognised michele lee gave decent hard working performance woman wanting stand man lying knot landing wearing really note enjoy miss second credit did helped end credit mean wayne kennedy character really weird take num num,positive,negative
did change cute rugrats television know love lame attempt target teen have_NEG to_NEG do_NEG that_NEG age watch regular rugrats heard thought hey tv series movie really grown teenager going better saw just watching told ginger suck great job rugrats series tommy director basically episode attempted series tommy love directing like_NEG that_NEG watch plot change episode the_NEG same_NEG thing_NEG over_NEG and_NEG over_NEG did old series character side story series did did like_NEG that_NEG everyone_NEG separated_NEG want_NEG to_NEG see_NEG angelica_NEG 's_NEG side_NEG of_NEG the_NEG story_NEG hate recommend_NEG this_NEG show_NEG if_NEG you_NEG like_NEG a_NEG told_NEG by_NEG ginger_NEG and_NEG the_NEG rugrats_NEG,negative,positive
iberia nice tv silver screen lot dance music like classical music modern dance date movie half hour just long time like skillful dancing silver screen better bollywood movie know combine breath taking dancing long movie director carlos saura know shoot dancing old experience time time look really good movie hour time interesting kind art everything_NEG is_NEG bigger_NEG then_NEG life_NEG and_NEG this_NEG film_NEG is_NEG too_NEG big_NEG,negative,positive
hard believe directed fritz lang directed crime drama mystery movie cast includes robert young randolph scott dean jagger john carradine scott play outlaw try straight leave old gang wind saving jagger life jagger work western union telegraph company plan telegraph west jagger hire lot men make sure worry indian attack bandit scott charge men young telegraph expert ca shoot_NEG a_NEG gun_NEG but_NEG can_NEG ride_NEG scott meet old gang want stop scott ca tell_NEG anyone_NEG pretty good western lang directed western,positive,negative
seen_NEG a_NEG van_NEG damme_NEG flick_NEG for_NEG a_NEG while_NEG pleasantly surprised looking older tougher kind like sly rugged age good flick prompted look van damme movie missed year like good director van damme big screen good plot van damme move amaze audience movie viewed van damme legionnaire good flick addition looked van damme early fighting history amazement realized real deal accomplished martial artist younger year,positive,negative
talking low budget film understandable weakness spoiler_NEG sudden explosive expert meaningless alcoholic general story keep interested character likable original situation really like film surprise people who_NEG they_NEG want_NEG you_NEG to_NEG believe_NEG and_NEG then_NEG twist_NEG and_NEG turn_NEG the_NEG plot_NEG ..._NEG i_NEG applaud_NEG this_NEG one_NEG on_NEG that_NEG know mean try nueve reinas queen film argentina,positive,negative
start little slow chance spirit wackiest ship arm pink sub movie so_NEG orthodox_NEG group_NEG engaged_NEG in_NEG so_NEG orthodox_NEG method_NEG to_NEG outwit_NEG everyone_NEG rob schneider priceless lt take way seriously result failed mutiny attempt pirate crew make walk plank contrast kelsey grammar similar cary grant doe take_NEG anything_NEG to_NEG serious_NEG except_NEG the_NEG job_NEG movie line plot beered fisherman charleston harbor whale decoy antic took surprise laughed loud,positive,negative
chose movie looking triangle friendship girl boy lived situation lost hope similar story inspire major concern - b triangle form - c d triangle degenerate movie offer plain answer better b open triangle share thing closed one know the_NEG three_NEG are_NEG together_NEG or_NEG speak_NEG about_NEG the_NEG missing_NEG one_NEG c movie doe offer_NEG spoken_NEG explanation_NEG but_NEG rather_NEG prefer_NEG visual_NEG &_NEG emotional_NEG assumption_NEG end come sensuality sexuality coming triangle accurately member deep feeling tied intimacy divided agree d movie story silence proof well_NEG .._NEG and_NEG in_NEG a_NEG ironic_NEG and_NEG painful_NEG way_NEG tool sad time phone lived dreadful planned phone-call wait time come phone silent variation shown line connected refuse speak scene hard movie great help way got lot flaw - zapped boy family problem - shower scene dvd cover cut movie - mickael get finally hotel - seeing say ''_NEG but_NEG ha_NEG her_NEG address_NEG girl bar girlfriend know address - finally happens vanessa ring final shoot proof engagement,negative,positive
main reason film warren william form shyster campaign manager electric constantly finding way fool public defeat opposing party midst biggest disaster william great actor -- feel got_NEG his_NEG due_NEG bette davis girlfriend shine under-written role personally guy kibbee quite_NEG right_NEG a_NEG the_NEG lame-brained_NEG candidate_NEG that_NEG william_NEG and_NEG the_NEG others_NEG are_NEG trying_NEG to_NEG foist_NEG on_NEG the_NEG public_NEG like canvas person preferred real character emerge non-character story implausible silly warren william bette davis worth watching,positive,negative
realm science fiction particular theme consistently elicit initially explored literature pre-cinematic era periodically revisited filmmaker writer alike varying degree success theme time travel held unwavering fascination fan film written word recently screen version well classic time machine second theme manages hold audience thrall invisibility spark imagination seemingly endless myriad possibility theme basis film adapted well classic invisible man realization hollow man directed paul verhoeven starring kevin bacon elisabeth shue sebastian caine bacon colleague time conducting experiment government exploring possibility practicality invisibility achieved number primate tested method fact progressed point effecting invisibility assured problem bringing subject original visual state problem caine diligent effort hour lab solved -- think application theory live subject successful decides present result board director effort maintain funding necessary continuation project minute caine demur fearing control project wrested proceed level -- testing human subject take subject securing assistance research team telling given approval board go wrong caine trapped cloak invisibility team struggle solution considerable dilemma late begin toll caine mind suddenly fear losing funding control inconsequential find facing imminent danger losing real chance lose -- including verhoeven crafted initially exciting thought provoking film establishes good pace us disposal great effect doe tend allow striking visuals overwhelm character development familiar invisible man actually logically follow progression story know early caine destined_NEG for_NEG happier_NEG time_NEG verhoeven style storytelling definitely going capture attention engage audience bent rushing climax way abandon nuance film far successful opting enter final sequence mindless blood-and-gore fest betrays audience worked earlier film seeking intelligent resolution caine suffering using inventiveness imagination film inevitable conclusion verhoeven take low road succeed purely visceral level meaning derive story dissolve like ash wind memorable film shame verhoeven higher level offered genre allows sink unnecessarily lower kevin bacon doe good job creating character believable surface seemingly serf verhoeven purpose perfectly little depth bacon portrayal director agenda acting ability verhoeven simply doe allow_NEG bacon_NEG the_NEG time_NEG to_NEG develop_NEG caine_NEG to_NEG any_NEG extent_NEG character mainly vessel verhoeven build story end work film better served verhoeven bacon collaborated closely developing bond caine audience prompted emotional involvement viewer drawn bit leaving gate mere observer laden extravaganza elisabeth shue comports role linda mckay caine willing accomplice ill-fated experiment basically thankless offer little challenge especially actor shue caliber said kim dickens magnificent num film thing sun character sarah kennedy doe little support action actor capable deserve better given work supporting cast includes josh brolin matthew greg grunberg carter joey slotnick frank mary randle janice william devane kramer entertaining point successful certain low level hollow man film leaf contemplating like annual firework display momentary thrill awhile begin blend seen special set apart bad given talent ability involved rate num num,negative,positive
saw thought self show perfect fake high school world stupid problem considered huge sadie complete misfit friend family shes completely obsessed nature that_NEG thats_NEG a_NEG bad_NEG thing_NEG but_NEG she_NEG compare_NEG high_NEG school_NEG student_NEG to_NEG animal_NEG like lizzie miguire clone yeah world definitely need shes perfect like tv girl make sick stupid make sense_NEG just_NEG skip_NEG it_NEG unless_NEG you_NEG liked_NEG lizzie_NEG mcguire_NEG or_NEG any_NEG other_NEG show_NEG like_NEG that_NEG,negative,positive
ivan terrible filmed stage play big-screen-opus citizen kane - similar work way - quite opposite way come expect fare lot location shooting example acting meant convey character motivation thinking audience succeeds making understand character doe matter considering low action express event influence story consequently character machination decision exaggerated movement historical level acting style surprise_NEG rise totalitarian regime germany ussr forced film-makers stayed make film way knew prevented access modern work showed cinema evolution technique used knew nazi control government germany destroyed great german film industry num total control film industry propaganda film entertain german troop need popular german silent film num example lot ivan terrible film technique derived captured german film supplied film crew mentioned comment confusion_NEG anywhere_NEG and_NEG though_NEG personally_NEG it_NEG wa_NEG found_NEG over-hyped_NEG mean_NEG a_NEG bad_NEG cinematic_NEG experience_NEG -_NEG and_NEG definitely_NEG amongst_NEG the_NEG worse_NEG film_NEG ever_NEG acting fine cinematography excellent today standard definitely a_NEG popcorn_NEG flick_NEG ca leave_NEG their_NEG brain_NEG outside_NEG this_NEG one_NEG 's_NEG door_NEG dated symbolic - worth watching big screen unable view film light home cinematic element lost film chiefly b w experience depends expectation walk warning - spoiler read_NEG the_NEG following_NEG comment_NEG case influence personal view film s doe mind_NEG the_NEG obvious_NEG communist_NEG propaganda_NEG (_NEG a_NEG opposed_NEG to_NEG capitalist_NEG propaganda_NEG )_NEG ivan stalin saw - obvious influence film direction comment - world historical awareness outside perspective definitely understand maybe ivan earlier incarnation stalin maybe diatribe stalin motivation decision loneliness promotion lackey - using persona ivan - true historical record ivan note obvious use particular colour sequel red ussr banquet scene blue usa certain shot usurper wear crown excellent visuals profound use shadow exterior shot populace coming beg ivan return moscow,negative,positive
episode begin scene dead woman bather washed shore forlorn jim strolling beach lost reverie night ride home end murder mystery yep atmospheric little number super twist end jim doe unravel priori inexplicable case woman going missing num second enters home sure eventual explanation little far-fetched example length substituting woman midway car journey simply rubbing companion easy left trail niggles aside memorable trf episode invention jim get frame suspicious police dept mean say ungrateful so-and-so sat counted just file solved dear ol jimbo,positive,negative
saw film num sep num cambridge film festival beagle couple short flashback thing darwin life num num ensconced kent growing family num page origin drafted wondering complete book script based randal keynes book annie box annie charles daughter died num family drama doe include sex scene - participant married screen too_NEG exciting_NEG much_NEG science_NEG but_NEG a_NEG well-made_NEG film_NEG that_NEG 's_NEG pleasant_NEG to_NEG watch_NEG and_NEG push_NEG the_NEG right_NEG emotional_NEG button_NEG bit romantic weepie actually suppose conclusion agnostic free-thinking scientist atheist family background emotional romantic excellent father character darwin state wonder killed god viewer able doubt doubt given deadly struggle survival web predation meadow-bank well-known darwin completely uncontroversial failure darwin prayer idea kind providential god love creature untenable really see_NEG many_NEG american_NEG objecting_NEG to_NEG it_NEG very_NEG much_NEG problem title probably controversial thing film fact bettany doe have_NEG horn_NEG tail pitchfork,positive,negative
completely drawn story wonder have_NEG been_NEG so_NEG sympathetic_NEG to_NEG the_NEG hurt_NEG character_NEG 's_NEG plight_NEG for_NEG respect_NEG boil really think glam reporter barbara walter devil maybe filmmaker telling unknowing supporter fluff news story,positive,negative
wrestlemania just did do_NEG it_NEG for_NEG me_NEG thing battle royal involvement celebrity throwback good old day speak highbrow house average worth match tag team title match worthy note title change meant reversed night,positive,negative
think movie fun make fun watch actor look like fun time girlfriend like boy actor boyfriend like girl actor very_NEG much_NEG do_NEG we_NEG get_NEG to_NEG have_NEG crazy_NEG fun_NEG with_NEG a_NEG movie_NEG that_NEG is_NEG horror_NEG make_NEG lot scary movie watch laugh actor make scary movie watch grander mad man thats chase kill actor good bad man make laugh movie high score ask know_NEG if_NEG the_NEG market_NEG ha_NEG any_NEG more_NEG of_NEG the_NEG movie_NEG with_NEG the_NEG actor_NEG main boy cute actor grand chest real_NEG doe look_NEG to_NEG real_NEG,positive,negative
like day ayn rand bigelow la major muy macho depiction film tough american hombre stuck iraq defusing roadside bomb set ruthless relentless child-killing arab terrorist bigelow posit iraq war backdrop grand stage human drama veteran bomb expert get blown show replace dusty hot ugly rubble iraq new hero born new guy john hershey described book later movie war lover sadistic wingnut actually fit_NEG for_NEG civilian_NEG life_NEG requires stimulation war sublimate suppress errant sexual desire war lover fully function war peacetime suffocates hershey chastised war lover played film steve mcqueen greatest role bigelow glorifies army need war lover bulwark defense enemy ca handle_NEG the_NEG truth_NEG war lover best soldier toughest men according unironic bigelow regular men pussy war lover special breed cowboy want bare-back men fondle iraqi boy throwback sex-and-death cult war war sex thankless loveless kind male bonding bigelow opinion_NEG on_NEG this_NEG just limit option masculinity ham-fisted attempt realism war-lover win moral struggle right wrong american innocence arab perfidy bigelow disguise racism arrogance ingenuous facade journalism just gung-ho yahoo depicting brutal war civilian moral triumph spirit political bigelow return western genre relentless ad nauseam wonderful world open frontier happens country shoot people say soldier tough human black guy companion soldier premonition death gruff possibly crazy commanding officer college-educated fool try befriend enemy bigelow resurrects man-boy love palpable scene cute arab boy befriends war lover bigelow play straight doe consummate_NEG the_NEG sex_NEG just sanitizes bigelow really want ugly sneering face arab enemy iraqi pure_NEG evil_NEG is_NEG either_NEG demented_NEG hostile good_NEG deserve die impudence glib gore-fest film iraqi woman hysterical make presence known screaming male stunt men drag know see_NEG their_NEG face_NEG female_NEG presence_NEG at_NEG all_NEG on_NEG base_NEG or_NEG in_NEG battle_NEG female casualty rate iraq certainly disprove bigelow go motion glorifies war canonizes sadist nut-case hero cowboy surrounded subhuman indian prove mettle doing god work subduing wretched terrorist-infested hellhole sheer bravado suicidal mania end felt like rooting indian bigelow world mercy_NEG or_NEG understanding_NEG ever_NEG make_NEG it_NEG through_NEG iraqi dehumanized par excellence slaughter civilian just dramatic backdrop hero psycho sexual struggle bullet find mark love guy war lover just way true hero just guy trying thing hard way lust boy tang,negative,positive
movie show racist john singleton portrays white race black_NEG a_NEG the_NEG evil_NEG that_NEG exists_NEG in_NEG our_NEG educational_NEG system_NEG quick forgets educational failed ice cube character epitome instigating black man responsible violence film singleton barely touched relationship white black character trying reach omar epps say need people racist remark spoke volume john think_NEG for_NEG a_NEG minute_NEG that_NEG the_NEG picture_NEG of_NEG thomas_NEG jefferson_NEG in_NEG the_NEG tower_NEG stairwell_NEG did_NEG get_NEG my_NEG attention_NEG nice touch,negative,positive
think cheesiest guilty pleasure-type movie thing think num s slasher flick really bad slasher flick formulaic type film script needed num part blood part nudity flash forward late num num slasher flick revitalized success num scream like num s film formulaic masking lack inspiration labelling hip tongue-in-cheek parody original slasher flick recent blend hip parody neo-slasher flick worth seeing low-budget direct-to-video cut like new slasher flick cut relies production slasher flick case fictional num film hot blooded make commentary genre hot blooded finished_NEG production_NEG killing wearing mask film killer scarman bald figure mouth stitched close dark pupil-less eye num year later group film student professor involved production decided vault tap original surviving actress finish film time film screened scene shot scarman return dy quote tagline finish film finish sound really bad degree really thing good slasher flick character_NEG development_NEG (_NEG the_NEG ``_NEG new_NEG ''_NEG director_NEG is_NEG revealed_NEG to_NEG be_NEG the_NEG daughter_NEG of_NEG ``_NEG hot_NEG blooded_NEG ''_NEG 's_NEG original_NEG director_NEG life apparently ruined production cancelled perfect worked plot mentioned_NEG again_NEG )_NEG and_NEG like slasher flick just body care actor great_NEG direct-to-video standard having fun character inadvertent character acting character film wanted work hot blooded particularly lucky play scarman cut climax big_NEG ``_NEG who_NEG dunnit_NEG ''_NEG unmasking_NEG of_NEG the_NEG killer_NEG like_NEG in_NEG the_NEG ``_NEG scream_NEG ''_NEG film_NEG doe have_NEG the_NEG gimmick_NEG killing_NEG of_NEG the_NEG ``_NEG urban_NEG legend_NEG ''_NEG film_NEG doe original interesting concept diluted way write sequel sell ending par course sensible viewing standard horrible movie avoided quality make true root slasher genre make enjoyable neo-slasher flick,positive,negative
watched film expecting_NEG much_NEG and_NEG knowing_NEG anything_NEG much_NEG about_NEG it_NEG loved good tight plot intriguing hook form ugly fat deaf girl ex-con pace kept thing flowing hurried better film director battre mon coeur boring unbelievable thing did quite_NEG work_NEG wa_NEG that_NEG the_NEG supposedly_NEG ugly_NEG fat girl ugly fat_NEG solid certainly far conventionally beautiful character face took screen superb wish film better one generally seen bit gilles wife bit moustache looked like rubbish seen battre mon coeur certainly rubbish coming finger crossed,positive,negative
unbelievable fourth better second awful incredible unexpected sequel new idea chuck nasty doll previous movie interesting final let know fifth,positive,negative
accept fact karate kid ralph macchio happily retired series hillary swank great role plot movie just dreadful miyagi old buddy world war num dy leaving widow care rebellious grand-daughter parent die accident girl discipline_NEG yet_NEG is_NEG the_NEG hero_NEG because_NEG the_NEG local_NEG rotc_NEG ..._NEG which_NEG i_NEG 'll_NEG explain_NEG in_NEG a_NEG minute_NEG know drill miyagi take wing end beat bad guy life happily hokey cheesy num even_NEG the_NEG long_NEG and_NEG the_NEG short_NEG of_NEG it_NEG case huh military division high school thought stuff went num especially public school michael ironside kick booty role main heel military involved high school gripe prom scene militant bungee jump scare crap people thing noticed num movie end heel suddenly turn face nonsense main character billy num sato num kreese num movie different_NEG ned crony basically sabotage senior prom blow eric car threaten hillary swank movie ironside tell beat like um ''_NEG if_NEG you_NEG 're_NEG gon_NEG na_NEG do_NEG pathetic_NEG face_NEG turn_NEG make sure character done_NEG anything_NEG too_NEG over_NEG the_NEG top_NEG such_NEG a_NEG blowing_NEG up_NEG a_NEG hot_NEG rod_NEG rest love plot eric hillary swank corny melodramatic breath fresh air garbage ralph macchio pulled num movie say movie watching num movie accept spin ca accept_NEG the_NEG whole_NEG military_NEG thing_NEG way uncommon taken seriously ironside crew team coach believable ironside morita deliver good swank ok rest highlight blow hot rod cool num num,negative,positive
saw night demon num saw night demon unfortunately old blockbuster thought good idea sequel first_NEG one_NEG looney huh think horror fan need movie like mcdonald know bad cheesecake facotory pricier restaurant prefer ca help_NEG but_NEG just_NEG wanting_NEG the_NEG cheap_NEG stuff_NEG night demon innocent sexy go rule chicka-dee token black guy surprisingly doe get_NEG killed_NEG slutty girl slutty guy dark girl guy goof ball cheesy setting haunted house bad acting lot unnecessary nudity this_NEG stuff_NEG great_NEG mean know deep heart movie pretty bad good bad horror movie horror fan enjoy dig num num,positive,negative
chen kaige lost sense tempo envy european american watch film following dialog ear painful slow unnaturally heavy over-deliberate westerner hand suffer poor quality subtitle translation manages lose subtlety double meaning make careful study film fun,positive,negative
time brain better spent reading listening charlie wilson war phillip seymour hoffman play enjoyable character movie gust greek play eunuch gust book hard core completely free speak mind movie even_NEG shown_NEG a_NEG being_NEG equally_NEG important_NEG to_NEG charlie_NEG poor charlie shown_NEG donating_NEG blood_NEG (_NEG which_NEG he_NEG did_NEG every_NEG time_NEG he_NEG visited_NEG the_NEG camp_NEG in_NEG pakistan_NEG )_NEG short movie bland history old modern time really_NEG care_NEG about_NEG the_NEG end_NEG of_NEG the_NEG cold_NEG war_NEG and_NEG the_NEG defeat_NEG of_NEG the_NEG soviet_NEG union_NEG (_NEG which_NEG happened_NEG in_NEG spite_NEG of_NEG reagan_NEG a_NEG a_NEG result_NEG of_NEG )_NEG by_NEG a_NEG well_NEG financed_NEG group_NEG of_NEG people_NEG who_NEG were_NEG extremely_NEG willing_NEG to_NEG fight_NEG quite_NEG the_NEG lesson_NEG we_NEG need_NEG to_NEG be_NEG hearing_NEG and_NEG seeing_NEG considering_NEG how_NEG well_NEG the_NEG war_NEG in_NEG iraq_NEG and_NEG afghanistan_NEG are_NEG going_NEG read book kept getting deja vu feeling present day,negative,positive
like cheap perfume better doe last_NEG a_NEG long_NEG ..._NEG ''_NEG -_NEG ralph_NEG meeker_NEG 's_NEG convict_NEG character_NEG (_NEG lawson_NEG )_NEG tell_NEG this_NEG to_NEG barbara_NEG stanwyck_NEG 's_NEG helen_NEG character_NEG get whiff perfume picked husband tijuana line cracked like metaphor film - cheap better expensive cheap perfume-loving man way num x num better man long run agree comment posted helen attraction lawson narration state want lawson away did attracted fiery nature passion stirred likely_NEG wash_NEG away_NEG with_NEG the_NEG tide_NEG,positive,negative
arthur miller known america great playwright work death salesman crucible focus lesser known play brought silver screen knowing great playwright arthur miller doubt original play like movie movie come formulaic william macy non-jew mistaken jew anti-semitic neighbor wwii brooklyn get_NEG me_NEG wrong_NEG acting ok presume people movie probably trying make point racism movie just doe work_NEG macy laura dern david paymer just ca create_NEG an_NEG effective_NEG story_NEG with_NEG the_NEG material_NEG here_NEG,negative,positive
touching bollywood epic melodrama num year-old girl find adopted determined birth mother film major success performance keerthana play girl half film good really good song especially number introduces protagonist unfortunately film second half take place war-torn sri lanka feel like entirely different disappointing movie big explosion special effect sri lankan soldier rebel dodging grenade running fireball yanked stunt wire film offer insight cheap platitude like day come peace child way final sequence daughter mother reunited good over-the-top music well-timed downpour feel like cheat know know style bollywood story big moment simply detract simple powerful central story bollywood certainly use little restraint time,positive,negative
saw cable recently kinda enjoyed reading comment like second half half personally enjoyed story bad extended_NEG second story thought cliched california dreaming hear time chungking express alright something_NEG that_NEG mainstream_NEG audience_NEG will_NEG catch_NEG on_NEG to_NEG see_NEG like crouching tiger,negative,positive
movie marketed extremely released num middle master p fame success selling shelf wonder_NEG this_NEG underground_NEG urban_NEG drama_NEG sold_NEG over_NEG num_NEG num copy goin fan limit_NEG back_NEG then_NEG or_NEG even_NEG now_NEG check_NEG it_NEG out_NEG old school phatty video get_NEG me_NEG started_NEG with_NEG the_NEG freaky_NEG deaky_NEG stripper_NEG at_NEG the_NEG bonus_NEG ice_NEG cream_NEG party_NEG got say people like_NEG master_NEG p_NEG or_NEG limit_NEG record_NEG do_NEG watch_NEG it_NEG because_NEG it_NEG is_NEG for_NEG you_NEG and_NEG do_NEG bother_NEG voting_NEG on_NEG it_NEG because_NEG you_NEG 're_NEG only_NEG going_NEG to_NEG deter_NEG tru_NEG limit_NEG fan_NEG from_NEG renting_NEG or_NEG purchasing_NEG this_NEG video_NEG with_NEG your_NEG low_NEG vote_NEG,positive,negative
surprisingly good movie quite good joke movie negative thing scene extreme just stupid main character stupid blonde plot just barely dodge called corny booby plus altho movie strange reason doe play_NEG with_NEG that_NEG card_NEG very_NEG much_NEG even_NEG tho_NEG the_NEG plot_NEG line_NEG introduces_NEG two_NEG black_NEG haired_NEG woman_NEG who_NEG act_NEG a_NEG the_NEG evil_NEG counter_NEG part_NEG of_NEG our_NEG two_NEG blonde_NEG good movie watch gave num num let get_NEG crazy_NEG,positive,negative
indictment intended taken consideration year num rift feeling caucasian afro-americans georgia shown film obviously remains somewhat backward mentality lot people hypocritical say adores halle berry whoopie goldberg noemi campbell denzel washington smith et whilst back persist manifest racial divide white grandmother suddenly get black grand-daughter thrust meet black grandfather white social backwater story sweet lacking_NEG tragic_NEG overtone_NEG eminently predictable kind tv film final scene guessing wo he_NEG ......._NEG gena rowlands typical style offer rendering louis gossett good match little penny bae fortunately doe steal_NEG the_NEG show_NEG nice way relaxing sunday lunch having force mind just having little siesta middle,negative,positive
sorry disagree dkc series quite engaging invested snes copy game mind year initial release dkc num graphic ground-breaking time vector graphic game home system music character memorable game brought girlfriend dozen hour entertainment true second game better lacking second installment offered different play enjoy day way old remember video_NEG game_NEG whatsoever_NEG (_NEG and_NEG tv_NEG were_NEG black_NEG and_NEG white_NEG,negative,positive
entertaining history fbi viewed fiction exactly edgar hoover personally approved cameo role production james stewart excellent usual supporting cast talentless vera mile good murray hamilton especially good supporting role stewart partner best friend fbi accomplishment film highlight undoubtedly true significant leaf shameful part film depiction killing john dillinger portrayed pretty happened mention_NEG at_NEG all_NEG is_NEG made_NEG of_NEG melvin_NEG purvis_NEG chicago bureau chief headed operation instead operation depicted fictional chip hardesty running said hoover jealous publicity purvis received dillinger killed purvis subsequently transferred remote outpost shortly afterward left fbi doubt_NEG why_NEG purvis_NEG wa_NEG mentioned_NEG in_NEG the_NEG film_NEG viewer paused think purvis treated way agent conducted operation depicted film completely ignored replaced fictional hardesty film probably accurate portrayal fbi activity end wwii point film believe threat facing came international communism doubt_NEG what_NEG hoover_NEG believed_NEG mind_NEG the_NEG mafia_NEG mind_NEG the_NEG lynching_NEG that_NEG were_NEG still_NEG going_NEG on_NEG in_NEG the_NEG south_NEG mind_NEG that_NEG black_NEG were_NEG being_NEG intimidated_NEG to_NEG keep_NEG them_NEG from_NEG voting_NEG in_NEG much_NEG of_NEG the_NEG south_NEG know_NEG if_NEG the_NEG fbi_NEG had_NEG started_NEG wiretapping_NEG martin_NEG luther_NEG king_NEG by_NEG the_NEG time_NEG this_NEG film_NEG wa_NEG made_NEG very_NEG long_NEG afterward_NEG that_NEG it_NEG started_NEG said outset pretty good entertainment viewed sanitized fictionalization,positive,negative
star rating saturday night friday night friday morning sunday night monday morning old detroit giant omni consumer corporation continuing swallow path construction new delta city continues new menace contend shape cain cruel drug lord delusion christ-likeness peddling deadly new addictive street called nuke continues struggle memory life haunting tin plated hero set bring villain down- wind getting chopped piece scrap metal robocop action ruthless ocp business-woman proposes plan new android- stomping snarling beast machine need equally nasty test subject power it- cain fit perfectly brief glitch robo return bring justice street settle score cain original robocop film manages astound time watch matter_NEG how_NEG many_NEG time_NEG you_NEG 've_NEG seen_NEG it_NEG film just ca be_NEG done_NEG again_NEG said surprising_NEG a_NEG sequel_NEG wa_NEG made-_NEG it_NEG 's_NEG even_NEG less_NEG surprising_NEG that_NEG that_NEG sequel_NEG really_NEG pale_NEG compared_NEG to_NEG the_NEG original_NEG empire strike director irvin kirschner crafted unpleasant slightly incoherent overlong film ca capture_NEG the_NEG magic_NEG of_NEG the_NEG first_NEG film_NEG matter_NEG how_NEG hard_NEG it_NEG try_NEG certainly doe funny ad film running stop corporate satire aiming bit sharper action roaring fast furious meaner film film earned nasty blood-soaked violence including man genitals blown man blasted piece memorable display sadistic gratuitous nature unpleasant mean-spirited tone overall film leaf feeling general apathy- watching watching original instead,negative,positive
okay admit did have_NEG kid_NEG would_NEG have_NEG seen_NEG this_NEG film_NEG and_NEG would_NEG see_NEG it_NEG considering rotten kid movie seen spy kid num babe pig city significant improvement totally_NEG bored_NEG out_NEG of_NEG my_NEG skull_NEG or_NEG contemplated_NEG suicide_NEG (_NEG something_NEG i_NEG did_NEG repeatedly_NEG in_NEG the_NEG other_NEG two_NEG movie_NEG )_NEG sure performance pretty broad plot kinda silly -- kid film compared film genre definitely better average frankie muniz amanda bine actually appear talent probably continue career puberty -- infomercial doing voice-overs looking film kid certainly lot worse,positive,negative
twisted desire num tv movie starring melissa joan hart melissa character jennifer stanton seventeen-year-old seduces current boyfriend nick ryan murdering parent movie based num murder parent num year old jessica wiseman jessica num year old boyfriend douglas christopher thomas shoot kill parent thomas executed num jessica released prison turned num year old evidence suggests jessica fired fatal shot killed mother jessica known residing state virginia,positive,negative
spooky horror movie poverty-row film company prc usually really cheesy film like devil bat flying serpent german expatriate director wisbar doe wonder small budget studio-bound swamp set gaunt ghoulish charles middleton effective strangler,positive,negative
story good-for-nothing poet sidekick singer put word music director danny boyle lost predilection raking gutter humanity character lost film edge creating inspiring funny film strumpet painful watch barely justified fact tv,negative,positive
mark pirro deathrow gameshow num black comedy extremely cheesy part occasionally funny movie certainly lot better acting terrible extremely cheesy scene make hard watch time concept funny hilarious moment near future year num game show changed chuck todean john mc cafferty host game called live die convicted death row inmate chance play life money candidate fail executed air using different method guillotine electric chair bizarre device execution followed applause cheering studio audience course controversial chuck lot enemy deathrow gameshow incredibly cheesy crappy aspect acting terrible doubt fun part especially fan dark humor missed_NEG anything_NEG if_NEG you_NEG have_NEG seen_NEG it_NEG definitely funny good time waster num num,negative,positive
roommate nearly shorted tv numerous spit-takes did watching hilarious piece num s self important pseudo-zen dreck read campfest age scanned local late night tv listing year search elusive turd year ago local abc affiliate known showing cool flick late night weekend flick frog night lepus day happened num num saturday night num year ago num folk flick did disappoint_NEG andy griffith silliest unthreatening bad guy jaye davidson stargate william shatner sport variety thing atop head faintly resemble human hair organic matter hear jaw droppingly inane num s psychobabble make chicken soup soul sound like bf skinner feel content decade better num reading plot surround bunch middle class mid level -- hole decide suck s -- -head bos griffith joining cross dessert race span california mexico wear leather jacket looking christopher street way stop cantina drunk smoke joint sight robert mike brady reed smoke joint image wo soon_NEG forget_NEG )_NEG start fight attempt rape just act like bunch suburban middle class jack offs excellent copy taped tv wish released video world enjoy half baked goofiness,negative,positive
best film take place sickest useful film poor country really u people know_NEG what_NEG the_NEG word_NEG cinema_NEG mean_NEG and_NEG u_NEG cast_NEG vote_NEG for_NEG movie_NEG really curious know movie u seen score faield experiment reflects lot u way understanding thing recognize movie u romanian people movie day status change_NEG &_NEG that_NEG movie_NEG is_NEG ``_NEG padurea_NEG spanzuratilor_NEG ''_NEG lose_NEG my_NEG time_NEG thinking_NEG how_NEG many_NEG of_NEG you_NEG have_NEG seen_NEG it_NEG movie respect required movie script frame picture past num year recommend voter search better movie vote kudos u later,negative,positive
came pretty state art musical film entertainment day entertaining great james cagney lead role musical prologue producer succession deadline sheltered storm trusty girl friday played joan blondell musical number end busby berkeley pretty knock-out far type thing go pretty strange movie mean number got billy barty running pretending lovable toddler doing kind weird stuff ruby keeler sickening smile plastered face time required_NEG to_NEG act_NEG like_NEG in_NEG some_NEG of_NEG her_NEG later_NEG unfortunate_NEG film_NEG guess_NEG that_NEG dick_NEG powell_NEG wa_NEG any_NEG kind_NEG of_NEG tough_NEG guy_NEG from_NEG seeing_NEG him_NEG in_NEG this_NEG movie_NEG apparently tough guy energy allocated star cagney cagney high speed rant musical show forth endearing annoying time get bit expect walk say hey got great idea prologue woman cigarette come pack smoke oh did month funny get bit repetitive moment tough bad girl ruth donnelly established cagney gangster character come fact frequent b gangster director william keighley credited dialogue coaching time cagney blondell invoking street character criminal_NEG musical number say stand entertainment way berkeley us human body geometry really startling really mean mean honeymoon hotel really pretense integration fall apart immediately character doing thing possibly_NEG be_NEG appreciated_NEG by_NEG a_NEG theater_NEG audience_NEG like_NEG the_NEG movie_NEG portrays_NEG example point fine print newspaper thing like thing exist film idea prologue actually live show ridiculous suppose audience time somewhat critical thing like year later polished production great cagney superb dancing skill actually share stage dancer like keeler cagney blondell excellent chemistry scene really music say mediocre pleasing repetitive bacon direction general suitable interesting_NEG film entertainment value unquestionable picked nostalgic value way cut let film num s,positive,negative
actually lie shrek num -d actually num d animated movie bought dvd num year ago did bug_NEG 's_NEG life_NEG also_NEG do_NEG that_NEG think disneyworld tree saying use logo shrek num d motion simulator universal studio consider movie appeared theater buy dvd movie cute little flyes liked iq agree animaster did god job making movie just out-and-back adventure recommend family kid,negative,positive
funny movie a_NEG lot_NEG of_NEG those_NEG ok plot bit disturbing original teen trying dad been_NEG around_NEG and_NEG almost_NEG sending_NEG him_NEG to_NEG jail_NEG because_NEG she_NEG lie_NEG to_NEG impress_NEG an_NEG older_NEG boy_NEG be_NEG funny_NEG plus the_NEG typical_NEG movie_NEG featuring_NEG teen_NEG remake seen better original problem gerard depardieu actor perfect num play roll way suck problem woman melting remotely_NEG believable_NEG attractive_NEG y rubber troll better looking come,positive,negative
canada say_NEG whether_NEG this_NEG film_NEG is_NEG original_NEG in_NEG the_NEG context_NEG of_NEG danish_NEG cinema_NEG -_NEG unfortunately_NEG get_NEG to_NEG see_NEG many_NEG danish_NEG film_NEG in_NEG a_NEG year_NEG comment_NEG on_NEG clausen_NEG 's_NEG acting_NEG in_NEG the_NEG context_NEG of_NEG his_NEG other_NEG role_NEG -_NEG i_NEG personally_NEG found_NEG him_NEG quite_NEG believable_NEG -_NEG a_NEG touching_NEG monstrosity_NEG of_NEG a_NEG man_NEG jorgen actor played kenneth - participation tv rule actor - we_NEG over_NEG such_NEG elitist_NEG attitude_NEG international viewer unaware big brother participation fair actor spite movie fault writing subtler instance subscribe film - art essential role everyday life art healing force art nietzsche said sanctifies lie heiligt die luege - holy lie wedding scene fabulous sense - theatrical religious_NEG wedding celebrating love life play,positive,negative
dilettantish try way history position gun germ steel tried marxist economical position reason western success ca be_NEG just_NEG dumb_NEG luck_NEG advantage domesticated plant animal world advantage bonus complete useless wisely_NEG managed_NEG japan huge_NEG natural_NEG resource_NEG japan world economy situation singapore nigeria country rich oil resource middle-low success nation access western technology invention gap end movie daimond declared important understand factor gun germ steel understand maybe main factor world difference geography_NEG people ability understand use thing mental ability understand case geography subordinated,negative,positive
diana guzman angry young woman surviving unrelenting series disappointment trauma take anger closest target see violence transformed focused discipline rundown boxing club know home film progress diana learns usual coming-of-age lesson alongside skill needed successful boxing michelle rodriguez good role particularly conveying focused rage young woman hemmed side fighting just_NEG personal_NEG circumstance_NEG but_NEG entrenched_NEG sexism_NEG picture use finesse direction young actor pale comparison older experienced cast pause script detracts dramatic tension overall quietness film drain intensity good picture power fully realized young woman femininity complex include power limitation prevent placed category,negative,positive
let review movie movie creep even_NEG believe_NEG in_NEG alien_NEG movie flaw act movie act perfect set movie really build creep factor say score great set set perfectly act begin jillian playing sherry burton go shrink hypnotize recall abduction act ruin film alien screaming mad george did effect alien say did good job depiction gray alien offense_NEG gray looked like inflatable door prize note liked treated hypnosis act paid attention notice husband wife different memory husband version event blue light zap wife say somebody like make sense husband concerned wife hurt issue version event say help doe say_NEG ``_NEG somebody_NEG 's_NEG here_NEG make sense alien wanting husband help save issue film act turn film gore fest begin strange ultrasound procedure typical gore fest doe surprise ending wo ruin_NEG it_NEG because_NEG it_NEG 's_NEG actually_NEG an_NEG interesting_NEG development_NEG dvd commentary take seriously think wilford brimley saying horsesh funny want check cast interview section praise jillian mcwhirter hope jillian read seen_NEG her_NEG before_NEG wow performance let tell rest supposed film detail sound campy fun like humanoid deep num really got okay jillian hot naturally good-looking naked lot film good thing unfortunately usually assaulted terrorized raped bad thing act lot film naked get point overcoming act happy sad horny afraid physically hurt span moment turnaround emotion astounding cheer joy learns pregnant scream terror alien gut act angry husband suggests baby his_NEG act like denial saying wrong baby husband say denial note really forced alien controlling talking oscar-caliber performance rape scene disturbing just rubber alien too_NEG bad_NEG scene alien a_NEG ``_NEG gray_NEG ''_NEG alien_NEG alien tentacle kind like table jillian table-like restrained tentacle head alien head alien head long flip head jillian leg alien hey-nanu-nanu come forehead forehead sound pretty campy right jillian play straight pull act like alien hey-nanu-nanu coming forehead raping pull intense scene what_NEG make_NEG it_NEG scene flashback make scene jillian performance recalling event just lying hospital bed hypnosis recalling alien abduction acting intense actual rape scene actor pull performance scene describes rape intense scene rape many_NEG jillian doe jillian read want know withheld alias megamanx- num believe best actress best actress hope read progeny num okay good film recommend,positive,negative
atoll k aka utopia hollywood saddest swan song filmed france land love lewis jerry num released following year five-year layoff boy truly terrible shape physically in_NEG nearly_NEG a_NEG bad_NEG a_NEG shape_NEG a_NEG the_NEG script_NEG movie un-funniest comedy filmed painful legendary team funniest duo history motion picture twosome devil brother num music box num pack trouble num babe toyland num bonnie scotland num flying deuce num gut-wrenching laugh-til-you-choke classic comedy film fighter ballplayer time stay game season fight case morbidly fascinating laurel hardy late stage legendary career stuck,negative,positive
saw movie came patty did want_NEG to_NEG be_NEG separated_NEG from_NEG her_NEG sibling_NEG juvenile justice care_NEG patty looked case file judge sent juvenile detention facility claimed violated rule privacy looking private file just wanted family blame_NEG her_NEG parent even_NEG fit_NEG parent_NEG smaller child restroom father stopped let drove left child stranded service station patty authority protect oldest placed foster home good social worker got family head social worker kept telling butt interfere_NEG power crazy patty placed juvenile facility did they_NEG go_NEG after_NEG the_NEG father_NEG released prison abandonment child caught middle feel insecure,positive,negative
saw movie time kiddie north park theater san diego num released num feature shown day seen_NEG it_NEG since_NEG but_NEG have_NEG wanted_NEG to_NEG because_NEG i_NEG am_NEG a_NEG film_NEG buff_NEG and_NEG appreciate_NEG the_NEG terrible_NEG along_NEG with_NEG the_NEG great_NEG good average film remember vividly sophisticated audience member consisting child num num howled laughter tree monster triple theater showing num adventure film num year old doe forget_NEG ca remember_NEG the_NEG name_NEG of_NEG the_NEG other_NEG num_NEG film_NEG did star george montgomery david farrar update num film triple better watusi num george montgomery david farrar starring angry red planet num gerald mohr naura hayden staring hayden written couple book health fitness,negative,positive
memorable line short lived viewing episode line introduced fraternity intramural flag football team started using line break huddle offense instead ready break quarter said football rest squad responded bet fun way break huddle opponent scratching head watched using line added unique element season forget_NEG best season time college year small way fun using line pretty stinker life memory num pi kappa phi intramural flag football squad west virginia tech,negative,positive
term geographically_NEG and_NEG semantically_NEG meaningless_NEG refer ned kelly australian western people ned kelly apparently folk hero bandit akin robin hood jesse james bonnie clyde butch cassidy sundance kid descendant irish immigrant kelly fugitive outlaw falsely accused shooting australian law officer crime equally innocent mother prison government mistreatment kelly brother dan companion notorious bank robber winning heart people countryside striking blow justice land irish immigrant treated disrespect disdain ran country encountered gentleman bandit scenario time past ned kelly feel awfully familiar unoriginal pay homage number genre stereotype way inevitable showdown ned typical heart-of-gold lawbreaker kill forced deepest regret pulse common folk middle bank robbery return valuable watch customer gang inconsiderately pilfered movie particular subject featured_NEG a_NEG scene_NEG like_NEG that_NEG act selective generosity like course earn love respect little people come secretly admire away sticking powers-that-be status quo geoffrey rush play typical bedeviled law enforcer feel personal stake bringing upstart troublemaker keep getting away tweaking establishment inevitable episode lady held go room sex robber turned romantic derring-do criminal lifestyle film riddled hackneyed scene like heath ledger fails distinguish title role providing little way substance make character interesting engaging doe help_NEG that_NEG he_NEG ha_NEG been_NEG forced_NEG to_NEG provide_NEG a_NEG droning_NEG voice-over_NEG narration_NEG that_NEG underline_NEG the_NEG sanctimoniousness_NEG and_NEG pretentiousness_NEG of_NEG both_NEG the_NEG character_NEG and_NEG the_NEG film_NEG ned kelly serve function sort lesson australian history entertainment just old story told different accent,negative,positive
music especially hear slow time bach death composer working way making music progress slower slower pace century later wagner mahler wrote piece slow possible music -of course cheat writing num num march specifying tempo say semiquaver num tempo be_NEG the_NEG correct_NEG tempo_NEG wagner mahler wrote music properly played snail pace given slowness sense_NEG sound_NEG too_NEG slow_NEG ``_NEG snail_NEG 's_NEG pace_NEG ''_NEG is_NEG the_NEG wrong_NEG expression_NEG critic wrote famous wagner conductor doe beat_NEG time_NEG beat eternity know meant compliment feeling early num s director worked make slowest possible film death venice solyaris prefer thing solyaris step line line soporific death venice gripping beginning end much_NEG happens_NEG happens right sequence right pace photography lost way cheating music way write doe really_NEG have_NEG a_NEG tempo_NEG at_NEG all_NEG music sound slow really just unmusical just film feel slow lack rhythm form death venice one_NEG of_NEG them_NEG beautiful respect remind timelessness contextlessness quality need theoretical_NEG knowledge_NEG to_NEG respond_NEG to_NEG visconti_NEG 's_NEG mastery_NEG respond lesser director incompetence great work,positive,negative
spoiler included commentator called film surreal term fit poorly quote encyclopedia britannica surreal mean fantastic incongruous imagery need explain_NEG to_NEG the_NEG unimaginative_NEG how_NEG many_NEG way_NEG a_NEG plucky_NEG ten-year-old_NEG boy_NEG at_NEG large_NEG and_NEG seeking_NEG his_NEG fortune_NEG in_NEG the_NEG driver_NEG 's_NEG seat_NEG of_NEG a_NEG red_NEG mustang_NEG could_NEG be_NEG fantastic_NEG curious read james kincaid asked said lad incongruous wheel sport car surely protest way_NEG fantasy incongruity film offer appear minute iteration ever-cruder squalid progression far incongruous soon prof predictable that_NEG it_NEG were_NEG hand literally believable -- unfair tax motorama particular flaw plausible suspension disbelief having fallen precipitously typical film-maker viewer scale value raider lost ark blockbuster hallucinatory know hallucination having knowing_NEG that_NEG we_NEG are_NEG having_NEG one_NEG rate people know enjoy hallucinogenic drug -- motorama typifies result doing loss course occasional bad trip movie pun juxtaposition word startling time ten-year-old startle uttering oh god like damn doe interjection par course script sadly sense surreal pass dialogue reveal direct proportion naivete regarding speech pattern rising american generation world completely defined minutely depicted make rational_NEG sense_NEG motorama world make sense_NEG completely defined cartoon elementary school newspaper numerous guest star cast cameo role intelligent little hero exclaims damn blink eyelash need second concoct lamest lie character despite appearing nearly scene get significant_NEG development_NEG scant reward viewer sympathizes wish know better understand coming vaguely sens far better story protagonist struggling fully recognizable realistically painted image removed normal context reassembled ambiguous paradoxical shocking framework succession stereotypical dilapidated billboard filling station greasy-spoon eatery cheap hotel lowlife habitue country highway exactly stereotypically belong largely responsible perpetuating traditional emphasis content little content moment-to-moment motorama sum picture british millionaire dressed clown pirate way posh costume party sitting serene mute cautious chauffeur inch rolls-royces like fragile skiff roiling sea desperate humanity chinese implore window smear glass blood imagine stadium abandoned antique limousine like rusting white piano tinkled ghost detritus wander exhausted boy ailing woman cling mother-figure girl-friend fall asleep grass awakened -- feast transfiguration white glistering day num -- brilliant flash horizon the_NEG rising_NEG sun_NEG finding consort corpse belief witnessed soul going heaven later explains little innocently learned new word today atom-bomb like god taking photograph just sample cinematic surrealism surrealism irony ripple far invade film title empire sun seek surreal miss_NEG it_NEG ala hard tread accelerator race chariot desert scene_NEG so_NEG exquisitely_NEG strange_NEG rich subtle gorgeous await motorama poor little gu quest necessarily constitutes thumbs-down film somewhat disappointed ca dismiss_NEG it_NEG view respectability genre doe exemplify -- influenced sure surrealism expressionism existentialism franz kafka pessimism amidst omnipotent power structure let try size theater absurd turning article style amazed extent theater absurd valid artistic style objection motorama vanish like puff smoke tempted quote entire text support identification theater absurd attempt human situation essentially absurd devoid purpose humankind left feeling hopeless bewildered anxious having instantaneously achieved purpose getting away depressing home life bickering parent gu find purposeless drive past glittering billboard reading motorama decides win lottery promise revealed ambition prof illusory game expires_NEG ''_NEG sponsoring corporation intention_NEG that_NEG anyone_NEG should_NEG ever_NEG win_NEG way trick confuse leave crestfallen aspirant reward like ultimately disappointed dream absurdist playwright did away logical structure traditional theatre little dramatic action conventionally understood frantically character perform busyness serf underscore fact happens change existence timeless circular quality emerges language absurdist play repetition repeating obvious sound like nonsense underneath dazzling comic surface underlying message metaphysical distress gu obsession silly game inane language plot device divine bleak future return earlier moment take different bleak turn -- fit admirer surreal better film spielberg admirer motorama really fellow-travelers -- instead_NEG but_NEG addition_NEG --_NEG in_NEG the_NEG work_NEG of_NEG beckett_NEG ionesco genet ca quite_NEG stop_NEG here_NEG disillusionment game gu return phil love attendant met person treated decently scolded -- service station advertising full-filled phil tutelage learns life waiting car note absurdist playwright beckett entitled famous play waiting godot godot read god god phil preoccupation furthermore indirect result previous encounter gu phil badly maimed go cast arm straight horizontally scene gu phil protege say want hear music hear phil wiggling finger end outstretched arm beckoning gu closer gu responds end finally author happen reading currently anglican theologian william stringfellow rebel-lawyer acknowledged_NEG a_NEG an_NEG architect_NEG or_NEG undergirder_NEG of_NEG liberation_NEG theology_NEG roman catholic anglican movement police brutality corporate greed cliche cinema literature including motorama stringfellow support illuminates sentiment impressive warrant scripture tradition reason significant work expose earthly activity fallen angel bible refers principality power principality wrote stringfellow popular image institution ideology commend worship making false promise deeply involved image institution ideology person personhood depleted slave promising power control immortality inexorably deliver helplessness chaos death essentially fallen defeated power more_NEG than_NEG that_NEG beguile human dominion earth promised god book genesis fact one_NEG of_NEG u_NEG control_NEG an_NEG image_NEG institution ideology bent inevitably hegemony self-preservation life dominion happens mistranslation accurate rendering hebrew stewardship quibble fundamental problem neglect notice god delegated power adam fall reason_NEG to_NEG assume_NEG that_NEG we_NEG descendent exercise contrary obvious demonic force stolen add observation lewis man conquest nature mere illusion ruse cover fact really talking conquest men men nature instrument secondly contrary popular belief satan kind_NEG of_NEG good-time_NEG charlie_NEG dangle pleasure niggardly withdraw human firmly thrall leaving prey sitting feeling miserably sorry seething resentment applying insight motorama mirrored remarkably gu experience nice_NEG pretty little boy prior falling victim motorama game sign advertising glisten glamorously longer continues deeper journey sponsoring corporation headquarters shabby lonely meeting one_NEG else_NEG who_NEG play_NEG the_NEG game_NEG station giving card fallen ruin staffed zombie people doe meet way ugly deceitful hostile fact principality answer common dictator doe mean_NEG that_NEG they_NEG can_NEG abide_NEG one_NEG another_NEG )_NEG gu humanity leached only_NEG totally_NEG self-centered_NEG and_NEG oblivious_NEG to_NEG the_NEG need_NEG of_NEG others_NEG but_NEG partially_NEG blinded_NEG ..._NEG disfigured_NEG ..._NEG prematurely_NEG aged_NEG while_NEG infantile_NEG in_NEG the_NEG literal_NEG sense_NEG of_NEG linguistically_NEG challenged_NEG eventually precious mustang taken crash continue dead man wreck long having thought expected present principality proud tower receive prize using biblical power confuse wielded built monument vanity agent evade disappoint insult finally throw floor fall long hard landing finally body water word classic symbolism dy met inevitable bad end faith deceiver fate prof warning look mutable future repents return phil seeing performs generous selfless act seen hour half noting phil handicapped hardly able insert hose gas tank asks help seeing help wanted sign decides apply job explaining motorist hitch-hiking reckons doe look_NEG like_NEG too_NEG bad_NEG a_NEG place_NEG to_NEG work_NEG interpretation conjectural course surprise outrage film cult classic aficionado quite different point motorama quite_NEG my_NEG cup_NEG of_NEG tea_NEG convinced hardly worst film,positive,negative
contain spoiler beware num num thousand million people doe make difference angry apparent apathy small number strangely loud american remember people bred_NEG or_NEG raised_NEG to_NEG care_NEG about_NEG anything_NEG outside_NEG of_NEG their_NEG comfort_NEG zone_NEG god help relative ease did native american indifference horror enslaving race think grown heart soul late num early num ok long end justified look dictator horrible government think doing good impose contradictory hypocritical ashamed feel sorrow people affected deserve justice home american supposed safety want_NEG it_NEG denounce action hope global community understands american believe american government runaway train deceit one_NEG is_NEG above_NEG the_NEG law_NEG want country chagos islander regardless people post anonymity computer one_NEG can_NEG in_NEG their_NEG heart_NEG deny_NEG that_NEG they_NEG would_NEG be_NEG unwilling_NEG to_NEG give_NEG up_NEG their_NEG birthplace_NEG for_NEG some_NEG bomb_NEG and_NEG heliport_NEG ca stand_NEG to_NEG be_NEG stuck_NEG in_NEG traffic_NEG let forcibly unjustly removed home brit american alike forget go come buy_NEG into_NEG the_NEG fallacy_NEG that_NEG a_NEG simpler_NEG natural civilization worthy having right observed preserved - turn back basic human right dignity num turn away basic human right dignity men,positive,negative
cassavetes clearly intelligent sensitive man bold new idea making film wanted auteur break away confines bring new realism american cinema applaud unfortunately member audience applaud_NEG a_NEG woman_NEG under_NEG the_NEG influence_NEG cassavetes took fascinating topic insane woman managed craft dull film filled lengthy ad-libbed ranting drawn-out scene gift capturing dullest moment person life film appears simply turned camera family let motor run run tactic acceptable cassavetes captured devastatingly real -- kernel real touched heart way conventional film performance particularly rowlands artificial believed_NEG for_NEG a_NEG moment_NEG that_NEG she_NEG wa_NEG really_NEG insane_NEG met people truly mentally disturbed seen_NEG any_NEG of_NEG them_NEG act_NEG quite_NEG like_NEG gena_NEG rowlands_NEG in_NEG a_NEG woman_NEG under_NEG the_NEG influence_NEG played like obnoxious uninhibited woman drink lot confusing drink beginning act drunk remainder film moment tap real moment far fails sustain seamless mentally disturbed character applaud effort effort enough_NEG to_NEG make_NEG the_NEG performance_NEG ring_NEG true_NEG novice audience happen film high imdb rating doubt_NEG feel_NEG compelled_NEG to_NEG love_NEG it_NEG and_NEG rate_NEG it_NEG highly_NEG just prove be_NEG brainwashed_NEG by_NEG the_NEG hype_NEG --_NEG judge_NEG for_NEG yourself_NEG have_NEG to_NEG pretend_NEG to_NEG like_NEG it_NEG like woody allen john cassavetes accused solipsism film-making psyche life experience endlessly fascinating imagine_NEG that_NEG to_NEG others_NEG they_NEG appeared_NEG presumptive_NEG and_NEG tortuously_NEG self-indulgent_NEG woody allen demonstrated gift keeping audience entertained -- know compelling story structure good dose humor essential movie cassavetes employed self-discipline sharp pair editing shear woman influence stood chance point making film people stand sit art-house devotee film student worship cassavetes sort anti-establishment deity dumbing believe cassavetes woman slightly accessible keeping pace moving actual plot instead presenting string num minute-long scene ad-libbed argument just make film fan just reaching converted watch movie set eye make decision truly moved fascinated good,negative,positive
john candy need say main reason film people realize_NEG how_NEG gifted_NEG he_NEG wa_NEG a_NEG an_NEG actor_NEG witness changing poor slob horny jerk just simple subtle facial change great bit movie really dumb bit best moment kung fu u scene great moment john trance go stage talk love girlfriend-that genitals love girlfriend sure reading think sequence sound really crude funny mainly john candy doing bit story general pretty lame eugene levy joe flaherty sctv alumnus candy given_NEG enough_NEG to_NEG do_NEG in_NEG the_NEG film_NEG levy moment especially filming wedding end think rod serling great scene talking mother phone overall good movie tough day need brain stupid num num,negative,positive
ok people make point to_NEG like_NEG movie_NEG because_NEG they_NEG 're_NEG good_NEG instead choose like movie based depressing boring foreign country aside crazy summer perfect example great american teen comedy joke good mix slapstick la bobcat goldthwait surreal bobcat inspired direction steve holland dry john cusack morosely dry funny actor american cinema character_NEG in_NEG this_NEG movie_NEG who_NEG doe_NEG deliver_NEG at_NEG least_NEG one_NEG funny_NEG line_NEG (_NEG ok_NEG demi moore yes immature yes screw-ball yes bobcat dress like godzilla trash scale-model seafood restaurant funny hell watch,positive,negative
think cartoon worst cartoon watched recommend cartoon people num did used like num num watched num homework watch cartoon used bit funny enough_NEG to_NEG make_NEG me_NEG burst_NEG out_NEG laughing_NEG older interested witch rated_NEG u_NEG started watch doctor num torchwood num sarah jane adventure pg interested thing doctor interested_NEG in_NEG num_NEG year_NEG old_NEG cartoon_NEG cartoon did last_NEG very_NEG long_NEG it_NEG only_NEG had_NEG num_NEG season_NEG got cancelled low viewer people say writer ran idea show num season,negative,positive
saw movie saturday friend theater num quite funny line humor sprinkled robin williams give decent performance doe laura linney daily fan lewis black pretty good christopher walken give good performance movie start slow remains way thirty minute suspense kick start keeping little edge rest movie suspense supposed comedy movie know everybody place struggling bit character crack joke suspense sequence hear just laugh theater fairness movie smattering applause definitely people enjoyed movie gave movie believe comedy aspect doe work_NEG very_NEG well_NEG in_NEG a_NEG suspense/drama_NEG movie_NEG and_NEG the_NEG actor_NEG performance_NEG bad_NEG just decent movie what_NEG wa_NEG advertised_NEG,negative,positive
despite acceptable adaptation book main theme queen vampire lestat did stay_NEG true_NEG to_NEG anne_NEG rice_NEG 's_NEG complicated_NEG story_NEG telling_NEG deep layer build character shredded apart surface a_NEG completely_NEG different_NEG identity_NEG chronological order major event movie warped uneven quite thing movie did deserve rating num film strongly captured affect lestat vampire public especially young girl movie did fairly good job focusing importance heredity history vampire took pride scene sensuality atmospherically satisfying acting queen damned moderate disappointing stuart townsend aaliyah surprising chemistry show acting best very_NEG often_NEG )_NEG character compared one established interview vampire lack emotional intelligence feast saint shame rice queen damned book movie doe give_NEG all_NEG that_NEG it_NEG appears_NEG to_NEG be_NEG effect dull disappointing extravagance needed scene given_NEG dialog tiring setting scene how_NEG i_NEG pictured_NEG them_NEG in_NEG the_NEG book_NEG think even_NEG taken_NEG from_NEG the_NEG story_NEG area incoherence near beginning middle movie wrap fairly neatly giving viewer story read_NEG the_NEG book_NEG )_NEG somethings feel movie needed include good original score howard shore elmer bernstein instead mix rock music problem_NEG with_NEG some_NEG of_NEG the_NEG song_NEG thing movie better better set direction scenery boring unclear important story move quite frequently overall queen damned unevenly disappointing somewhat satisfying adaption important novel simple change successful piece film work recommend movie people seen interview read book make opinion adaption,positive,negative
begin film entertaining new wonderful game rugby live outside follow game laughable various rugby tradition haka preformed new zealand black black leader haka usually member team best maori pedigree important convention modern game misused represented writer film quite directed poor script over-all execution let heavily taking account based real story doe posse great deal storyline strongly suggest american interested rugby watch film watch rugby actually youtube rugby portrayed film distorted skewed far really,negative,positive
tiny tweet sly sneak locked cage train ride know swinging tweety begin belting insufferable song soon train leaf station let hope puddy tad get time sly try couple funny hand trick spoil sport conductor man put bird safer place baggage cat attempt ending coal oven steam engine chase course bulldog silly sly just big mouth shut persistent pussy try old-stacking-of-the suitcases-bit twice producing payoff tex avery proud unfortunately sylvester bulldog display talent shape shifting producing enormous club back-pocket even_NEG sylvesters_NEG ability_NEG to_NEG outrun_NEG a_NEG speeding_NEG train_NEG can_NEG save_NEG him_NEG when_NEG he_NEG is_NEG thrown_NEG off_NEG silver streak style time row arriving granny new place gower gulch population num cat final attempt involves cross-dressing know happens men dress attention bargained num num,positive,negative
indonesian musical movie have_NEG i_NEG seen_NEG indonesian_NEG musical_NEG movie_NEG like_NEG the_NEG one_NEG made_NEG in_NEG bollywood_NEG miss spirit story just bunch called poetic line story love kid separated meet year change special_NEG remark_NEG simple story plot quite focused musical story line confusing character saved brilliant acting neglected main actress try live character best trying casting feel_NEG the_NEG necessity_NEG to_NEG put_NEG a_NEG balinese_NEG student_NEG in_NEG that_NEG story_NEG and_NEG of_NEG course_NEG the_NEG only_NEG unnecessary_NEG character_NEG strange thing want watch movie maybe mango,negative,positive
good enjoyed construction real time flashback seeing old digger meeting recalling terror captivity changi pow camp main problem way written scene life changi like holiday camp place like old remember film footage men liberated changi japanese pow camp actor_NEG could_NEG lose_NEG enough_NEG weight_NEG to_NEG have_NEG a_NEG resemblance_NEG of_NEG the_NEG state_NEG of_NEG those_NEG men_NEG jew belsen look like sumo wrestler met veteran changi year ride_NEG in_NEG a_NEG japanese_NEG car_NEG let physical mental torture men endured horrific talk percentage survived john doyle ok writing comedy roy hg hate sugar coating history have_NEG been_NEG tolerated_NEG happy satirist write life brian make fun crucifixion obviously comedy consider bad taste changi written portrayal real event regarded younger people true record great performance fine cast redeem_NEG this_NEG lightweight_NEG screenplay_NEG,negative,positive
duller possible original hope say imdb guideline french connection tried absorb european influence complicate conventional view american police detective attempt foundered friedkin ambivalence americaness general indirection relative arthouse boom num s especially nouvelle vague allowed huge influence european cinema hollywood lent new vigour complexity weary medium best bonnie clyde early scorcese new subversion received practice original connection movement difficultly distanced style anti-detective figure old hollywood right-wing reassertion american value figured film tiresome america v france dialectic instance shot like num s french policier french course insisted greatness american movie ignored home sense reclamation warning gallic presumption seen pattern movie connection french gangster invading new york french style smothering american thriller - lead dissolution detective figure irresolution plot - baddie got away american returning france american thriller value imposed native genre - power detective reasserted conventional resolution achieved dramatised doyle relationship french inspector barthelmy dominant influence shake control plot follow original undermining detective hero start doyle importance diminished turn despite ending connection considered hero american foreign land inability control language custom mean dominate_NEG the_NEG plot_NEG misreads sign police force mistaking informer criminal getting killed detective power come power subject interpret doyle spends movie watched controlled object body literally scene dumped charnier viewed interpreted connection instigated action chasing criminal forcing plot passive tied bed locked cell addict dependent loss phallic power predictably symbolised loss gun film follows depressingly familiar oedipal trajectory heroin sequence comforted old lady say look like son drugged state like return womb robbed adult pressure taking watch reinforces timelessness state doubly significant man career depends timetable precision oedipus detective avoid fate doyle reject false mother dissolving unified identity kill father charnier accepted masculine role society psychoanalytic theory popular academic num s ironically instigated frenchman jacques lacan rare film literally fact tended minimising doyle film style doe friedkin distanced hero refusing empathy character motivation focusing mechanic plot doyle conventional hollywood hero instead lost murky long shot knowable understandable viewer traditional device - point-of-view shot close ups connecting shot fall rise popeye doyle plot case subservient acting usual hackman showiness cold turkey scene despite tediousness disturbing_NEG allowed share coldly observe far discomforting experience scene shot lachrymose manly sentimentality american connection tried imitate complex thriller jean pierre melville doe complete opposite melville le samourai featured gangster started film powerful outside language charted eventual disintegration start disintegrated character achieved partly inability language dominance begin step outside language - concluding action sequence largely wordless film locale language important fixed undermined detective regains power figured return gun cathartic burning primal site vulnerability tower block charnier held marseille setting irrelevant mythic stand-off place take compare ending film admits ambiguity despair absolute certainty,negative,positive
starting read book movie based having mixed feeling filmed result learned time ago movie adaptation book read book read book inevitably disappointed film undoubtedly true case atonement probably best filmed adaptation book seen probably have_NEG mattered_NEG trying figure cause suspect point finger squarely michael cunningham respect hour read_NEG but_NEG which_NEG i_NEG saw_NEG and_NEG wa_NEG awed_NEG by_NEG )_NEG i_NEG can_NEG escape_NEG the_NEG feeling_NEG that_NEG he_NEG so_NEG much_NEG adapted_NEG susan_NEG minton_NEG 's_NEG book_NEG a_NEG he_NEG did_NEG take_NEG a_NEG few_NEG of_NEG the_NEG character_NEG and_NEG the_NEG basic_NEG premise_NEG and_NEG write_NEG his_NEG own_NEG movie_NEG out_NEG of_NEG it_NEG that_NEG i_NEG dislike_NEG the_NEG movie_NEG actually love movie started reading novel feeling disturbed thing feel disloyal minton enjoying movie thooughly departure work reading understand struggle adapting unlike reviewer movie said so_NEG much_NEG that_NEG some_NEG novel_NEG do_NEG deserve_NEG to_NEG be_NEG a_NEG movie_NEG like book just ca make_NEG the_NEG transition_NEG minton novel operates level personal intimate central character internally impossible place physical realm lot book memory real event memory fragmented ethereal feel filmable_NEG think minton work real work literature make_NEG the_NEG transition_NEG to_NEG film_NEG way_NEG detracts_NEG from_NEG it_NEG value_NEG yet_NEG report_NEG that_NEG evening_NEG film doe represent_NEG evening_NEG novel superficial way halfway original make tremendous leap resemble film follows point guess writing feel going adapt novel adapt make_NEG it_NEG something_NEG else_NEG that_NEG it_NEG 's_NEG sure_NEG if_NEG michael_NEG cunningham_NEG ha_NEG done_NEG anything_NEG wholly_NEG original_NEG far thing based work have_NEG the_NEG hour_NEG if_NEG virginia_NEG woolf_NEG had_NEG written_NEG mrs._NEG dalloway_NEG have_NEG evening_NEG distressed form susan minton had_NEG so_NEG much_NEG trouble_NEG doing_NEG what_NEG probably_NEG should_NEG have_NEG been_NEG attempted_NEG in_NEG the_NEG first_NEG place_NEG say better minton left evening film satisfactory beautiful work confusion mixed feeling sense disloyalty ultimate conclusion case novel be_NEG the_NEG film_NEG and_NEG vice_NEG versa_NEG eventual gratitude writer doing did work,positive,negative
director looking cast female victim slasher movie surely make sense add couple porn star a_NEG if_NEG they_NEG 're_NEG inexperienced_NEG in_NEG front_NEG of_NEG the_NEG camera_NEG qualm_NEG with_NEG the_NEG requisite_NEG nudity_NEG and_NEG how_NEG many_NEG unattractive_NEG porn_NEG queen_NEG can_NEG you_NEG name_NEG christian viel obviously recognized potential mixing hardcore actress hard-gore effect cast adult cinema sexiest notorious star jenna jameson chasey lain ginger lynn allen taylor hayes turn cameo arguably intriguing slasher flick released scream reinvigorated genre samhain originally intended cinema release october num - keeping check halloween-based synopsis unfortunately shoot plagued numerous problem prevented feature achieving exposure deserves heard signed film num uk penned late october release direct dvd unfortunately label got peerlessly abysmal track record dtv slasher content_NEG with_NEG polluting_NEG our_NEG shelf_NEG with_NEG camp_NEG blood_NEG and_NEG it_NEG follow_NEG up_NEG responsible unleashing granny bleed rancid paranoid samhain finally worthwhile ammunition contemptible catalogue cannon student teacher head southern ireland history course arrival told legend cannibalistic clan roamed hill scotland murdered local food cannibal eventually caught burnt stake rumored tribe escaped headed woodland ireland refuge kid settled begun doing massacre-fodder doe flick mandatory goody two-shoes definite heroine candidate begin spooked shadow creeping late night flesh hungry maniac large forest think look samhain production jinxed right start immediately wallmart refused develop jenna jameson nude make-up shot chasey lain began acting characteristically like drugged-out primadonna finally add insult injury producer got cold foot just flick hit shelf began talking re-editing removing gore report said unhappy copious amount violence wanted trim scene achieve r rating veil course disagreed seeing entire synopsis boosted creatively graphic display eventually month argument director parted company warehouse production feature locked vault despite countless disruption veil slasher opus best genre piece released new millennium copy sent pre-release screener obviously test press sound effect complete soundtrack boasted credible jump-scares superb cinematography couple goriest set piece seen time guy disemboweled rectum strangled intestine jenna jameson stripped naked gutted unflinching close chasey lain end gut unfortunate rescue attempt boyfriend richard grieco murder uncommonly gruesome samhain feel_NEG mean_NEG spirited_NEG basically character thinly portrayed basic slasher honesty script movie biggest downfall dialogue so_NEG much_NEG inspired_NEG by_NEG wes_NEG craven_NEG 's_NEG scream_NEG movie_NEG a_NEG it_NEG wa_NEG flagrantly_NEG cut_NEG and_NEG pasted_NEG from_NEG them_NEG certainly inclusion mouth-watering jenna jameson great producer fan excited know doe whip expected doe chasey lain taylor hayes samhain soft_NEG porn_NEG movie_NEG benefit sticking structure set produce worth noting aforementioned xxx star out-perform supposed feature much_NEG of_NEG a_NEG complement_NEG ginger lynn notable ignore shameful accent battle hulking killer superbly performed choreographed alan chou taylor jenna delivered expectedly poor dramatics caused numerous problem on-set veil direction cinematography excellently constructed provides much-needed injection suspense exciting crisp photography mixed good flair storytelling net result slasher extravaganza satisfy critical gore hound interesting kind final cut released samhain rumor second director drafted shoot different ending curious explicit gore remain intact worldwide distribution end result half good rough print watched better nearly genre piece unleashed past year certainly worth checking,positive,negative
ken loach showed world down-and-out flip swinging london poor cow london woman joy carol white hooking thief having son man end slammer friend terence stamp manages help prof little better loser soon clear joy going make decision going life thing determined - know_NEG whether_NEG or_NEG this_NEG is_NEG accurate_NEG -_NEG wa_NEG a_NEG use_NEG of_NEG irony_NEG in_NEG the_NEG movie_NEG joy experience joy_NEG in_NEG her_NEG life_NEG intended_NEG movie recommend featuring song donovan - color - appeared terence stamp movie limey incidentally came num old parent poor cow came,positive,negative
entrails beauty feature gang yakuza bloke gang-raping woman drug later dy return big slimy monster huge penis sharp teeth big sloppy film very_NEG good.the_NEG gore_NEG doe_NEG come_NEG until_NEG the_NEG last_NEG num_NEG minute_NEG and_NEG most_NEG of_NEG the_NEG film_NEG is_NEG a_NEG standard_NEG soft_NEG core_NEG sex_NEG with_NEG lot_NEG of_NEG rape.worth_NEG checking_NEG out_NEG unfortunately heavily censored optically near fun entrails virgin,positive,negative
got start film like escape fog somebody like budd boetticher learn trade turning good film fact film dated hit movie going public june num num war europe month course even_NEG harry_NEG cohn_NEG could_NEG control_NEG the_NEG event_NEG of_NEG history_NEG wondering public did question_NEG why_NEG a_NEG nazi_NEG spy_NEG ring_NEG wa_NEG helping_NEG out_NEG the_NEG japanese_NEG bad historical inaccuracy fbi pacific asian theater cloak dagger stuff territory os world fbi man like william wright sure good psychic girl friend like nina foch mission orient deliver name key underground leader start general uprising china japanese occupation german bugging otto kruger house learn movie spent guy lost war trying help ally way refer foch sideswiped speeding car knocked unconscious dream wright danger see happen golden gate bridge go foil plot stuff expect nice noir film foggy atmosphere san francisco dimly lit set budd boetticher tried best did cast just convincing_NEG probably did believe_NEG this_NEG claptrap_NEG themselves_NEG possible likely_NEG that_NEG nina_NEG foch_NEG 's_NEG dream_NEG and_NEG it_NEG psychic_NEG consequence_NEG might_NEG have_NEG been_NEG more_NEG developed_NEG and_NEG the_NEG development_NEG were_NEG left_NEG on_NEG the_NEG cutting_NEG room_NEG floor_NEG think just lousy screenplay budd harry cohn columbia picture fast moving event history going,negative,positive
maniratnam india compared prominent world film maker regarded genius film-making proved make frame look visually good offering food pure cinematic pleasure derived cinema old form art like_NEG to_NEG claim_NEG and_NEG portray_NEG myself_NEG a_NEG someone_NEG who_NEG ha_NEG seen_NEG all_NEG the_NEG beautiful_NEG movie_NEG made_NEG around_NEG the_NEG world_NEG thoughtful bit educated film goer identify film contain_NEG innovative_NEG ingenuous_NEG plot_NEG doe contain_NEG lingering_NEG effect_NEG afterward_NEG and_NEG mostly_NEG contain_NEG ridiculous_NEG ending_NEG and_NEG a_NEG lot_NEG of_NEG melodrama_NEG seen profusely indian movie overall maniratnam successfully confirmed distaste film sorry board claiming suggestion watch beautiful cinema globe,negative,positive
let thing straight zombie exist_NEG so_NEG the_NEG filmmaker_NEG can_NEG have_NEG them_NEG walk_NEG run hell fly want make original zombie movie good did damn original hate filmmaker like romero fan boy expect like romero idiot think zombie growl like typical romero movie zombie exist_NEG so_NEG a_NEG filmmaker_NEG can_NEG make_NEG zombie_NEG whistle_NEG if_NEG he_NEG want_NEG zombie movie look good obviously decaying_NEG corps_NEG since_NEG they_NEG just_NEG freaking_NEG died_NEG pretty messed chopped face blood coolest scene half eaten cat looked damn real daughter cried saw movie got really good review fangoria rue morgue want glad listened right come real horror fan taste num num rent,positive,negative
think movie got low rating got judged worst moment diarrhea joke embarrassing nut-scratching scene apart actually quite moment laugh loud jason lee performing wonderfully subtle comedy movie julia stile manages pretty damn funny apart movie behaves like romantic comedy num minute know going end better know num minute better movie watch definitely the_NEG worst_NEG pick_NEG ..._NEG cheer_NEG,positive,negative
guy tell bulgarian ca remember_NEG how_NEG many_NEG time_NEG i_NEG talk_NEG to_NEG american_NEG and_NEG let_NEG alone_NEG that_NEG they_NEG do_NEG have_NEG a_NEG slightest_NEG clue_NEG where_NEG is_NEG bulgaria_NEG say thing like war going right imagined_NEG that_NEG in_NEG a_NEG place_NEG like_NEG bulgaria_NEG people_NEG have_NEG internet_NEG ''_NEG go_NEG watch_NEG bruce_NEG campbell_NEG 's_NEG ``_NEG the_NEG man_NEG with_NEG the_NEG screaming_NEG brain_NEG ''_NEG curious movie cause num bruce campbell fan - evil dead trilogy adventure brisco county num movie shot entirely location bulgaria second alien apocalypse nearly unwatchable num enjoy nice b-movies movie present country like never-ending gypsy town raid car wave illegal gun killed moment bruce line bull h num t bulgaria offending ted raimi stacy ceach make great team bruce doe special - beat peoeple movie num just bruce cult status doe deserve_NEG more_NEG than_NEG num_NEG waste film,negative,positive
watch_NEG much_NEG porn_NEG love porn star love gory movie heard porn-star gore movie really excited course year ago heard trouble making finishing movie thought_NEG i_NEG 'd_NEG actually_NEG get_NEG to_NEG see_NEG it_NEG did ashamed_NEG to_NEG admit_NEG i_NEG loved_NEG it_NEG flaw flaw story set ireland called samhain story want tell sawney beane clan scotland just_NEG set_NEG it_NEG there_NEG and_NEG skip_NEG the_NEG third-grade_NEG report_NEG about_NEG samhain/irish_NEG immigrants/halloween_NEG break rule stating safe trail cannibal mutant just start running amok clear_NEG how_NEG many_NEG cannibal_NEG we_NEG 're_NEG dealing_NEG with_NEG big stone castle obviously ancient one_NEG 's_NEG noticed_NEG it_NEG before_NEG self-conscious horror film reference annoying character heroine flashback montage dead friend include character met_NEG ending make sense_NEG work gore sure liked refreshing nasty movie afraid_NEG to_NEG be_NEG nothing_NEG more_NEG than_NEG a_NEG gore_NEG movie_NEG murder waay taylor hayes nice disgusting scene wild murder given extended shot dvd mind gore overcome stupid story evil breed reinforced,positive,negative
un-tom jerry short jerry narrates tale revolves tom cat falling love losing rival butch tom best friend jerry irked bit cartoon presented cinemascope overall tom jerry cartoon sad depressing just pus get boot dvd instead happy experimental animated short disc num warner brother num -dvd spotlight collection set set hoping warner brother chooses release second volume soon grade c-,negative,positive
essentially story man versus nature film beautiful cinematography lush jungle ceylon presence elizabeth taylor film really get_NEG going_NEG newlwed taylor ignored neglected husband later drawn plantation foreman played dana andrew plantation spell owner peter finch late father ghost cast pall elephant walk major point contention taylor finch elephant determined reclaim traditional path water blocked mansion built right-of-way beast rampage provides best moment action picture taylor andrew good moment struggle remain faithful wife spite marital difficulty finch,negative,positive
swear zombie killed like twice kept coming gave movie num let face folk exactly reviewer saying handy-cam shot film hey hey hey welcome total indy film making fact todd sheet got num zombie appear movie tribute talent yes story gap yes zombie really care fun gory horror film share bud gross people really care lol mellow people suppose liked hunk garbage like titanic twister instead peace support independent film making,positive,negative
saw sea dust nyc screening audience year ago enjoyed film time little confused amendment memory chunk exposition missing version shown rhode island film festival really sure_NEG which_NEG version_NEG i_NEG prefer_NEG honestly say appreciate let begin warning a_NEG popcorn_NEG movie_NEG promoted hammer film tribute people expecting showdown van helsing dracula going sorely disappointed cleavage nudity_NEG (_NEG a_NEG staple_NEG of_NEG the_NEG british_NEG production_NEG house_NEG 's_NEG later_NEG movie_NEG )_NEG sea dust filled gorgeous eye candy really shot like sixty film feature hammer starlet ingrid pitt like_NEG any_NEG of_NEG the_NEG company_NEG 's_NEG picture_NEG in_NEG tone_NEG or_NEG execution_NEG film dark confusing time funny remember_NEG the_NEG earlier_NEG version_NEG being_NEG quite_NEG a_NEG nutty_NEG a_NEG this_NEG one_NEG a_NEG bad_NEG thing_NEG (_NEG especially_NEG the_NEG showdown_NEG in_NEG the_NEG black_NEG forest_NEG that_NEG play_NEG like_NEG a_NEG three_NEG stooge_NEG short_NEG )_NEG m pitt ranting quite entertaining like somebody wound turned loose uniqueness film doe lie_NEG with_NEG the_NEG borrowed_NEG detail_NEG idea occasional sci fi channel viewer regularly taken network task one-note variation theme cgi monster kill get destroyed sea dust idea start trip get_NEG me_NEG wrong_NEG complaining_NEG applaud guy making enterprising low-budget picture having courage pack concept going_NEG to_NEG be_NEG a_NEG picnic_NEG for_NEG people_NEG who_NEG hate_NEG to_NEG think_NEG at_NEG the_NEG movie_NEG (_NEG you_NEG know_NEG who_NEG you_NEG are_NEG )_NEG rest tired formula modern horror film predictability lack respect audience just ticket,positive,negative
movie lacking lot area elvis type guy race car approached bikers satan angel named banjo beat college kid fun want elvis guy driver time wanted folk mstk num quiet movie actually kind good sure violence lot cheesy line kind beer want cold cheesy dude play banjo great boxer glad fight scene biker named fat nazi swastika jacket pretty bold say,negative,positive
month hearing little movie seen cute cute fledgling director make movie combine people creative idea order make one-joke premise movie troop swingblade million blair witch parody come mind director want foot inside hollywood door doing right thing combining plot outline hollywood make film time heard phrase animal house meet future wall street meet dead poet society shakespeare love meet star war remember independent film meant original daring safe_NEG and_NEG predictable_NEG,negative,positive
having read good review film thought time know_NEG why_NEG i_NEG bothered_NEG basically family entrusted clue lead big stash ancient treasure hidden knight templar war independence apparently kept hand british cost firstly did said knight treasure europe america did nic cage character figure fact ship figure clue riddle minute people suddenly master thief steal probably best guarded bit paper world just plot hole inane bit hollywood action gone wrong cage great action movie - rock - lowered getting old character pretty annoying really - guy steal declaration independancd outruns thief gun escape fbi generally invincible film doe really_NEG make_NEG any_NEG sense_NEG and_NEG all_NEG in_NEG all_NEG it_NEG wa_NEG quite_NEG a_NEG disappointment_NEG,negative,positive
second movie boxset originally titled bloodsucker movie pretty average kinda boring part good gore effect great_NEG though_NEG movie take place year num vampire pretty taken world v-san vampire sanitation squad spaceship lead churchill captured vampire receives message earth team formed quintana played hot natassia malthe rookie officer damian rebel rosa roman roman played aaron pearl wrongfully accused v-san later meet leader vampire muco played michael ironside total recall plan_NEG of_NEG living_NEG peacefully_NEG with_NEG human_NEG bent world domination movie a_NEG waste_NEG of_NEG time_NEG doubt putting dvd player anytime soon,negative,positive
really favorite film need_NEG to_NEG give_NEG anyone_NEG a_NEG description_NEG because_NEG every_NEG a_NEG *_NEG *_NEG hole_NEG doe_NEG that_NEG literally obsessed practically bloodless cheesy lame effect having boom-stick showing badly edited num metal horror masterpiece director heard hoped hit box office sequel type deal damn wish went like soundtrack banging acting good check mofo die-hard fan feel free email chat midgetorgy yahoo,positive,negative
really enjoyed film really cheesy time destroy villain hair drier -- plugged unique film enjoyed acting courtney draper tamara hope enjoyed fanuel write liking megan charecter called dweeb acting rewinding showing happened ariel megan point view quite interesting saw twice,negative,positive
overrated mob comedy director demme make actor pause funny line let audience laugh miss_NEG next_NEG line_NEG odd - director did silence lamb - way use pause casting mathew modine young fbi agent pfeiffer love dean stockwell doing jack nicholson-thing squint get nomination plus accept pfeiffer stockwell italian charles napier hairdresser al lewis mob lawyer underused line - bumbling hood song score chris isaak totally place - better flick like pretty pink re-make movie worth proper casting director satire come repeated forgedaboutit,negative,positive
bellocchio refers mainly political movie description revolutionary movement italy metaphor reality movie like metaphor revolutionary learn little mafioso old new andrea papa psychoanalyst stand usual traditional bourgeois value -- morally upright unperturbed clean tidy thoroughly ritualized giullia girlfriend revolutionary represent happen need badly cause support unable muster kind devotion commitment demand guessing andrea adolescent boy guy movie in_NEG some_NEG unquiet_NEG way_NEG ``_NEG upatz_NEG respectful father disobedient love giullia assume really_NEG old_NEG enough_NEG to_NEG have_NEG learned_NEG how_NEG to_NEG manage_NEG his_NEG reflex_NEG optimally_NEG leaf order school complete final exam course contradictory lifestyle described medium man know meaning gradualism cool screaming summed oral final asked translate comment excerpt antigone contrast traditional authority god notion secularity free brings -- particular_NEG course_NEG that_NEG i_NEG 'm_NEG aware_NEG of_NEG --_NEG to_NEG marushka_NEG detmars_NEG brings mind new yorker cartoon year ago hippo neck-deep river staring gazelle drinking bank hippo say hate good actress let way film carry speech manner rich glitter outright lunacy come actress from_NEG directorial_NEG aid_NEG detmars nut_NEG the_NEG way_NEG catherine_NEG deneuve_NEG wa_NEG nut_NEG in_NEG ``_NEG repulsion_NEG wall turn_NEG to_NEG rubber_NEG and_NEG grow_NEG hand_NEG instead animated -- animated give shocking jolt mood abruptly change threatening way looming thunderstorm threatening critic described sultry probably the_NEG word_NEG he_NEG wa_NEG searching_NEG for_NEG compellingly beautiful fluffy brown hair wide white ready grin impulsive giggle eye like eye painting wall ancient egyptian tomb sexy part pretty erotic so_NEG much_NEG because_NEG one_NEG of_NEG them_NEG is_NEG explicit_NEG gotten know character involved interesting spy honeymoon couple door skin flick actually that_NEG much_NEG sex_NEG scene simulated intercourse director let play real time real time eighteen-year-old boy young man play andrea fine necessary thing film depends entirely giullia carry for_NEG their_NEG performance_NEG sure_NEG this_NEG would_NEG be_NEG a_NEG interesting_NEG or_NEG a_NEG admirable_NEG flick_NEG a_NEG it_NEG is_NEG easily turned slow boring romance worth,positive,negative
movie basks innocence doe tell_NEG a_NEG story_NEG big time snooze fest actor personable story trite go think victor rasuk great charisma deserves real film real storyteller,negative,positive
seen_NEG such_NEG a_NEG stupid_NEG dumb movie quite absolutely logic_NEG horror-_NEG doe_NEG scare_NEG you_NEG suspense_NEG thrilling_NEG .._NEG i_NEG mean_NEG i_NEG did_NEG find_NEG even_NEG one_NEG part_NEG of_NEG the_NEG movie_NEG appealing_NEG .._NEG i_NEG do_NEG know_NEG what_NEG they_NEG were_NEG thinking_NEG when_NEG they_NEG made_NEG the_NEG movie_NEG .._NEG you_NEG watch_NEG the_NEG whole_NEG movie_NEG to_NEG find_NEG out_NEG that_NEG plant walk drag human dead body eat human flesh just_NEG that_NEG but_NEG it_NEG can_NEG also_NEG talk_NEG i.e_NEG imitate sound like cellphone ringing human talking like plant make noise cell phone ringing cellphone plant intelligent plant setup ambush clearly creativity level primary school kid bad,negative,positive
watched movie young lad raging hormone sexy movie seen-or have_NEG been_NEG a_NEG great_NEG movie_NEG guess really_NEG remember_NEG much_NEG about_NEG it_NEG tell truth remember sexual chemistry crosby biehn woman_NEG in_NEG any_NEG movie_NEG ha_NEG ever_NEG done_NEG it_NEG for_NEG me_NEG a_NEG the_NEG unbelievably_NEG sexy_NEG cathy_NEG did_NEG in_NEG this_NEG movie_NEG seen_NEG it_NEG since_NEG that_NEG first_NEG time_NEG i_NEG caught_NEG it_NEG on_NEG tv_NEG in_NEG the_NEG num_NEG s_NEG and_NEG i_NEG do_NEG think_NEG i_NEG 'd_NEG want_NEG to_NEG see_NEG it_NEG again_NEG since_NEG i_NEG 'm_NEG sure_NEG it_NEG would_NEG be_NEG a_NEG disappointment-my_NEG hormone_NEG are_NEG a_NEG raging_NEG and_NEG i_NEG 've_NEG become_NEG more_NEG jaded_NEG over_NEG the_NEG year_NEG think shower scene remember great felt way added later watching movie discovered dangerous home erotic pretty tame older woman-younger man thing work just a_NEG much_NEG a_NEG it_NEG once_NEG did_NEG probably longer_NEG a_NEG num_NEG -year-old_NEG older woman younger amateurishness thing perceived_NEG by_NEG my_NEG twelve-year-old_NEG mind_NEG moral better to_NEG revisit_NEG the_NEG past_NEG,negative,positive
world war get glossy sepia-tinted makeover jean-pierre jeunet relentlessly whimsical long engagement jeunet trademark style consists mechanical clockwork-like narrative construction garnished lavish chocolate box production value seasoned faux-naive humour approach worked pretty previous picture romantic fantasy amelie thanks small_NEG part_NEG to_NEG the_NEG inimitable_NEG contribution_NEG of_NEG audrey_NEG tatou_NEG in_NEG the_NEG title_NEG role_NEG applied vastly sombre material jeunet method backfire badly tatou crop variation sort sweetly off-beat character amelie mathilde orphan life quietly aunt uncle idyllic rural setting determined trace child sweetheart manech gaspard ulliel year went missing war manech soldier court-martialled self-mutilation num crepuscule sent punishment presumed dead mathilde cherishes hope finding film follows mathilde dogged quest really happened delf deeper uncovers sad shocking story high-ranking corruption inhumanity mathilde filter fact fiction arise various conflicting overlapping incomplete account manech final hour poignant gripping simply confusing thanks visual verbal clutter jeunet pummels audience simply going time including intrusive narration add precisely appreciation story character moment respite informational overload felt denied space reflect mathilde quest room engage term jeunet unceasingly busy camera spiral swoop circle caressing surface contour exquisitely designed production singularly fails penetrate soul beneath story skin result deeply uninvolving worse grotesque world war particularly dark hour human history imagine re-created picturesque commercial known belgian lager measure film,negative,positive
hardly believe inert turgid badly staged film filmmaker work quite enjoyed experience enduring lady duke other_NEG word_NEG but_NEG ``_NEG enduring_NEG ''_NEG will_NEG do_NEG )_NEG left vile mood condition relieved reading imdb user comment ali- num only_NEG ha_NEG rohmer_NEG attempted_NEG (_NEG with_NEG success_NEG )_NEG to_NEG make_NEG u_NEG see_NEG the_NEG world_NEG through_NEG the_NEG genre_NEG art_NEG of_NEG num_NEG th_NEG century_NEG france_NEG but_NEG ali pointed shown cost alienating audience effect class consciousness revolution inspired eye dislikably elitist woman time director accomplished undeniably difficult question worth effort took -- watch dull result labor,negative,positive
num th september num short dumpy num year old woman stood trial attempted murder leonie haddad lady husband recently died agreed lodger came housing authority elderly haddad made_NEG aware_NEG that_NEG her_NEG new_NEG lodger_NEG had_NEG fact come fresh patton state mental hospital incarcerated inexplicable knife attack married couple year previously haddad soon realised denmark woman began lock bathroom tape recorder reciting prophesies seven god haddad fear confirmed night awoke lodger sitting astride chest holding bread knife announcing god inspired kill haddad managed knock assailant telephone before_NEG she_NEG had_NEG lost_NEG a_NEG finger_NEG and_NEG suffered_NEG deep_NEG laceration_NEG to_NEG her_NEG face_NEG and_NEG chest_NEG miracle survived lodger judged innocent reason insanity sent kicking screaming laughing academy year later released celebrity for_NEG the_NEG brutal_NEG attack_NEG on_NEG her_NEG innocent_NEG victim_NEG incarnation num year earlier known curve tease pin girl world - notorious bettie page director mary harron mainly known psycho take glory day legendary cheesecake bondage model played solidly gretchen mol inadvertently wrote blue print fetish iconography influence detected comic book catwalk day-glo fun ride evocative depiction num page familial help good intentioned boyfriend photographer number star pocket sized men glossy title like wink tab parade real dream movie stardom evades brush authority obscenity charge num inciting incident lead retire modelling god overall style film light frothy darkens momentarily allusion father incestuous attention sexual assault inexplicably appears discernible_NEG effect_NEG on_NEG her_NEG mol play page photograph happy carefree fun - bondage shot betray little good humoured incomprehensibility film end upbeat page cheerfully handing bible park indication_NEG of_NEG the_NEG real_NEG life_NEG unhappy_NEG marriage_NEG personal tragedy decent murderous insanity lay avoiding think essential core page story - rebirth resurrection having emerged decade incarceration page cult ascendance mid num huge underground icon asking happened bettie page disappearance fed fire number conspiracy theory adding allure legend world medium finally caught gave hint_NEG of_NEG her_NEG darker_NEG past_NEG and_NEG she_NEG wa_NEG soon_NEG giving_NEG interview_NEG for_NEG magazine_NEG photographed playboy party like pamela anderson equally tragic anna nicole smith famous year glare matter time story come light notorious thing notorious bettie page left truly notorious,negative,positive
weird movie archaeologist studying culture ancient hohokam indian take really fake looking mummy burial cave brings home study pretty soon start acting weird talking mummy shortly son possessed spirit mummy stranger event place spirit try destroy woman family actually really boring overall make fall asleep couple time try watch just make end ahah secret mummy mummy spirit angry removed cave be_NEG able_NEG to_NEG ascertain_NEG what_NEG the_NEG spirit_NEG 's_NEG motivation_NEG is_NEG like spooky shenanigan low-budget num hairstyle certain comforting appeal way described story clearer jumbled boring way film lay story boring movie really fascinating achieves maybe good movie heart executed awkward way know_NEG know enjoyed quite bit despite dullness fan spider baby interested know couple music cue film used including instrumental version theme song featuring frightening fairly well-done sequence showing possessed boulder rock rolling eventually attacking people camper scene movie merely spooky quirky scene actually pretty scary weird worth time want shelf,positive,negative
jimmy wang yu authentic asian superstar directed wrote film seen dubbed videotape version widescreen shaw scope shape lost original actor voice absent good watch story usual martial art school fight villain japan plot young hero winning end beating load assorted thug combat get better film unravels early film look stiff dull later great scene wang yu fight horde gambling joint walk snowy scene take villain knife sword fist exciting quite good interesting non dubbed widescreen version,positive,negative
simply love movie perfect example well-rounded surprising story come asian cinema recent hollywood remake movie richard gere simply awful jennifer lopez confuse_NEG the_NEG two_NEG movie_NEG original japanese film touching subtle wonderfully acted hollywood version exact opposite aghast saw trailer remade version starring typical hollywood unoriginal crass commercialism worst remake cement argument foreign film be_NEG improved_NEG upon_NEG reason original film did become_NEG more_NEG widely_NEG viewed_NEG is_NEG the_NEG u_NEG audience_NEG 's_NEG aversion_NEG to_NEG subtitle_NEG main reason movie work_NEG in_NEG an_NEG american_NEG telling_NEG is_NEG that_NEG the_NEG reserved_NEG ultra socially conservative character public japanese persona issue movie certainly main character awakens understanding living vivacious life dance half movie tension come stereotype ridicule ballroom dancer face japan try movie original form the_NEG terrible_NEG full_NEG screen_NEG skip remake shallow travesty comparison original japanese movie yes know original movie older simply japanese story people likely time soon new remake speaking foreign film make quick recommendation num wedding-i list reason outstanding film num stechino-very funny italian mistaken identity flic num korean action pic mix asian flare style plot num lola run-a german film integrates techno score ingeniously just quick list -,positive,negative
episode introduces formal dress uniform worn captain picard commander riker lieutenant tasha yar plot episode deal num group separate alien delegate anticans selae try capture eat turn num side really hate riker tasha contain trouble mysterious spacial anomaly go ship injuring killing crew member end episode spacial anomaly possesses valuable member crowd able rescue maybe able continue going mission space exploration note episode mark irish actor colm meaney second appearance tng encounter farpoint portrays tasha yellow-shirted security guard,positive,negative
style substance style cell internal version serial killer movie unfortunately story hardly support visuals psychotherapist catherine deane j-lo go patient dream artificial mean discover help come phobia obsession new patient fallen coma brought attention fbi serial killer drowns female victim pose body grotesque scenario like mannequin deane enter killer mind navigate sick fantasy order save latest victim director tarsem singh incredible vision set piece production dream sequence like nightmare-ish painting motion landscape costume plot suffers lack history character stargher person thorough background person want care basically movie move present tense shame movie visually stunning genuinely scary lopez wasted that_NEG amazing_NEG an_NEG actress_NEG anyway_NEG gorgeous vince vaughn even_NEG know_NEG why_NEG he_NEG wa_NEG chosen_NEG his_NEG forte_NEG and_NEG he_NEG overacts_NEG to_NEG boot_NEG tried hard character showed stick comedy vince movie visually frightening watch movie light fall_NEG asleep_NEG right_NEG away_NEG afterward_NEG,positive,negative
have_NEG to_NEG go_NEG to_NEG this_NEG hospital_NEG [_NEG or_NEG hospice_NEG want politically correct as coined asinine phrase direction town george did masterful job playing burned worked cynic come conclusion life waste helpless change environment condition given golden opportunity probably so_NEG golden_NEG anyway_NEG ]_NEG got laugh brutally black comedy time sobered chilled marrow fear atmosphere pervades house healing write,positive,negative
thought film just perfect read movie do_NEG it_NEG justice_NEG plot just doe sound_NEG very_NEG interesting_NEG just rent be_NEG sorry_NEG,positive,negative
witchery just incoherent lamentably scripted horror movie num luckily compensating quality like fantastic gore effect exhilarating musical score terrific casting choice honestly screenplay doe make_NEG one_NEG iota_NEG of_NEG sense_NEG care linda blair exploded hairstyle portrays girl possessed evil power david hasselhof depicts hunky photographer ca seem_NEG to_NEG get_NEG laid_NEG )_NEG in_NEG a_NEG movie_NEG that_NEG constantly_NEG feature_NEG bloody_NEG voodoo_NEG sewn-shut lip upside crucifixion vicious burning overused genuinely creepy tune random people gathered abandoned vacation resort island coast massachusetts young couple investigate place dark history dysfunctional family pregnant linda blair bother father whereabouts considers re-opening hotel yummy female architect simply tagged casual sex forced stay night ramshackle hotel suddenly previous landlady aging actress dress black start taking various engrossing way related intro sequence showing woman accused witchery jump window plot definitely minor importance italian horror franchise started unofficial spin-off evil dead atmosphere occasionally unsettling make-up effect undoubtedly superior element entire film supremely morbid unsettling staring defenseless woman hanging upside chimney waiting fried,negative,positive
help missed view moment want_NEG to_NEG pay_NEG money_NEG to_NEG see_NEG the_NEG whole_NEG film_NEG again_NEG got just train carriage say drink smile happens anymore dialogue action surely doe just_NEG end_NEG there_NEG bit bored film kept hoping better love kristen scott thomas doe remember uk tv series nun wanting know sean penn brilliant madonna eat heart everybody fact film bit predictable star cast ending took surprise really thought burnt boat fan star worth watching,negative,positive
comic strip featured actor young - student based sitcom num comic strip feature included parody western famous num professional - lot funnier having said alexei sayle put good turn traffic cop ambition soundtrack feature great music era num num,negative,positive
udo kier earned like buck free food victory importantly movie tell interesting tale group salvage guy coming broken demeter warn gunna bounce review real quick buckle thing coolio play guy named num num like drug num find bunch casket board know_NEG anything_NEG about_NEG the_NEG future_NEG but_NEG maybe_NEG they_NEG smuggle_NEG drug_NEG in_NEG casket_NEG gunna_NEG say_NEG that_NEG wa_NEG the_NEG craziest_NEG thing_NEG in_NEG this_NEG movie_NEG later vampire get mist filled coffin real hilarity begin movie word dracula actually in_NEG this_NEG movie_NEG theory blue salvage crew ship leave theory dracula board retarded brother orlock dracula told orlock right dracula got hell movie seen leaving orlock play vampire minute movie best film seen know gunna say num get sired embraced huge monologue ejaculating various part erika elaniak body super cool stuff coolio seriously best thing stuff happens movie like casper van dean get work orlock scream lot loses arm kinda lose track rest movie thank god really erika character police bot movie come close ship course ram sun police bot surviving character doomed avoid certain death erika police bot reveals whore bot decide screw die die sun die reason_NEG yep right ship blow real_NEG reason_NEG movie got amazing rating reason coolio god gave academy award black rapper reason did get_NEG a_NEG perfect_NEG ten_NEG is_NEG because_NEG there_NEG wa_NEG a_NEG drop_NEG of_NEG nudity_NEG know thinking judge film lady good easy movie like pretty requires process gore gore monster nudity gore end movie final shock end formula gore monster awesome sucked hard actually did favor staying camera considerate respect nudity a_NEG drop_NEG even_NEG though_NEG there_NEG wa_NEG a_NEG length_NEG conversation_NEG about_NEG ..._NEG well_NEG see_NEG the_NEG above_NEG statement_NEG and_NEG a_NEG for_NEG the_NEG shock/twist_NEG ..._NEG i_NEG certainly_NEG did_NEG see_NEG the_NEG end_NEG coming_NEG count hope hollywood doe think_NEG coolio_NEG gave_NEG this_NEG film_NEG his_NEG all_NEG and_NEG ha_NEG nothing_NEG left_NEG deserves work dracula num,positive,negative
teacher taped showed child care demonstrate teen pregnancy affect people just demonstrated teen pregnancy affect childish jock properly_NEG educated_NEG on_NEG how_NEG sex_NEG work_NEG and_NEG a_NEG whiny_NEG unloved girl throw fruit angry tell_NEG she_NEG wa_NEG with_NEG the_NEG wrong_NEG man_NEG even_NEG if_NEG he_NEG wore_NEG a_NEG sign_NEG stating_NEG he_NEG wa_NEG such_NEG be_NEG surprised_NEG if_NEG the_NEG father_NEG of_NEG the_NEG baby_NEG had_NEG about_NEG eight_NEG girlfriend_NEG in_NEG the_NEG first_NEG edition_NEG of_NEG the_NEG script_NEG stacy carrier baby mother riot oblivious fact daughter past age seemingly unshaken people spy dining room window bobby father best friend dewey obvious rip sean penn character fast time ridgemont high movie horrid simply character believable thank goodness tv limiting public chance viewing,negative,positive
worst movie seen understand_NEG what_NEG dennis_NEG hopper_NEG and_NEG michael_NEG madsen_NEG intend_NEG to_NEG do_NEG in_NEG maybe bill pay best cult happens flashback brings wwii nazi officer hide jewish wife beginning typical serial killer life directed beginning num appears new beattle amazing movie directed num quite sure took week movie heard dennis hopper wife asked divorce saw picture michael madsen mother heart attack actor admitted man yellow baseball hat pathetic,negative,positive
story woman ann death bed daughter nina constance thought past flashback concerning weekend young ann wedding friend lila wedding meet harris impact rest life ups down professional family life remembers true love daughter constance older responsible mother thing nina jump boyfriend boyfriend job job unsure direction life good period movie great dress hair car house really time place quality acting movie vanessa redgrave quite good portraying main character fragile mental state life come end claire dane beautiful doe great job main character young outstanding singer hugh dancy brought lot life character lila brother buddy bad unfortunately thing constantly disrupt story unfolded chemistry young ann buddy great fun dance supposed believe doe really_NEG like_NEG him_NEG more_NEG than_NEG a_NEG friend_NEG and_NEG that_NEG his_NEG pining_NEG only_NEG annoys_NEG her_NEG thought gay thing blue did serve_NEG a_NEG purpose_NEG harris character act wooden creepy genre known harris serial killer unbelievable stretch think girl loved portray guy pretty lame try help grandest problem ann_NEG and_NEG harris_NEG get_NEG together_NEG fall great night sex old dirty gardener shack come home buddy tragic end meet year later misty eyed help_NEG but_NEG wondering_NEG why_NEG movie doe let_NEG you_NEG know_NEG why_NEG they_NEG were_NEG forced_NEG to_NEG marry_NEG other_NEG people_NEG and_NEG so_NEG i_NEG had_NEG a_NEG hard_NEG time_NEG feeling_NEG sorry_NEG for_NEG them_NEG story present fairly boring good daughter bad daughter nina change course movie sure_NEG why_NEG sure_NEG what_NEG convinces_NEG her_NEG to_NEG change_NEG her_NEG life_NEG touching scene daughter connecting coincides old ann dreaming chasing butterfly really lame embarrassing mistake_NEG ''_NEG ann advises statement doe ring_NEG true_NEG with_NEG the_NEG story_NEG doe ring_NEG true_NEG after_NEG seeing_NEG the_NEG movie_NEG and_NEG wishing_NEG they_NEG had_NEG wasted_NEG the_NEG talent_NEG of_NEG such_NEG good_NEG actor_NEG,negative,positive
film modesty based episode take page num th modesty blaise novel called night morningstar describes incident young modesty num book mid twenty film asserts leadership war casino set actual blaise adventure trusted sidekick willi garvin in_NEG the_NEG film_NEG main problem relationship blaise garvin certainly fascinating aspect novel long running comic strip problem film quite simply incredibly boring really just small episode blown screenplay casting okay alexandra staden really_NEG convincing_NEG a_NEG the_NEG heroine_NEG and_NEG actually_NEG too_NEG old_NEG for_NEG the_NEG role_NEG to_NEG play_NEG the_NEG young_NEG modesty_NEG impression film quick dirty solution to_NEG lose_NEG the_NEG right_NEG to_NEG the_NEG blaise_NEG franchise_NEG,negative,positive
excited hyped watching film promos came november looked awesome song quite disappointed went watch film weave num couple multi cast num people huge star worked film think director nikhil advani managed_NEG the_NEG situation_NEG well_NEG and_NEG should_NEG have_NEG had_NEG many_NEG people_NEG in_NEG this_NEG movie_NEG a_NEG this_NEG would_NEG of_NEG made_NEG it_NEG easier_NEG for_NEG him_NEG compared nikhil directorial debut ho naa ho fall quite think nikhil smaller star cast think best factor film song song excellent think song awesome shankar-ehsaan-loy excellent job excellent job year think rating movie excellent song thing disappointed director have_NEG included_NEG nudity_NEG in_NEG this_NEG film_NEG which_NEG is_NEG done_NEG by_NEG sohail_NEG khan_NEG and_NEG isha_NEG koppikar_NEG extremely rude watching family nude comedy something_NEG you_NEG would_NEG want_NEG to_NEG watch_NEG with_NEG parent_NEG think best acting performed salman priyanka overall think alright movie,negative,positive
thing came watching film cast crew sense going budget constraint enthusiasm dedication apparently liked people involved tend like b movie original heart think work actor putting heart usual maybe good direction lead evidently clear part story make coherent watchable piece art critique film say just_NEG rent_NEG a_NEG hardcore_NEG porn_NEG movie_NEG make point did like_NEG the_NEG film_NEG going film hoping lot t patience material plot unenjoyable say movie romantic work softcore porn movie star share soft porn think graduated term writing dialog a_NEG huge_NEG part_NEG of_NEG the_NEG movie_NEG like tarentino film plot decent twist original fun particularly ending a_NEG disappointment_NEG but_NEG a_NEG pleasure_NEG leading man learning complex web feeling understand producer got num film deal hat proving ten thousand dollar pretty far artistic sensibility pride gabriella girl scene nudity likable hot just_NEG airhead_NEG bimbo_NEG erotic science fantasy piece gorgeous nude art limit b-movie land disappointing_NEG,positive,negative
difficult believe basic plot abysmal flick lifted hitchcock perennial classic vertigo edward james olmos played james stewart heart-breaking sean young better poor substitute kim novak,negative,positive
like make clear at_NEG all_NEG religious_NEG atheist richard dorkins contradicting like make known the_NEG sort_NEG of_NEG person_NEG that_NEG argues_NEG against_NEG something_NEG with_NEG philosophy_NEG all_NEG the_NEG time_NEG feel comparing science religion philosophical willing question belief main stream science questioning religious belief wonder richard dorkins spends time think philosophically belief think long hard science religion realise science religion yes fundamental difference way scientific belief held compared religion root faith particular human instinct series richard insists science method right way thinking make sense believe evidence strong dig deep science function realise just irrational religion come faith end faith evidence faith sanity faith sens faith instinct follow pattern recurrence easy_NEG to_NEG explain_NEG but_NEG think_NEG about_NEG how_NEG the_NEG law_NEG of_NEG physic_NEG were_NEG decided_NEG common pattern recurrence aware think human being instinct make believe longer remains certain state place existence just assume blind faith likely stay like example expect_NEG that_NEG gravity_NEG will_NEG suddenly_NEG work_NEG in_NEG reverse_NEG tomorrow_NEG mean pushing matter away supposed attracting reason expect_NEG this_NEG sudden_NEG change_NEG is_NEG because_NEG we_NEG have_NEG known_NEG for_NEG so_NEG long_NEG that_NEG it_NEG ha_NEG always_NEG attracted_NEG a_NEG far_NEG a_NEG we_NEG are_NEG aware_NEG doe mean_NEG that_NEG it_NEG could_NEG do_NEG exactly_NEG the_NEG reverse_NEG tomorrow_NEG or_NEG even_NEG right_NEG now_NEG doe matter_NEG how_NEG long_NEG something_NEG may_NEG stay_NEG in_NEG a_NEG certain_NEG state_NEG or_NEG change_NEG rational_NEG reason_NEG to_NEG make_NEG assumption_NEG about_NEG it_NEG but_NEG we_NEG do_NEG out_NEG of_NEG instinct_NEG ask consider long short time such_NEG thing_NEG know_NEG exactly_NEG how_NEG long_NEG it_NEG took_NEG for_NEG these_NEG supposed_NEG wise_NEG men_NEG to_NEG decide_NEG that_NEG everything_NEG must_NEG be_NEG made_NEG out_NEG of_NEG matter_NEG sound light let consider edge way let say far longer really num num year long period time num year make num num year like incredibly short period time know extreme change called law science trillion year comparison compare thing say long short big small wide heavy light strong weak doubt scientist tell think trusting instinct make sense certainly see_NEG why_NEG it_NEG should_NEG doe mean_NEG that_NEG we_NEG a_NEG humanity_NEG should_NEG necessarily_NEG stop_NEG using_NEG it_NEG mind hypocritical comment richard dorkins said faith irrational process non thinking said instinct describing instinct possess level faith_NEG then_NEG i_NEG do_NEG know_NEG what_NEG the_NEG hell_NEG it_NEG is_NEG time hypocritical talk religion bronze age bronze age myth say like point matter_NEG how_NEG much_NEG scientific_NEG method_NEG have_NEG been_NEG changed_NEG over_NEG the_NEG year_NEG due_NEG to_NEG experience_NEG experiment evaluating pure rule science getting older older time described holy bible science going sick different religion stubborn right wrong looking rude various interviewee just stubborn self fair doe try_NEG to_NEG bomb_NEG religious_NEG community_NEG appreciate hatred certain religious belief generate war respect_NEG his_NEG arrogance_NEG in_NEG his_NEG own_NEG belief_NEG far concerned richard right believe science way scientifically minded think_NEG he_NEG ha_NEG the_NEG right_NEG to_NEG go_NEG up_NEG to_NEG religious_NEG leader_NEG having_NEG unfriendly_NEG argument_NEG trying force opinion virtually describing stupid despite education experience discovery fail wisdom properly question belief read say defence argument open minded atheist self forward state suggests totally missing point finally title documentary root evil state religion root evil true_NEG cause evil religion round documentary series frustrating narrow minded hypocritical flat-out rubbish,negative,positive
bought num dvd num local shop warning movie up_NEG to_NEG the_NEG usual_NEG standard_NEG of_NEG david_NEG selznick_NEG production_NEG cast containing name james stewart carole lombard looking forward real treat commentator said odd mixture plot scene doe quite_NEG convince_NEG glad did view film memorable saying let seed stop enjoying watermelon live sum life pick seed spit swallow - enjoy watermelon - life,negative,positive
film lot comment great view film good bad really want point acting woody harrelson behalf be_NEG in_NEG many_NEG part_NEG of_NEG the_NEG film_NEG appears intro astonished smith woody harrelson message tried create maybe slip entire plot end really understand going a_NEG very_NEG sentimental_NEG person_NEG believe good deed have_NEG remorse_NEG or_NEG pity_NEG behind_NEG it_NEG act redemption many_NEG film_NEG that_NEG in_NEG my_NEG point_NEG of_NEG view_NEG can_NEG show_NEG this_NEG agree person commented film showing act suicide downfall believe_NEG that_NEG is_NEG the_NEG ``_NEG message_NEG ''_NEG the_NEG film_NEG is_NEG trying_NEG to_NEG send_NEG sacrifice bit extreme message opinion film potential acting worth penny script unbelievable person doe really_NEG like_NEG watching_NEG drama_NEG film_NEG ..._NEG if_NEG you_NEG like_NEG drama_NEG this_NEG is_NEG a_NEG must_NEG go_NEG watch_NEG,positive,negative
room-mate ordered web finally got watching gross cheezy pretty dumb lot fun mean fun watching movie like city walking dead age ago like old drive-in theater tell guy movie liked horrible dubbed zombie movie cliche trick film rolled neat suppose like cheeze factor high gore flow laugh roll effect sloppy good guy get torn half guy get heart shoved chest excellent acting go terrible actually pretty good much_NEG plot_NEG just lot lot gore patterned zombie movie italy spain think linger gross scene forever like movie like troma movie cheezy b-grade stuff wrong_NEG watching_NEG this_NEG one_NEG nice way waste friday night,positive,negative
having holiday hong kong just saw gen y cop cinema say sooo cool wish basically just ya gon na friend send vcd come bad thing dodgy american style talking employed hl actor like edison man did add humour iy hhehe especially ya like following geners hkfilm action comedy sci fi seeitman edison did good song download edison tse - hero,positive,negative
let face got nostalgic sigh just consistently great allowed hiccup new season just power like num -days live like idea wrapping end season episode explain following supposed_NEG to_NEG be_NEG bald_NEG for_NEG a_NEG couple_NEG more_NEG episode_NEG explanation think changed rotation episode re-shoot beginning friend hell cox bald anyways awesome bring num th season,negative,positive
imagine dragnet episode friday gannon typical num den hippie inequity instead giving lecture joe nutshell film working-class bigot rich guy just killed girlfriend drug-dealer boyfriend dated terribly supporting acting stilted interesting watch peter boyle num play joe bigot look like james gandolfini film debut susan sarandon play doe-eyed daughter doe necessarily_NEG hint_NEG at_NEG her_NEG future_NEG greatness_NEG ca take_NEG your_NEG eye_NEG off_NEG her_NEG,positive,negative
say piece brilliant film-making won oscar copy kept safe secure vault posterity required viewing high school student world sam mraovich genius genius greeter grace cinema world art begin millisecond ben arthur completely breathtaking mraovich arthur wow attractive surprised did go_NEG for_NEG mr._NEG universe_NEG contain_NEG myself_NEG during_NEG the_NEG nude_NEG scene_NEG loaned movie brother called phone saying arthur nude scene turned gay totally supportive course film beautifully crafted lesson tolerance just yesterday burned church wrote sam arthur smoldering ash cinematography best thing film fed-ex plane took sky amid palm tree vermont wept even_NEG knew_NEG they_NEG had_NEG palm_NEG tree_NEG in_NEG vermont_NEG or_NEG that_NEG people_NEG could_NEG travel_NEG on_NEG fed-ex_NEG plane_NEG before_NEG this_NEG film_NEG opened eye new realm possibility film inspired enroll sam mraovich school screen writing acting directing composing casting producing production design real estate just want say thank mraovich thank bringing creation world re-pay_NEG you_NEG enough_NEG,negative,positive
just watched latest version macbeth pleasantly surprised solid acting obvious effort turn low budget historical piece fully fledged watchable movie note music lame added intensity film sounded like keyboard bunch sampler opposed orchestral score think paul farrer need act,negative,positive
spoiler really scare killer shark maybe ghost trying bring message maybe chainsaw wielding psychopath maybe fear even_NEG compare_NEG to_NEG a_NEG horror_NEG which_NEG people_NEG dare_NEG even_NEG speak_NEG of_NEG or_NEG consider_NEG --_NEG and_NEG that_NEG is_NEG the_NEG death_NEG of_NEG one_NEG 's_NEG own_NEG child_NEG pet sematary tap base primal adult fear take place bear_NEG to_NEG explore_NEG read comment film include poor acting character making stupid decision disagree acting actually rate film like maybe impossible imagine desperation resulting scenario film event only_NEG logical_NEG absolutely inevitable scenario possible true horror pet sematary that_NEG pet_NEG and_NEG people_NEG come_NEG back_NEG from_NEG the_NEG dead_NEG a_NEG evil_NEG killer_NEG who_NEG hunt_NEG with_NEG knife_NEG and_NEG scalpel_NEG lost child desperate commit crime louis creed doe despite warning past history movie take willing depth desperate human heart heart protector trying make being_NEG able_NEG to_NEG protect_NEG result horrifying fact film dive slasher territory near end letdown believe perfectly logical got true horror fan contend scariest horror film think_NEG so_NEG child,positive,negative
film capture short moment mother son rural russia lay dying torn nice film declaring test patience hand film beautiful sparse dialog capturing essence feeling really say need said conveyed word son show care love patience mother think celebration unconditional love family cruelly reminds situation like stuck joyless place having care ill person mat syn cruel reality hand mat syn move really slowly really need watch train passing horizon num minute previous experience telets aleksandra tempted mat syn total bore guess right state mind appreciate film surely beauty maybe in_NEG the_NEG right_NEG state_NEG of_NEG mind_NEG,negative,positive
to_NEG long_NEG after_NEG jeff_NEG jarrett_NEG left_NEG the_NEG wwf_NEG for_NEG good_NEG he_NEG spoke_NEG of_NEG that_NEG night_NEG owen hart good friend num nd generation wrestler jeff remark literally pushed curtain lifeless friend body wheeled past debra mcmichael steve austin ex wife steve mondo mcmichael ex wife owen hart fell video promo ring darkened blue blazer owen hart promo played fall video owen ring showed_NEG on_NEG tv_NEG news photo got posted came video promo jim ross talking crowd shot stated owen hart blue blazer fallen doe look_NEG good_NEG lawler came ring face ashen told jim situation critical paramedic working hard revive rock hhh going match private room referee came told owen fell knowing owen hart constantly prankster thought real_NEG later stated look referee face said fact fell mentioned post yelled referee ring announcer brother bret hart plane heading la angle tonight get_NEG any_NEG of_NEG the_NEG plane_NEG phone_NEG to_NEG work_NEG captain got message home happened landed la eric bishoff told happened charter flight kansa city morgue bret later owen widow martha went arena owen standing police foul_NEG play_NEG formerly_NEG closed_NEG a_NEG a_NEG accident_NEG information bret hart book book martha hart,negative,positive
mention really enjoyed ishii katsuhito previous film samehada otoko momojiri onna shark skin man peach hip girl owed debt tarentino pulp fiction ishii cast task carrying story entire film crackled energy scene asano tadanobu gashuin tatsuya particularly engaging action intrigue bizarre characterization sex thing interesting utterly unpredictable story line certain anticipation optimism began watch party num enthusiasm certainly piqued opening credit left wife actually stunned dynamic exciting mix anime live-action work brilliant actual movie started actually did so_NEG much_NEG ``_NEG start_NEG ''_NEG a_NEG sort_NEG of_NEG shuffle_NEG in_NEG the_NEG side_NEG door_NEG and_NEG stand_NEG there_NEG fumbling pocket looking uncomfortable entire film take place room futuristic voyeur paradise borrowed bit shark skin man travel agent office far used seedy hotel room room cast seven character meet doe approximately really stranger_NEG to_NEG ``_NEG talking_NEG ''_NEG film_NEG all-time favorite dinner andre talkiest talking film dinner andre far exciting just middle-aged men discussing life dinner key andre gregory wallace shawn tell interesting story cast party num literally just whine entire film yes really yes really really really yes really idea hope wish directer party num unbelievably unengaging film flimsiest plot money stolen yakuza just like shark skin man accompanied action_NEG interesting_NEG dialog_NEG character largely uninteresting ishii took throwaway conversational moment tarentino film built entire film tarentino conversation internal logic wit cheese so_NEG with_NEG the_NEG dialog_NEG here_NEG duller imagine for_NEG the_NEG brief_NEG hilarious cameo gashuin marvelous low-key performance awesome asano tadanobu given party num single star really chore make way,negative,positive
movie so_NEG good_NEG a_NEG i_NEG thought_NEG it_NEG would_NEG be_NEG story_NEG whatsoever_NEG character_NEG and_NEG some_NEG dialog_NEG would_NEG have_NEG been_NEG nice_NEG gore effect good get quite bloody time start autopsy man scene girl start music classic score fit movie num minute version time character development feel sorry person autopsy table info mortician movie far scarier expect_NEG a_NEG scary_NEG movie_NEG but_NEG a_NEG nice_NEG gory special effect reel,negative,positive
admittedly al pacino guilty pleasure fine actor scent woman apparently overdosed irreparably hoped film heard growing nice little gem overlooked ahead-of-its-time intelligent engaging city-political thriller city hall movie cloud plot character name realistic citywide issue think plot scope broad implicating truth blow mind truth subplots digression result ultimately fairly tame familiar urban story trademark corruption power two-faced politician mafia police tie theoretically setup allows thrilling tension fear character safe happen really doe unfortunately thing happen quite predictable left confession monologue meant form modern fable sort lesson moral ambiguity real world politics society num minute name missing report spider-web lie cover-ups audience usually treated somewhat satisfying reveal think_NEG we_NEG 're_NEG left_NEG with_NEG that_NEG in_NEG city_NEG hall_NEG film find_NEG it_NEG altogether_NEG rich_NEG,negative,positive
totally forgettable movie unbelievable soundtrack soundtrack num num cd guitar work nil lofgren superb saw movie year ago check imdb remember obsessed getting soundtrack replace range dose gospel song written arranged produced performed nil lofgren lead guitarist opposite steve van zandt e street band dude play vocal handled nil ca sing_NEG very_NEG good-too_NEG raspy_NEG )_NEG bonnie sheridan great singer tom lepson,negative,positive
hate reading review say like waste_NEG your_NEG time_NEG film stink ice doe reviewer sort charm like series film watchable like num s noirish film watchable film a_NEG good_NEG opinion earlier series entry starred richard dix protagonist slower plot trite seen narrative device used film usually better acting good lighting dialog just lacking energy likely figure exactly going going come end more_NEG than_NEG a_NEG quarter_NEG of_NEG the_NEG way_NEG through_NEG series semi-noir character mood lighting camera movement angle important story film noir_NEG light weight hollywood innocent richard dix character those_NEG of_NEG any_NEG of_NEG his_NEG lady_NEG in_NEG the_NEG previous_NEG film_NEG had_NEG to_NEG come_NEG to_NEG a_NEG good_NEG end_NEG just knew_NEG until_NEG the_NEG end_NEG recommend single viewing watched twice got reasonable enjoyment time,positive,negative
improvisation used groundbreaking degree film function novelty greater_NEG truth_NEG about_NEG the_NEG situation_NEG is_NEG got_NEG by_NEG asking_NEG the_NEG actor_NEG to_NEG improvise_NEG performance improved_NEG by_NEG improvisation_NEG actor twice worry only_NEG whether_NEG they_NEG 're_NEG delivering_NEG the_NEG line_NEG well_NEG line good performance robert altman film really hestitant - actor really_NEG confident_NEG saying_NEG line_NEG which_NEG they_NEG 've_NEG made_NEG up_NEG sure_NEG are_NEG any_NEG good_NEG quite honestly very_NEG good_NEG dialogue doe really_NEG follow_NEG from_NEG one_NEG line_NEG to_NEG another_NEG fit surroundings crackle unpredictable youthful energy - honestly hard follow concentrate meander badly fascinating raw piece film commendable num taking power green light street generally great thing joke example dancer sort dancer like ballet dancer oh ..._NEG exotic_NEG party scene following trip park scene boy looking statue num num say_NEG they_NEG 're_NEG worth_NEG num_NEG hour_NEG of_NEG your_NEG time_NEG,positive,negative
admirably odd mean-spirited comedy-drama strange young man hope fly like bird houston astrodome robert altman-directed quasi-comedy eccentric character overloaded weirdo start creak early weight cinematography evocative shelley duvall stitch debut tour guide sally kellerman look inch glamourpuss bud cort vision mother bird imagine altman producer lou adler explaining role lead bud cort -- harold maude -- true original off-putting_NEG like_NEG say michael pollard cort manages geeky wacky inoffensive tough act pull unfortunately altman misfire cast showpiece like one_NEG else_NEG let fired misguided inspiration spiral downward,negative,positive
star probably make head imdb -list apparently tremendously popular tv series least_NEG because_NEG of_NEG the_NEG enthusiastic_NEG comment_NEG on_NEG this_NEG website_NEG decided purchase dvd edition series usually british humour suit just fine gave middle second instalment according comment bit know according comment definitely lack sense humour laugh like crazy watching re-watching fawlty tower black book albeit faintly thematically related different reaction mere generation thing difference pointed fawlty tower black book set business meant sustain owner financially business successful_NEG but_NEG seem_NEG _NEG by_NEG a_NEG miracle_NEG _NEG to_NEG survive_NEG fawlty tower funny protagonist deal situation cope_NEG with_NEG funniness lie fact make effort succeed laughing feel sorry black book situation_NEG just owner pass time feeling sorry situation threatens arise quickly shooed away remarkable fast subject dropped protagonist turn entirely different produce additional joke telling joke very_NEG good_NEG one_NEG -_NEG seems_NEG to_NEG be_NEG all_NEG black_NEG book_NEG is_NEG about_NEG bookstore hardware store job just stop wait bookshop veneer rudeness vulgarity arrogance protagonist supposed delicate cultured some_NEG lowbrow_NEG gorilla_NEG but_NEG bumbling_NEG semi-intellectual_NEG loser_NEG hey like manner series make claim way explain success remarkable protagonist action special economically unrealistic living condition viewer maybe envy protagonist narcissistic vapid convey sense belonging companionship trademark time world presently living recently watched tittybangbang fairly new british tv comedy uproariously funny quite tasteless xenophobic purpose hitting bull eye social criticism humour mainly created situation character purpose low rating imdb indicate brand humour in_NEG keeping_NEG with_NEG the_NEG time_NEG glad alive kicking hope continue,negative,positive
saw movie recently num hour later head hurt laughing plot soo awful joke soo bad did count_NEG on_NEG were_NEG num num scene movie pat jay posing caused laughter num kick windshield decapitated evil-doer movie num time better rush hour series copy came disclamer saying did like_NEG the_NEG movie_NEG send certificate hbo considered date send january num caused wackiness ensue,positive,negative
blair witch-war movie letdown bwitch title say save money time spend good movie time america shawshank redemption enemy gate want watch great war movie movie baseball team major league pinnacle single rookie movie high school ball filmed high school drama club filming daddy old camera sure went hostile area make film call_NEG that_NEG brave_NEG plain stupid pas way watch tell think,negative,positive
herculis puaro general established know book movie movie story work_NEG and_NEG i_NEG felt_NEG it_NEG agatha_NEG 's_NEG mistake_NEG cast good_NEG actor exaggerating making foolish gesture costume clean tidy arab clothes look fake spectator think twice movie seen comedy instead mystery drama actor playing herculis puaro doing nice job fantastic scene said perfect looking fake story very_NEG enchanting_NEG although_NEG a_NEG mystery_NEG of_NEG murder_NEG but_NEG who_NEG care_NEG about_NEG the_NEG death_NEG of_NEG a_NEG loony_NEG and_NEG vicious_NEG blond_NEG num_NEG +_NEG woman_NEG in_NEG the_NEG iraqi_NEG desert_NEG likable_NEG,negative,positive
family movie ca imagine_NEG having_NEG much_NEG appeal_NEG to_NEG anyone_NEG over_NEG about_NEG num_NEG group sibling discovers sand fairy yes really conveniently located end not-so-secret passage country home eccentric uncle evacuated london blitz sentence story role magic childhood danger getting wish fulfilled issue examined way interesting adult instructive child vice versa reason think watching starkly freddie highmore outstanding talent stand rest mediocre performance,negative,positive
subject notwithstanding amateur exhibitionist movie -- effort -- interesting daring moody high school student composition book death poetry sure disturb viewer hell-bent disturbed success attributable to_NEG the_NEG director_NEG genuinely somebody skin requires sensibility discipline technique talent eye ear film doe contain evocative image shown used video case development_NEG leading_NEG up_NEG to_NEG or_NEG away_NEG from_NEG it_NEG director eye seen possible starting point interesting movie -- movie,negative,positive
diana muldaur appears star trek second time time different character one_NEG on_NEG board_NEG seems_NEG to_NEG notice_NEG --_NEG maybe_NEG it_NEG wa_NEG the_NEG hair_NEG regardless time the_NEG receptacle_NEG for_NEG a_NEG god_NEG (_NEG see_NEG the_NEG previous_NEG episode_NEG )_NEG but_NEG is_NEG a_NEG very_NEG famous_NEG lady_NEG with_NEG magical_NEG power_NEG that_NEG enable_NEG her_NEG to_NEG communicate_NEG and_NEG see_NEG a_NEG medusan_NEG without_NEG going_NEG crazy_NEG (_NEG the_NEG standard_NEG human_NEG response_NEG )_NEG unfortunately man love card short deck try kill medusan ambassador oddly life small crate -- lousy way travel unfortunately muldayr wound_NEG all_NEG that_NEG well_NEG herself_NEG happens kind dumb time episode time saw pretty relieved watching men board ga-ga muldaur pretty silly acting spock briefly went crazy pretty campy favor -- seen_NEG the_NEG show_NEG before_NEG pick different episode,negative,positive
im sure doesnt need money life saving operation transplant honesty think review qualifies better movie thanks listening,negative,positive
review bad taste all_NEG quite_NEG there_NEG ..._NEG it_NEG so_NEG funny_NEG genius fantastic watch eye square to_NEG mention_NEG the_NEG rest_NEG of_NEG the_NEG work_NEG he_NEG ha_NEG done_NEG on_NEG the_NEG rest_NEG of_NEG the_NEG series_NEG ..._NEG all_NEG is_NEG a_NEG good_NEG a_NEG morris_NEG '_NEG standard_NEG think think thing say hell thanks said think way people complaining complete joke like make shout people actually did you_NEG got_NEG anything_NEG better_NEG to_NEG do_NEG with_NEG your_NEG time_NEG trying prove thanks reading heart-filled review matter cheer,positive,negative
blob qualifies cult sci-fi film only_NEG because_NEG it_NEG launched_NEG num_NEG -year_NEG old_NEG steve_NEG mcqueen_NEG on_NEG a_NEG trajectory_NEG to_NEG superstardom_NEG exploited popular theme alien invasion teenage delinquency inseparable num interestingly kay linaker theodore simonson screenplay refers amorphous scarlet-red protoplasm plummeted earth meteor menaced everybody small town downingtown pennsylvania friday night blob steve mcqueen won role josh randall old west bounty hunter wanted dead alive producer dick powell saw paramount picture release mcqueen attractive girlfriend aneta corsaut went star opposite andy griffith andy griffith sheriff taylor school teacher girlfriend helen crump course mcqueen corsaut_NEG were_NEG teenager_NEG rarely did actual teenager play actual teenager director irvin yeaworth directorial debut blob linaker simonson screenplay synthesized genre alien invasion second teenage delinquency murder mystery fourth horror chiller gelatinous substance assumes various shape remains largely anonymous word eponymous jell-o talk communicates_NEG by_NEG telepathy_NEG instead kill qualm discriminates tone blob fairly spite somewhat campy nature filmmaker point criterion dvd release blob movie open uncharacteristically sci-fi horror thriller hero heroine remote rural locale making kissing jane anita corsaut steve steve mcqueen large meteor fall earth drive old man find meteor prod stick meteor crack open slimy bunch goop cling stick old timer olin howland paleface get closer look goop attache hand old guy run screaming crater steve nearly hit jalopy steve jane pick guy hallen town hallen poised leave town medical conference steve jane bring old guy office hallen phone nurse return need perform amputation course hallen seen_NEG anything_NEG like_NEG the_NEG substance_NEG on_NEG the_NEG man_NEG 's_NEG forearm_NEG hallen sends steve jane happened hero run group teenager ridicule steve fast driving steve fool reverse drive race local police chief dave earl rowe let hook steve teenager visit site meteor crater warm remains meteor visit old man house rescue dog teenager split spooky late night movie steve jane return hallen office interim blob entirely absorbed old geezer killed hallen nurse attacked doctor acid thrown protoplasm hallen_NEG 's_NEG shotgun_NEG have_NEG any_NEG effect_NEG on_NEG the_NEG blob_NEG steve catch glimpse blob absorbing hallen steve jane police department report incident dave frankly incredulous sergeant bert john benson belief prank bert axe grind teenager wife died struck car steve jane hallen office hide hair_NEG of_NEG anybody_NEG dave admits office vandalized sgt bert advice dave turn teen respective parent sooner_NEG have_NEG steve_NEG and_NEG jane_NEG fooled_NEG their_NEG folk_NEG into_NEG believing_NEG that_NEG they_NEG are_NEG snugly_NEG asleep_NEG in_NEG bed_NEG than_NEG they_NEG venture_NEG out_NEG again_NEG drive town spot old man dog got away supermarket retrieve mutt steve step electric eye door grocery store open inside encounter blob steve jane refuge freezer blob doe attack_NEG them_NEG later escape steve persuades teenager challenged street race alert authority supposed home bed police chief dave department arrive supermarket steve try convince dave blob store time blob kill theater projectionist attack moviegoer suddenly horde people exit theater dave belief steve steve jane wind lunch counter blob attack proprietor hero hole cellar steve discovers extinguisher freezing content force blob authority collect extinguisher town manage freeze blob pentagon sends team transport blob north pole remains blob drift polar ice pack end credit appears ghostly giant question mark producer james harris obtained stock military footage globe master military transport plane depositing parachute cargo blob proved drive-in hit steve mcqueen surge stardom gave film added momentum unless juvenile little horror movie scary_NEG at_NEG all_NEG yeaworth scenarist create sufficient paranoia sympathy hero show_NEG the_NEG blob_NEG actually_NEG assimilating_NEG it_NEG victim_NEG and_NEG leave_NEG this_NEG to_NEG your_NEG imagination_NEG blob without_NEG a_NEG modicum_NEG of_NEG subtlety_NEG,positive,negative
altman fan sought movie year thinking great cast marginally brilliant big mistake altman big-cast mishmash thrown haphazardly improvisationally feel hope come editing room doe maltin point turkey notable debut performance alfre woodard outshines vet avoid cost pretty easy -- been_NEG released_NEG on_NEG video_NEG --_NEG to_NEG my_NEG knowledge_NEG --_NEG and_NEG it_NEG cable_NEG appearance_NEG have_NEG the_NEG frequency_NEG of_NEG halley_NEG 's_NEG comet_NEG,negative,positive
seen followed hartley public work year think used fiction told true story elevated obscure philosophical mind game entertaining fay grim step henry fool line thinking movie reflects quality object movie henry fool object memoir fay grim object encrypted memoir - stolen forged trans-mutated obscure ca really_NEG make_NEG any_NEG sense_NEG -_NEG i.e_NEG process script writing film-making modern era - blockbuster film little mash-up past philosophical sense fay grim object tragedy shock dull hinted opening scene publisher office said movie best point lost understand_NEG henry_NEG 's_NEG character_NEG and_NEG the_NEG significance_NEG of_NEG the_NEG memoir_NEG being_NEG looked_NEG for_NEG henry thinly veiled devil visiting simon modern faust understanding tragic henry character quality fay grim plot story lost enough_NEG 'detail_NEG '_NEG expressed_NEG through_NEG verbal_NEG flashback_NEG -_NEG knowing_NEG the_NEG plot_NEG of_NEG henry_NEG fool_NEG can_NEG compare_NEG to_NEG 'feeling_NEG '_NEG the_NEG quality_NEG of_NEG the_NEG character_NEG a_NEG one_NEG did_NEG in_NEG henry_NEG fool_NEG think walk movie cold num minute response highly constructed dialog henry fool favorite hartley film realized bad - putrid infested - precisely henry fool confession bad just_NEG raunchy_NEG or_NEG dirty_NEG inescapably broken henry even_NEG be_NEG a_NEG proper_NEG villain_NEG -_NEG and_NEG this_NEG is_NEG perhaps_NEG the_NEG tragic_NEG flaw_NEG that_NEG make_NEG him_NEG most_NEG endearing_NEG ..._NEG like_NEG gollum_NEG in_NEG tolkien_NEG 's_NEG work_NEG henry pitiable doe come_NEG across_NEG in_NEG fay_NEG grim_NEG henry dialog excellent doe come entire movie constructed encryption - sort molding plot end bad story add henry confession interesting twist ca really_NEG be_NEG digested_NEG without_NEG viewing_NEG the_NEG first_NEG film_NEG showing henry earlier better having publisher basic storyline movie - plot really_NEG what_NEG the_NEG first_NEG movie_NEG wa_NEG about_NEG -_NEG unless_NEG perhaps_NEG one_NEG is_NEG a_NEG casual_NEG observer_NEG encryption hard say little disappointed sex gimmick cheesy,positive,negative
opinion better num num version all_NEG that_NEG good_NEG feel dated probably doe stand compared bbc num period piece mansfield park northanger abbey length adaptation allows better adaptation book num num version st john river covered very_NEG well_NEG timothy dalton good rochester actress playing jane old definitely scope tv adaptation length tenner spent,positive,negative
much_NEG in_NEG the_NEG way_NEG of_NEG spoiler_NEG a_NEG plot_NEG to_NEG reveal_NEG guess happens nonsensical film seen simply word_NEG to_NEG describe_NEG this_NEG movie_NEG bizarre ridiculous ego trip pretty close opening half hour really really weird music video absolutely plot_NEG or_NEG continuity_NEG apart mj fall previous highlight film section mj flying merry-go-round aeroplane half-arsed bond intro reject section cut yellow submarine dear lord make_NEG this_NEG up_NEG )_NEG little hour remaining film begin lot claymation really creepy spotting hero chasing looking autograph obviously leaf mute discounting song lead somewhat worried manages temporarily lose fortunate mean witness falling star making_NEG this_NEG up_NEG turn claymation rabbit us cunning disguise try sneak past reason ca recall_NEG right_NEG now_NEG oh creepy chase begin cue song big shock shortly end chase mj brings rabbit life busted policeman middle desert apparently illegal dance rest film equally strange highlight including mj cleaning bar tune smooth criminal including shooting man finger only_NEG killing_NEG the_NEG guy_NEG burning shadow wall la nuclear fission weapon good moment mj seeing mr big joe hell happened career point peschi kidnap child friend magically creates tommy gun moment violence pepper film seemingly random open move final moment shall mention mj surrounded mr big private army seriously guy dozen people working decked like commando unit mobster guess doe turn robot complete weapon shield transformation make backed corner run film quite quite surreal little way plot virtually continuity_NEG,positive,negative
especially watching matrix reloaded spoiler seeing matrix ridiculous fantasy make-believe-robotic character super power refreshing action movie real people situation involved actual risk cared people stunt bit left feeling like possible verse stupid video game like matrix movie brain_NEG surgery_NEG straight forward thing predictable- like knowing going back-stabber early going die pretty obvious num minute set reason motive main objective like theron walhberg did have_NEG any_NEG make-out_NEG scene_NEG glad did go_NEG there_NEG kept funny dialogue especially seth greene guy funny movie buy come dvd fun fast entertaining thing guess big thing really - rooting bad guy group protaganists wrong law a_NEG good_NEG message_NEG for_NEG the_NEG kiddy_NEG -_NEG parent_NEG explain,positive,negative
laurel hardy purist offended gentle film excellent way introduce child pleasure classic l bronson pinchot gailard sartain acquit reasonably comedy duo reasonably good supporting cast enjoyed,negative,positive
dislike movie understand plot poor acting opinion better halloween num doe give_NEG many_NEG surprising_NEG moment_NEG scene really directed moment deliver_NEG the_NEG reason_NEG to_NEG rent_NEG it_NEG despise_NEG violence_NEG in_NEG movie_NEG h num feature extraordinary strong bloody scene fit_NEG to_NEG the_NEG tradition_NEG of_NEG the_NEG halloween-movies_NEG sucking aspect h num lack tension comparison_NEG to_NEG the_NEG first_NEG masterpiece_NEG halloween num get num num star want rent expect_NEG a_NEG great_NEG horror-experience_NEG ...._NEG,positive,negative
agreeable boy paper nonsense sprightly performance cushing amusing rubber monster colourful jungle set ever-welcome appearance caroline munro animal skin,positive,negative
lulu louise brook work typist missing life enters miss france contest wish boyfriend andre george charlia win set miss europe title leaving boyfriend win return home andre asked life mundane night writes note leaf experience fame waiting miss europe andre follows film silent film piano music-track way sped-up fast limited dialogue added phony cast alright bearing mind silent film best film come end story go little long watching really_NEG sure_NEG what_NEG the_NEG big_NEG deal_NEG wa_NEG over_NEG the_NEG look_NEG of_NEG louise_NEG brook_NEG -_NEG she_NEG ha_NEG a_NEG terrible_NEG haircut_NEG that_NEG make_NEG her_NEG face_NEG look_NEG fat_NEG need_NEG to_NEG watch_NEG it_NEG again_NEG,negative,positive
orson welles num documentary f fake examines trickery fraud mainly focusing men exposed fraud clifford irving biographer wrote allegedly fraudulent howard hughes autobiography purport innocence main subject film artist elmyr hory man spent life painting fake famous masterpiece selling museum real work original artist interspersed story bit welles doe magic trick illustrate point address fact career began fraud lied resume created radio sensation war world really wanted love film profound welles devotee bring_NEG myself_NEG to_NEG do_NEG it_NEG problem lied fact just_NEG non-linear_NEG completely scattered appreciate stylish editing quick jump zoom particularly used unusual format documentary simply going f fake created distraction opposed lending style story clear comprehensive think editing probably have_NEG been_NEG a_NEG annoying_NEG scattered storytelling obnoxious fact truly interesting subject particularly elmyr hory artistic fakery brings topic fraud art world truly able determine authenticity certain work work authentic_NEG doe say admire piece museum documentary say shot be_NEG afraid_NEG to_NEG turn_NEG it_NEG off_NEG if_NEG you_NEG 're_NEG enjoying_NEG it_NEG certainly discombobulated documentary seen cross documentary art film experimental film properly represented isolated have_NEG any_NEG lesser_NEG opinion_NEG of_NEG welles_NEG after_NEG seeing_NEG it_NEG certainly opinion doe stand_NEG out_NEG a_NEG a_NEG glowing_NEG specimen_NEG in_NEG his_NEG oeuvre_NEG num num -- shelly,negative,positive
mountain japan forlorn young artist sessue hayakawa tatsu aka dragon painter paint magnificent landscape prays divinity restore belief changed dragon num num year ago tokyo forlorn older painter edward peil kano indara lament having_NEG a_NEG son_NEG to_NEG carry_NEG on_NEG his_NEG family_NEG line_NEG of_NEG artist_NEG peil see hayakawa painting see painter worthy son disciple hayakawa fall love peil daughter tsuru aoki ume-ko believing reincarnation long lost princess love fulfilled hayakawa loses ability paint introduction note dragon painter originally released num haworth picture hollywood-based production company formed previous year sessue hayakawa japanese-born actor enjoyed great popularity silent period film ninth twenty-two feature produced haworth tailored hayakawa talent stock company japanese actor fortunately print film france restored description dragon painter fantasy-allegory love creative inspiration lost longing fulfilled accurate production hayakawa intended provide different view japanese culture american audience avoiding stereotyping violence melodramatic conflict expected film period hayakawa successful goal film probably did and_NEG will_NEG appeal_NEG to_NEG most_NEG viewer_NEG the_NEG best_NEG example_NEG of_NEG it_NEG intent_NEG dragon painter num num num william worthington sessue hayakawa edward peil tsuru aoki,negative,positive
read approximately num review film taken_NEG any_NEG of_NEG them_NEG ``_NEG to_NEG heart_NEG ''_NEG harrison ford criticized haircut earring really see_NEG what_NEG any_NEG of_NEG these_NEG thing_NEG have_NEG to_NEG do_NEG with_NEG the_NEG film_NEG recall bad hair plus bad review blade runner favorite videophiles slower majority previous film worthy_NEG of_NEG the_NEG trashings_NEG it_NEG ha_NEG received_NEG gladly pay num num just watch bald harrison ford mow lawn,positive,negative
oh box description thought la-crazy like num day valley hugo pool ulrich seidl strong man directing driven cliff committed mass murder confess watching half hour reading comment lot look forward professional review mention swedish film song second floor parallel graced humor fantasy unrelenting dour realism hath marshall plan eu wrought seeing theater know resulted enforced departure fewer minute got dvd annoying creature universe jar jar binks - hitchhiker hell happens enough_NEG soulless suburbia thought existed arizona florida thrives lower austria oh thought sex club ceased exist new york san francisco suburban shopping mall mahatma gandhi jawaharlal nehru said asked western civilization nice idea world truly like film bring black hole ready,positive,negative
genre cartoon short dialogue_NEG african girl lion main character inki lion minah bird happens lion want eat african girl called inki confusing minah bird inki lion message erm thought agree lee eisenberg mean poor african people - like main character inki african girl quite nice main character portray rudely make younger audience like_NEG her_NEG very_NEG much_NEG just_NEG because_NEG she_NEG 's_NEG hunting_NEG grrr charles m jones like_NEG the_NEG lion_NEG very_NEG much_NEG and_NEG i_NEG think_NEG the_NEG minah_NEG bird_NEG is_NEG all_NEG right_NEG (_NEG i_NEG suppose_NEG )_NEG personally prefer charles jones looney tune cartoon future want watch recommend website youtube just type inki space main page wish charles jones nicer inki short recommended people interested old cartoon people just messing tube,negative,positive
like horror fan force fed banal big budget hollywood remake mtv high school slasher tripe num year original horror genre movie tick right box want hot lead actress want vampire want cool weapon want cool vehicle want blood lot bucket load - got excellent fight choreography supporting role hammer horror scream queen stephanie beacham really fantastic stuff despite low budget opting use num mm stock adding quality cg effect mix director james eaves created feel bigger old school horror fan,positive,negative
num year old guitarist year band fight foul-ups rotten food worse accommodation travelling little money_NEG drunk high club fan music worth just like strange fruit damn old arthritis hand hip mean more_NEG rocking_NEG length video came bird brawl booze young just like billy connolly voice god like num stuff rock forever,positive,negative
seen film time variety short-film festival cause impression seen movie trailer school-film produced directed story needed bigger interesting film character named tim watcher needed in-dept approach lack portuguese short film - script superficial liked movie parabens congratulation,negative,positive
rabbit fever film oddity enjoyable num minute demand little viewer delivers terrestrial television channel prime time slot think rabbit fever received make wonder pushed cinema movie filmed style television documentary introduces num woman addictive relationship rabbit vibrator film primarily focused investigating supposed addictive quality famous sex aid product narrative num tongue cheek storyline strong introduction rounded likable character enjoyable back-story peripheral character situation develops engaging story pleasing conclusion sadly feel clever new rabbit fever sharp moment switch hint writer capable credit just_NEG num_NEG minute_NEG of_NEG knob_NEG gag_NEG and_NEG innuendo_NEG probably watch mother laziness scene hold moment went want outrageous dollop sit-com chuckled left theatre feeling empathy character left bitter thought taken num minute reel tv light entertainment tried national cinema think rabbit fever achieves set quirky subject rounded storyline presented cast good diversion num minute justify extravagance movie theatre environment quite opposite - commercial break given viewer chance grab breath life rabbit fever lack,negative,positive
seen star war return jedi know good movie seen video party end just probably end movie party a_NEG spirit_NEG or_NEG anything_NEG but_NEG on_NEG the_NEG original_NEG one_NEG (_NEG live_NEG tv_NEG )_NEG when_NEG they_NEG are_NEG partying_NEG but_NEG before_NEG i_NEG say_NEG more_NEG when_NEG ben_NEG obi-wan_NEG dy_NEG in_NEG the_NEG imperial_NEG ship_NEG or_NEG death_NEG star_NEG they_NEG saw_NEG him_NEG disappear_NEG and_NEG yoda_NEG dy_NEG from_NEG either_NEG old_NEG age_NEG or_NEG internal_NEG illness_NEG but_NEG because_NEG luke_NEG killed_NEG darth_NEG vader_NEG (_NEG real_NEG name_NEG anakin skywalker partying end luke stop spirit ben yoda stand starring smiling spirit appears darth vader a_NEG a_NEG sith_NEG a_NEG the_NEG old_NEG usual_NEG selve_NEG off_NEG him_NEG and_NEG started_NEG smiling_NEG with_NEG ben_NEG and_NEG yoda_NEG i_NEG reckon_NEG that_NEG made_NEG the_NEG movie_NEG ending_NEG a_NEG little_NEG bit_NEG interesting_NEG but_NEG the_NEG producer_NEG or_NEG anyone_NEG should_NEG off_NEG made_NEG a_NEG spirit_NEG off_NEG padme_NEG and_NEG mace_NEG windu_NEG and_NEG other_NEG jedis_NEG that_NEG got_NEG killed_NEG with_NEG younglings_NEG under_NEG there_NEG arm_NEG in_NEG the_NEG back_NEG ground_NEG,positive,negative
good earth a_NEG great_NEG film_NEG by_NEG any_NEG mean_NEG way ordinary maybe different num want life farmer very_NEG interesting_NEG to_NEG me_NEG yes luis rainer paul muni excellent job acting film dragged way long told ending movie act short wang lung muni small time farmer doe want_NEG to_NEG be_NEG like_NEG his_NEG own_NEG father_NEG turn_NEG out_NEG exactly_NEG like_NEG him_NEG falling love wife just death bed film doe complete num going generation film did have_NEG any_NEG good_NEG character_NEG actor_NEG or_NEG funny_NEG moment_NEG just depressing stuff lasting farmer time crisis,negative,positive
saw animation time num maybe really impressed completely different style compared japan animation kinda like tho impression movie sinister dark color that_NEG ..._NEG colorous_NEG character talk_NEG much_NEG long_NEG and_NEG boring_NEG conversation_NEG of_NEG this_NEG and_NEG that_NEG (_NEG like_NEG in_NEG ghost_NEG in_NEG the_NEG shell_NEG )_NEG .with_NEG it_NEG dark_NEG picture_NEG view strange beast sense magic look like ancient scandinavian story violence horrendous creator enchanted forest deep cave dwelled dragon throlls orks mysterious hero stop evil,positive,negative
hi saw singing rain remember scene gene kelly dancing rain remember dance number donald make laugh saw royal wedding remember fred astaire dancing ceiling saw jailhouse rock remember title dance number choreographed king missing blockbuster dance number presentation closest chuck mcgowan mere fact talented people stage moving doe make_NEG a_NEG great_NEG dance_NEG film_NEG richard attenborough blame failure pointed camera stage thought good thing yelling people auditioning broadway production entertainment_NEG michael douglas just badly cast western comedy ok michael douglas movie yelling like yell doe work_NEG here_NEG cast good michael course good movie using song stage production thought film time hope tom willett,negative,positive
caught recently noticing james earl jones title better expected course pretty old - num actually decent drama run quick num min showcase good performance james earl jones diahann caroll plot conventional general told perspective single black woman welfare num child trying deal problem persist make interesting view fact script too_NEG sentimental_NEG or_NEG overdramatized_NEG -_NEG it_NEG 's_NEG almost_NEG like_NEG looking_NEG at_NEG a_NEG slice_NEG of_NEG the_NEG past_NEG num style abundance ending kind kooky probably better theatrics,positive,negative
avid fan flashman book george mcdonald fraser looked forward immensely seeing flashy big screen film released sadly huge disappointment - left num year going watch better_NEG the_NEG second_NEG time_NEG mr fraser tremendously skillful writer a_NEG fan_NEG of_NEG his_NEG film_NEG screenplay_NEG work_NEG with_NEG richard_NEG lester_NEG penchant slapstick spoilt musketeer applies tone feel film wrong flashman book uproariously funny part adventure novel seriousness way adventure flashman - involved dangerous situation conveyed novel conveyed_NEG at_NEG all_NEG on_NEG film_NEG due_NEG to_NEG the_NEG it_NEG comedic_NEG style_NEG tremendous shame great film faithful adaptation style book read book filmed article said film star oliver reed rejoiced reed epitome flashman loved role malcolm mcdowell good actor doe fit_NEG the_NEG visual_NEG image_NEG of_NEG flashman_NEG created_NEG by_NEG the_NEG book_NEG (_NEG too_NEG scrawny_NEG looking_NEG flashman supposed big strapping fellow neverheless reed excellent bismarck kill film comedy scene creates true atmosphere book scene flashman kill gautet tom bell great shame production value costume set superb casting generally excellent - just everybody film cast apart malcolm mcdowell possibly directorship richard lester responsible way film recent radio adaptation freedom adapted mr fraser worked quite day flashman justice screen,negative,positive
film noir overused expression come describing film crime drama noir sidewalk end really good example genre briefly overzealous detective andrew accidentally kill no-goodnik work mobster killing blamed father tom tully woman andrew meet fall tierney save dad old sparky andrew capture rest mob turn morally guilty cop driven impulse past father thief killed trying shoot way jail doe excuse_NEG his_NEG action_NEG after_NEG he_NEG accidentally_NEG offs_NEG the_NEG no-goodnik_NEG in_NEG self_NEG defense_NEG immediately go phone report incident hesitates hot water department finish career just wrong moment phone ring andrew partner andrew tell suspect trailing at_NEG home_NEG hide body later disposes slugging watchman dumping body river motivates guy dumb okay job risk committed multiple felony think multiple counted obstruction justice assault disposing body permit littering first-degree mopery bearing false witness neighbor end know_NEG whether_NEG to_NEG root_NEG for_NEG andrew_NEG or_NEG suspect did deserve_NEG to_NEG die_NEG true accident andrew did know_NEG he_NEG wa_NEG a_NEG war_NEG hero_NEG and_NEG ``_NEG had_NEG a_NEG silver_NEG plate_NEG in_NEG his_NEG head_NEG maybe kind ambiguity noir thing characteristic lighting noir involved black-and-white photography murder criminal mystery suspicious woman include charlie chan movie rubric andrew pretty good kind mark macpherson laura gone bitter laugh_NEG rarely smile seated restaurant table gene tierney situation likely prompt smile men sense_NEG of_NEG humor_NEG at_NEG all_NEG wisecrack put-downs shove stoolie cab stoolie say careful hit head andrew riposte okay cab insured andrew kind wooden time role call stubborn humorless determination handle underplaying perfect little twitch blink project thought emotional state guess director otto preminger stopped pronouncing bullet boo-let police poe-lice could_NEG make_NEG up_NEG my_NEG mind_NEG about_NEG gene_NEG tierney_NEG doe alright role tom tully daughter model like marilyn monroe ca separate_NEG the_NEG adopted_NEG mannerism_NEG from_NEG the_NEG real_NEG personality_NEG trait_NEG did tierney actually innocent saintly persona answered phone home did voice sing-along quality screen poor tierney went bad psychiatric stuff effective med bipolar disorder andrew nice guy appears slipped alcoholism finally recovering making public service announcement dvd commentary peter muller unpretentious informed amusing good film good example film noir good guy all_NEG good_NEG bad guy bad maybe ambiguity make adult picture instead popcorn movie kiddy shot fired screen head explodes sorry,positive,negative
kid lived sister bought horror movie vcr just household item did have_NEG but_NEG about_NEG num_NEG movie_NEG and_NEG we_NEG watched_NEG the_NEG hell_NEG out_NEG of_NEG all_NEG of_NEG them_NEG yard sale day saw vhs copy blood legacy buy horror movie have_NEG and_NEG i_NEG knew_NEG this_NEG movie_NEG looked_NEG familiar_NEG thought second realized sister bought sold year ago yard sale guessing - know did recall_NEG anything_NEG at_NEG all_NEG about_NEG it_NEG and_NEG i_NEG watched_NEG it_NEG the_NEG night_NEG i_NEG bought_NEG it_NEG and_NEG it_NEG refreshed_NEG my_NEG memory_NEG because_NEG of_NEG a_NEG few_NEG scene_NEG sure_NEG how_NEG i_NEG felt_NEG about_NEG it_NEG a_NEG a_NEG kid_NEG but_NEG i_NEG am_NEG sure_NEG i_NEG enjoyed_NEG it_NEG because_NEG it_NEG wa_NEG new_NEG to_NEG me_NEG and_NEG i_NEG 'd_NEG watch_NEG and_NEG enjoy_NEG anything_NEG back_NEG then_NEG horror freak certain requirement order consider good fell short talk talk talk bore death type death scene using shadow wall followed blood splatter thats lucky story good seen similar plot think buried forgotten watch_NEG this_NEG people_NEG unless_NEG you_NEG 're_NEG hard_NEG up_NEG,negative,positive
totally got drawn wait_NEG for_NEG each_NEG episode_NEG acting brought life emotional missing person family effect closest problem family quickly end hear_NEG clearly_NEG what_NEG wa_NEG said_NEG and_NEG have_NEG idea_NEG what_NEG gary_NEG 's_NEG part_NEG in_NEG the_NEG whole_NEG thing_NEG wa_NEG did kyle phone did having invested series hour felt cheated minute kept conclusion asked friend watched wiser strange maybe missed crucial,positive,negative
movie advertised month greece biggest greek production hear big production expect new different watch movie reason_NEG of_NEG existence_NEG george corraface look like did really_NEG enjoy_NEG making_NEG this_NEG movie_NEG acting simplistic look amateur sound especially turkish actor speak english dubbed hiss thankfully special effect showing istanbul athens late num early num like digital painting computer graphic finally boy num age num num age num miraculous way teenager year later biggest greek production think kind interesting script qualify expensive production get love story num year-olds meet num year later oh political couple ironic remark greek junta num - num childish forced course couple good thing movie actor great mainly ieroklis michaelidis good scenery magnificent music evanthia remboutsika expensive production bottom-line bad movie tell truth know_NEG just know point_NEG doe_NEG it_NEG justify_NEG it_NEG huge_NEG (_NEG for_NEG greek_NEG standard_NEG )_NEG budget_NEG,negative,positive
just like say matter_NEG how_NEG low_NEG budget_NEG the_NEG film_NEG is_NEG need shown world point movie read_NEG that_NEG much_NEG anymore_NEG instead people want movie having series dvd want read series want make num movie change_NEG any_NEG of_NEG the_NEG character_NEG either_NEG ruin effect grown love actor played character make num movie want message watch message book movie portray get_NEG that_NEG enough_NEG anymore_NEG awesome job,positive,negative
hard rate film like rate production just fun saw film num num boy sorry say started life long fascination ninja plot fairly dire acting course terrible certain mystique surrounding ninja film make quite good atmosphere important fight scene sparce really good say better boy glaring point unbelievable nonsense film sit beer martial art film ca fault_NEG it_NEG delivers better mountain american ninja style rubbish churned num hundred guy black suit really very_NEG good_NEG fight_NEG scene_NEG interesting note dusty nelson writer director sakura killer did ninja film bonaire movie flag called white phantom idea_NEG if_NEG this_NEG wa_NEG meant_NEG to_NEG be_NEG a_NEG sequel_NEG to_NEG sakura_NEG killer_NEG ''_NEG but_NEG the_NEG sakura_NEG clan_NEG is_NEG once_NEG again_NEG a_NEG main_NEG feature_NEG including logo similar story time including white ninja dire small sense atmosphere fight scene sparce frank pretty awful martial art fan blast kill hour,positive,negative
film oscar-nominated best live action short constructed masterfully particularly_NEG like_NEG the_NEG blue_NEG (_NEG though_NEG to_NEG me_NEG sounded like jazz easily appreciate film simply life ca see_NEG why_NEG director_NEG gjon_NEG mili_NEG only_NEG got_NEG to_NEG direct_NEG one_NEG film_NEG --_NEG this_NEG one_NEG word film nominated director did get_NEG any_NEG sort_NEG of_NEG career_NEG boost_NEG black performer understand causing_NEG their_NEG career_NEG to_NEG shift_NEG into_NEG high_NEG gear_NEG unfortunately white society indifference worse black kind music watch film particularly_NEG enjoying_NEG the_NEG earlier_NEG portion_NEG skip ahead num num mark -- pick considerably lady stopped singing performer began improvise pace improved quite bit,positive,negative
day said let redo mod squad make hip cool yo make mint actually watching hear spleen cringe agony twist bind knot pure horror movie id meet wayne newton sing karaoke gay bar idaho drink virgin bloody mary watch god mercy soul,negative,positive
open air cinema greek summer night usually care_NEG what_NEG the_NEG movie_NEG is_NEG edison started really good good effort singers-who-want-to-be actor great morgan freeman movie usually good start catch audience bit boring story filling middle movie character action really good remember movie num elite police officer packed weapon demolish building shoot guy car fail hit kill num guy take flame thrower kill rest num realise greek summer sky filled star way good distracted movie like,negative,positive
story line straight forward easy follow contained lot no-brainer comedy point just got boring audience funny like intelligent humor known swedish actor movie performance decent considering script lena endre good looking remember_NEG the_NEG original_NEG movie_NEG so_NEG i_NEG ca_NEG say_NEG if_NEG it_NEG 's_NEG better_NEG or_NEG worse_NEG enjoy movie like movie worth taking look,negative,positive
zombie bloodbath movie zombie fan zombie fan true love horror genre understand commentary thing read huge midwest flood num half missouri underwater building water car house underwater article said zombie crew movie help sandbag river shooting day fact movie got miracle like huge mashing zombie movie troma filter party movie enjoy friend like load splatter goofy character fast paced energetic really funny toxic spill accident nuclear power facility cause people melt turn zombie local government cover tear factory build house ground shifting cause cave opening develop new resident cave unleash undead newly built community just get crazy gory fun read review time obvious person attacked fun little movie time different reviewer using fake name use word sentence zombie bloodbath cheap raw bad acting doe half movie worse fun movie hate film buy_NEG it_NEG need_NEG for_NEG personal_NEG attack_NEG and_NEG to_NEG call_NEG the_NEG crew_NEG or_NEG cast_NEG ``_NEG trailer_NEG trash_NEG obvious from_NEG australia_NEG or_NEG england_NEG just upsetting great service imdb doe catch_NEG people_NEG using_NEG it_NEG just_NEG to_NEG trash_NEG others_NEG bad review good review mind_NEG those_NEG bad good review painfully obvious fool just want use forum personally attack director movie sad called reviewer basically sue review just promote movie called film boring - love hate thing say_NEG about_NEG this_NEG film_NEG is_NEG that_NEG it_NEG is_NEG boring_NEG move fast ha_NEG a_NEG dull_NEG spot_NEG oh reviewer netherlands um - liar tried post review amazon got yanked review said missouri nonsense stop love hate - real review type obvious seen_NEG the_NEG film_NEG record nearly_NEG the_NEG best_NEG that_NEG i_NEG have_NEG seen_NEG far worst worst actual revoew attack_NEG the_NEG director_NEG personally_NEG hope review help people stupidity going,positive,negative
bit slow boring tale old man wife living delapidated building interacting fixed cast character like mailman brother sitting porch wealthy cigar smoking man photography river marvelous interior period decoration like decoration banana republic store,positive,negative
cool premise right bat excellent scene got ta credit credit solid character decent script ghost story thing bothered ghost appeared really liked way looked thing ghost relationship way thing went scene think dynamic different thing slowed little middle felt scene just good_NEG ending actually good sure grudge basically told story polished lens samurai_NEG 's_NEG and_NEG that_NEG 's_NEG what_NEG i_NEG liked_NEG about_NEG this_NEG movie_NEG comparatively_NEG tempered style remake movie fan rage absolutely love movie,negative,positive
going_NEG to_NEG say_NEG the_NEG story_NEG of_NEG the_NEG movie_NEG a_NEG some_NEG people_NEG do_NEG pretty sure people read know storyline going_NEG to_NEG go_NEG on_NEG and_NEG on_NEG about_NEG everything_NEG thats_NEG wrong_NEG with_NEG this_NEG movie_NEG age storyline typical special effect today standard a_NEG movie_NEG you_NEG should_NEG watch_NEG if_NEG you_NEG are_NEG a_NEG serious_NEG movie_NEG buff_NEG (_NEG a_NEG most_NEG of_NEG u_NEG here_NEG are_NEG )_NEG little_NEG thing_NEG will_NEG annoy_NEG you_NEG the_NEG whole_NEG movie_NEG and_NEG ruin_NEG the_NEG experience_NEG casual movie watcher like good time watching flick movie perfect lot fun good movie partner just for_NEG u_NEG movie_NEG buff_NEG 's_NEG num num,negative,positive
walking caveman hosted alec baldwin look hominid specie past num million year like died interesting scientific look information specie walking caveman examines make human waited week watch disappointed_NEG,positive,negative
good story destroyed ludicrous time travel scenario altered past changed evolution human developed_NEG time machine have_NEG been_NEG built_NEG past brought present effect_NEG on_NEG the_NEG past_NEG really wish film producer run idea past actual scientist finishing script suspend reality assume time travel possible stick logic otoh ben kingsley having great time performance actor doing best writing left twisting wind future handled better,negative,positive
heston movie movie know ending sci fi thriller campy factor go movie injected head rented morning watched perfect movie watch mood wanting_NEG to_NEG move_NEG player hide blanket tried understand happening lead ending eternally ruined pop culture just really did make_NEG it_NEG place relationship backbone_NEG ending lead_NEG in_NEG just kind freakish way watcher choice_NEG but_NEG to_NEG leave_NEG partially_NEG dumbfounded_NEG at_NEG the_NEG ending_NEG that_NEG it_NEG get_NEG to_NEG know people quick answer people make attempt enjoying movie silliness thrown window,negative,positive
threadbare horror outing innocent teen meg tilly appealing attempting good popular clique school despite fact hate outright letting subjected sorority-like initiation spending night creepy mausoleum despite complete absence originality low-budget thriller manages come decent special effect good performance particularly robin evans oozing campy viciousness leader girl script razor_NEG sharp_NEG quirk make proceeding somewhat bearable,negative,positive
season great - good mix job brother friend home actually pretty funny show brother hot chick gone -- thing revolves airline company old man run company gone downhill - way perfect more_NEG sarah_NEG mason_NEG -_NEG one_NEG of_NEG the_NEG best_NEG looking_NEG girl_NEG in_NEG hollywood_NEG happens let exec hand meeting old man funny let focus make way make airline nutty version office hot_NEG chick_NEG watch_NEG,negative,positive
grainy film cult following word-of-mouth feature just maybe hard believe rural community southwest arkansas fouke know legend true tale told documentary-style narrated vern stierman filmed actual location talking actual folk involved legend change telling late num s num s surrounding area fouke visited bigfoot-like creature traveled boggy creek long limbed toe standing num foot tall hirsute creature periodically caused damage frightened community personally crossed small boggy creek bridge num yes hair neck did rise course num rain time arrived shreveport laughing,negative,positive
movie interesting cast mat have_NEG had_NEG an_NEG a_NEG list_NEG cast_NEG but_NEG the_NEG actor_NEG that_NEG were_NEG in_NEG this_NEG film_NEG did_NEG a_NEG good_NEG job_NEG im glad b grade movie like story basic actor basic way execute need_NEG a_NEG million_NEG dollar_NEG budget_NEG to_NEG make_NEG a_NEG film_NEG just_NEG a_NEG mix_NEG of_NEG b_NEG list_NEG ordinary_NEG actor_NEG and_NEG a_NEG basic_NEG plot_NEG like way street one_NEG else_NEG around_NEG and_NEG also_NEG what_NEG i_NEG though_NEG wa_NEG interesting_NEG is_NEG that_NEG they_NEG did_NEG close_NEG down_NEG a_NEG café_NEG to_NEG set_NEG there_NEG gear_NEG and_NEG that_NEG they_NEG did_NEG it_NEG all_NEG from_NEG a_NEG police_NEG station_NEG arnold vosloo michael madsen did great job portraying role hostage situation great film hope like near future,positive,negative
preview num year-old virgin boast image immature sex romp num -ish lonely guy suddenly feel urge deed simply past bad experience dampened enthusiasm point avoids woman completely unexpected happens fall love movie called num year-old virgin virgin title andy stitzer steve carell num work employee electronics store collect vintage action figure displayed nice bachelor pad lovely home theater watch survivor kind elderly neighbor pretty picturesque definition lonely guy need talk woman real novelty picture doe impossible task actually dealing subject matter cute mature fashion movie easily turned lot differently hand transparent team filmmaker descended endless sex gag joke thankfully picture stoop_NEG that_NEG low_NEG sure sex joke prod aimed gay community way_NEG meant taken gay-bashing character exchange insult playing video game mortal kombat deception less_NEG -_NEG the_NEG ultimate_NEG testosterone-driven_NEG fightfest_NEG for_NEG guy_NEG )_NEG rapidly approaching num collect mcfarlane toy action figure done_NEG the_NEG deed_NEG film amusing touching way similar-themed movie have_NEG been_NEG able relate character andy stitzer theater teenager present showing looked like past num bit arrogant know italicized able relate teen present afternoon screening num year-old virgin course andy had_NEG sex_NEG and_NEG wake_NEG up_NEG everyday_NEG with_NEG ``_NEG morning_NEG rise_NEG ''_NEG (_NEG do_NEG ask_NEG )_NEG pressured buddy try outlandish method gaining attention opposite sex discovered andy virgin num buddy fellow electronics store coworkers david paul rudd jay romany malco cal seth rogen assume gay been_NEG with_NEG a_NEG woman_NEG be_NEG any_NEG further_NEG from_NEG the_NEG truth_NEG truth andy love woman past traumatic experience revealed hilariously flashback sequence sideline good david jay cal embark mission andy laid help know escapade end disaster proved date nicky leslie mann put andy worst drunk-driving experience think want_NEG to_NEG go_NEG through_NEG and_NEG he_NEG ha_NEG a_NEG rather_NEG creepy_NEG encounter_NEG with_NEG beth_NEG (_NEG elizabeth_NEG bank_NEG )_NEG pretty girl work bookstore eventually revealed total sex fiend thing brighten andy meet trish catherine keener friendly woman work store street sell stuff ebay people hmmm nice-looking collection action figure figure end large financial payoff awaits deed sex romp waiting deal real issue lot lonely guy probably that_NEG anything_NEG is_NEG wrong_NEG with_NEG being_NEG a_NEG virgin_NEG but_NEG let_NEG 's_NEG look_NEG at_NEG the_NEG big_NEG picture_NEG lonely guy want lonely guy forever important thing taught picture lonely guy think_NEG he_NEG need_NEG to_NEG go_NEG through_NEG body_NEG waxing_NEG like_NEG andy_NEG doe_NEG (_NEG which_NEG is_NEG side-splitting_NEG to_NEG be_NEG honest_NEG according website various news article fact real blood carell shirt afterward num year-old virgin directed judd apatow co-written carell originated skit starred carell carell sweet human character some_NEG layabout_NEG who_NEG approach_NEG this_NEG thing_NEG with_NEG his_NEG eye_NEG shut_NEG probably intelligent romp seen offensive_NEG (_NEG a_NEG whole_NEG lot_NEG )_NEG because_NEG it_NEG character_NEG are_NEG treated_NEG with_NEG dignity_NEG and_NEG respect_NEG carell buddy pas bad advice cover relationship insecurity related fundamental level way num year-old virgin play funny end leave viewer observe surely thing andy doe strength attract woman sexy catherine keener true too_NEG late_NEG num num,positive,negative
soon hit screen destroys intelligent life form behalf producer say doe fall_NEG into_NEG any_NEG known_NEG movie_NEG category_NEG deserves brand new denomination neurological drama saddens depresses single neuron inside person brain closest thing stroke actually suffering drive speechless member numb mouth fall open remains strange symptom wishing blind deaf small_NEG feat_NEG for_NEG such_NEG a_NEG sort_NEG of_NEG a_NEG ``_NEG movie_NEG ''_NEG word come mind just having finished ordeal outrage,negative,positive
seen evil dead trilogy bubba ho-tep know movie total farce man screaming brain go case play smarmy american businessman william cole visiting bulgaria - country - woman kill strange scientist ivan ivanov stacy keach replaces half cole brain brain kgb agent leaving acting sort like steve martin yes movie pretty excuse pure nonsense real humor come evil dead director sam raimi brother ted ivanov nearly brain-dead assistant pavel men relationship like laurel hardy gilligan skipper just understand totally silly movie wo be_NEG a_NEG bit_NEG disappointed_NEG liked,positive,negative
ernest borgnine wasted point_NEG in_NEG putting_NEG this_NEG great_NEG actor_NEG in_NEG this_NEG movie.one_NEG of_NEG the_NEG greatest_NEG actor_NEG in_NEG the_NEG world_NEG wasted_NEG reason america want classic actor movie waste_NEG them_NEG,positive,negative
thought the_NEG biggest_NEG of_NEG cher_NEG fan_NEG movie crowning achievement granted long term side-effects risk brain damage memory loss intellectual impairment screening film num survey moonstruck fan uk advocacy network revealed one-third num moonstruck fan surveyed believed moonstruck damaged astounding num claimed irreparably destroyed mind cher play un-cher movie dowdy young widow named loretta living new york extended family anti-american pro-italian someway going johnny camarary nice mamma boy man asks marry say yes loved mom question love loretta good love drive crazy know like oh yeah sweet man ma johnny go sicily care dying mother asks loretta make contact brother estranged year victory human right carry greater significance sicily birthplace electroshock treatment num italian psychiatrist ugo cerletti saw slaughterhouse worker using electric shock device cause epileptic fit pig easing job slitting throat cerletti inspired began experimenting electroshock human developing electroshock machine broken bone fractured vertebra resulted convulsion appeared little concern way anti-american movie love sure infidelity secret lonely people strange behavior brought american policy character frumpy bobo favorite restaurant aunt uncle parent problem ancient grandfather dog developed intrinsic character somewhat chick flick loretta stop dowdy stuffed shirt awakens flower inner vamp cinderella story way little girl dream emerge ugly duckling beautiful swan assuming free fully informed consent reaffirm individual right pursue happiness brain damage chooses ask fan cinema way_NEG sworn_NEG to_NEG any_NEG hippocratic_NEG oath_NEG offering,negative,positive
george mildred spin mid num s sit-com man house seen_NEG the_NEG series_NEG since_NEG it_NEG wa_NEG last_NEG broadcast_NEG i_NEG do_NEG remember_NEG it_NEG being_NEG fairly_NEG amusing_NEG with_NEG most_NEG of_NEG the_NEG comedy_NEG arising_NEG from_NEG the_NEG eponymous_NEG couple_NEG going_NEG to_NEG live_NEG beside_NEG the_NEG snobbish_NEG fourmile_NEG family_NEG sort love thy neighbour cynical racist gag having seen big screen version asking big screen version certainly of_NEG a_NEG popular_NEG mid_NEG num_NEG s_NEG sit_NEG com_NEG of_NEG the_NEG same_NEG name_NEG reason movie jettisons character interaction television having george mildred leaving street live getting caught plot involving gangster want george inadvertently picked lead cringe making situation line like did that_NEG 's_NEG the_NEG first_NEG time_NEG a_NEG man_NEG ha_NEG resisted_NEG my_NEG charm_NEG ``_NEG ``_NEG i_NEG meant_NEG the_NEG envelope_NEG ``_NEG you_NEG do_NEG get_NEG the_NEG impression_NEG that_NEG screenwriter_NEG dick_NEG sharples_NEG (_NEG who_NEG wrote_NEG an_NEG episode_NEG for_NEG the_NEG original_NEG sit-com_NEG )_NEG ha_NEG seen_NEG an_NEG episode_NEG of_NEG the_NEG source_NEG material_NEG and_NEG ha_NEG got_NEG the_NEG show_NEG confused_NEG with_NEG the_NEG carry_NEG on_NEG series_NEG of_NEG film_NEG way resembles mistake lost space movie absolutely common series spawned,negative,positive
num realz son game iz mad tite yo wait num dis roll da club n real num style wit mad model n bottle son just kidding sad created enjoyment sad men men neutered modern existence channel frustration club eke fleeting self-validation preying chick hope getting little wiener touched try dull sting loneliness make feel just night seat board sausage party toronto little permanent read comment saying represents canadian tv finally stepping stand par american tv somethingorother aiming_NEG short_NEG at_NEG all_NEG like yes pat canada -- finally cracked elusive formula groundbreaking american content stud change heart elimidate fifth wheel real brainchild tacking meet candid camera pitch genius straddle line fratboy camaraderie latent homosexuality like group grown men taping hidden camera admiring game club man-love display palpable really consider rechristening key steam bath note interesting folk gave glowing review registered imdb account express purpose doing guess guilty employing mean opposite personal favorite enthusiastic reviewer claim hail united state gush clear talent canada ability produce american quality television smooth bother manufacturing online buzz ca really_NEG get_NEG cancelled_NEG -- comedy network canada baby viewing public ignoring year come likelihood just fine coasting comfortably proverbial plain mediocrity majority comedy network original programming,negative,positive
movie kind good used tyrannosaurus rex like blown balloon just like godzilla just maybe num - num day scientist got_NEG enough_NEG info_NEG sort dinosaur time scientist making dinosaur guess movie base tyrannosaurus rex movement num - num giant rock fired tyrannosaurus rex damage tyrannosaurus rex knock little end tyrannosaurus rex went search food wrong movie like rifle rifle kill tyrannosaurus rex num num - num num stronger film going make remake suggest make good excited watching old movie like remake lucky,positive,negative
indian director tough compete movie like laggan num henpecked castrated male defend village half certifiable idiot devdas hapless fedar- festooned foreign return drinking oblivion character running endless corridor oblivious feeling sentiments-alas live ornate squalor red tapestry pageantry make good movie tight-rope walk appease frontbencher quentessential gapers mesmerized split skirt dishum-dishum fight preferably involving nitwit bollywood leading actor marginally handsome connect director want tell tale leonine village head word defending village considered violent movie masculine male audience actor convey anger pathos like nana patekar narasimhan nana patekar let courtyard watch beret mock politician loyal admirer burst laughter word satire thrown daughter bathing authentic scene rural india nana patekar essential actor belongs old school acting disappearing breed hindi film violence depicted intricate storytelling song dance thrown gawker movie wo sell_NEG sad true state affair faster change better bollywood said good movie,positive,negative
movie bear historical importance sure astonishing fact setting rocket space suit surface moon scream classic - end result make pretty dull movie today eye num y tech scene hope movie like far enough_NEG to_NEG reward_NEG sitting_NEG through_NEG all_NEG the_NEG tacky_NEG dialog_NEG and_NEG predictable_NEG plot_NEG development_NEG character plot reward scientific sociological analysis bear little entertainment value time movie like good movie nine-year-olds mature theme human drama violence kept level suitale child image earth moon seen space actually accurate one num use dramatically inefficient especially num like stretched meditation theme movie star war somehow_NEG modelled_NEG it_NEG 's_NEG space-scrolling_NEG opening_NEG title_NEG on_NEG the_NEG opening_NEG title_NEG of_NEG this_NEG film_NEG - inheritance marginal real groundbreaking mega-influential mature num y sci-fi classic looking check forbidden planet,negative,positive
price bonanza time cinegoers it_NEG one_NEG two_NEG but_NEG all_NEG six-love_NEG story_NEG ensemble cast star bollywood plus story genre favorite director johar bhansali chopra et al damn type love story enjoyed tolerated year big_NEG deal_NEG for_NEG you_NEG need sir_NEG thank sir spare signed star manage sign required end making circus star believe crowded thing depicted exactly prescribed bollywood textbook romance plus justify length given story star long-three hour plus gag filmy character filmy problem barrier situation resolution yes guessed right filmy-tried tested hundred dancer dancing colorful costume background other_NEG work_NEG to_NEG do_NEG couple sugary-sweet fairy tale type picture perfect good looking story beginning perfect way end impossible perfect manner haphazard ca connect_NEG to_NEG a_NEG single_NEG story_NEG seen million time bloody fake unreal escapist abnormal story considered normal year evolution indian cinema mockery sensibility today audience yes worked parody just paid tribute love-stories yesteryear ala thing explored_NEG director nikhil advani attempted unconventional offbeat love story happen tradition living mark commercial bollwood potboiler brigade oh somebody carry imagine hand audience find difficult sit love story time pain mean damn story mean double fun chopra mohabbatein year num age time real guy desperate so_NEG colorful_NEG people_NEG and_NEG so_NEG bright_NEG story_NEG oh_NEG said just now- come entertainment advice waste_NEG your_NEG time_NEG henceforth_NEG reading_NEG such_NEG review_NEG instead entertainment thank,negative,positive
definition vampire inhumane corpse supposed leave grave night drink blood living bakjwi nearly nail concept head minus pointy fang neck biting r rated movie knew actually going pertain vampire actually vampire mean character movie going vampire actually restraint rightfully lack glamorous moment comparison twilight having viewed chan-wook park preceding oldboy high expectation bakjwi anticipated awkward plot sequence anti-hero known priest sang-hyeon impressed performance holy-man forced quandary humane obeying thirst vampire spoiler initial premise surviving defective blood transfusion start crave blood discovers super strength flying ability screen shot transition phase overbearing exposition start drinking blood dying wish euthanized moral reason oft tragic dysfunctional love affair priest manipulative tae-joo riveting played host kanh-ho song actress ok-vin kim special effect properly placed backdrop doe offer_NEG anything_NEG new_NEG in_NEG the_NEG way_NEG of_NEG stunt_NEG and_NEG cgi_NEG did impose_NEG itself_NEG into_NEG the_NEG plot_NEG driven_NEG and_NEG character_NEG developed_NEG premise_NEG story pivotal plot point perverse grotesque original korean style many_NEG negative_NEG i_NEG can_NEG say_NEG about_NEG bakjwi_NEG ask priest transition phase showed priest having emotional crisis transformation movie num hour long movie long begin token vampire really have_NEG much_NEG in_NEG the_NEG way_NEG of_NEG expressing_NEG emotion_NEG to_NEG begin_NEG with_NEG mentioned movie tragic expect_NEG anything_NEG hopeful_NEG while_NEG watching_NEG this_NEG overall bakjwi delightfully dark morbid original strongly recommend movie viewer past teenage phase twilight definitely korean answer swedish let right good movie,positive,negative
kurosawa fresh color loss sight usual theme truth perception reality opts depressing tokyo slum kurosawa stretch style opinion antithesis- say feel kurosawa wanted make ozu picture poorly paced poorly conceived movie rare dud auteur body excellent work ikiru mundane depressing interesting paced stray dog depicted slum social poverty japan heavy handed boring desu ka den somberness expect content redeeming quality earlier kurosawa picture warned a_NEG movie_NEG that_NEG kurosawa_NEG should_NEG be_NEG judged_NEG by_NEG,positive,negative
slight boredom begotten acquired taste go saying just_NEG happen_NEG to_NEG watch_NEG it_NEG unless_NEG your_NEG friend_NEG are_NEG real_NEG art-house_NEG movie_NEG buffs.you_NEG must_NEG dig_NEG the_NEG weird_NEG macabre dig cool dig diamond begotten visually dazzling mystifying film known visual behold one_NEG can_NEG prepare_NEG you_NEG for.but_NEG since_NEG the_NEG film_NEG is_NEG devoid_NEG of_NEG any_NEG type_NEG of_NEG dialogue_NEG visual pretty begotten visual soundscapes created film magical groundbreaking sight god commits suicide particularly gory scene corpse rise mother earth impregnates god semen give birth flesh bone retarded abandon get tortured heathen-like come save son murdered horrible creature film meaninglessness life fact come planet suffer die dy born film num quality course visuals setting haunting image other-worldly quality watching feel like mesmerizing people say num instead num num just happens slow fact plot summary provided happens film like kidding.still_NEG know_NEG ...._NEG glorious_NEG ..._NEG ..._NEG like_NEG a_NEG flame_NEG burning_NEG away_NEG the_NEG darkness_NEG ..._NEG,positive,negative
movie passage manhood gay man deal mother depressed younger sister pain older sister somewhat accepting relationship look good leaf family try life guy unfortunately new guy screw say really did mean_NEG anything_NEG young gay man go bonkers end looney bin eventually leaf dumping new lover starting left starting viewing participating_NEG happiness maybe thing better future ending kind downer movie entirely realistic let real ending slip bye high rating,positive,negative
viewing make sure seen night living dead best num minute parody seen absurd crappy effect rope rope maneating slice bread need watch_NEG this_NEG movie_NEG while_NEG eating_NEG bread_NEG ..._NEG you_NEG might_NEG get_NEG scared_NEG,positive,negative
admit problem much-celebrated ealing film seen far taste black rippingly funny light tone unsatisfying comedy story self-important way saying wanted like man white suit struggling sit short run time textile worker sidney stratton alec guinness meek manner doggedly committed progress form attempt invent strand fabric ca be_NEG broken_NEG or_NEG made_NEG dirty_NEG using factory lab latest experiment toil limitation material human - benighted boss understand_NEG what_NEG he_NEG is_NEG up_NEG to_NEG figure committed stopping small mind like stand way progress sidney complains practicing mirror struggle say man problem man white suit sidney vision progress awfully small-minded boss laborer resent work problem elemental comedy white suit funny_NEG earnest script try feeble attempt humor spit-takes double-takes triple-takes dizzy take best joke sound machine sidney toil going bleep-blop-bleep-bop endlessly fetching queer look visitor sidney extract miracle blow trying like bit stray humor function decently film leaned long seen_NEG guinness_NEG less_NEG affecting_NEG in_NEG a_NEG movie_NEG look impossibly young earnest actually mid- num s bloodless wax-faced general played doctor zhivago cold fish ignoring sad affection affecting girl offer life saving loses job pan-faced vida hope bertha sultry charm young daphne birnley joan greenwood real ally fight shabbiness dirt put making word sound impossibly sexy greenwood supporting player make white suit work doe ernest thesinger bride frankenstein fame play singularly nasty captain industry look like nosferatu make laugh like death rattle howard marion-crawford factory leader memorable playing blinkered medical officer lawrence arabia undeniable charm mandy miller little girl steal moment camera right scene played straight think_NEG director_NEG alexander_NEG mackendrick_NEG had_NEG ever_NEG worked_NEG on_NEG a_NEG comedy_NEG before_NEG (_NEG his_NEG previous_NEG ealing_NEG comedy_NEG ``_NEG whisky_NEG galore_NEG ''_NEG doe_NEG reverse_NEG that_NEG impression_NEG ala roger macdougall play posit notion scientific progress potential disaster fails present dull sidney blandly pleasant light ealing comedy remembered capturing human comedy ealings seen seem_NEG to_NEG do_NEG this_NEG working play aggressively sympathy kind heart coronet ladykillers mackendrick figure classic way white suit hand pointless ramble fall apart cohere just like unfortunate suit,negative,positive
truly disturbed cannibalistic psychopath john gary kent pseudonym michael brody life cave stalk camper make unfortunate mistake backpacking wilderness steve dean russell buddy charlie john batis playful argument wife sharon tomi barrett late real-life wife gary kent teddi ann wilkinson surviving wood camping prove point gal decide head wilderness los angeles camping trip disturbing partner point soon follow afterward falling prey john teddi soon killed sharon run life men arrive late wilderness truck overheating afraid tired paranoid sharon receives unusual assistance john ghost child right john child remain wilderness ghostly apparition spy exist wood taking special liking sharon helping guide safety friend steve charlie soon shelter pour darkness night cave john life cooking burning meat simmering actually charlie wife teddi unknowingly charlie eats meat offered john find outsider inside dwelling place soon worried wife steve charlie set morning break john go hunting charlie steve sharon fight survival steve suffers compound fracture stumbling massive rock flowing river handicapped increasing nightmare scenario sharon following ghostly young friend potential safety point plead father kill_NEG her_NEG charlie unfortunately doe have_NEG such_NEG friend_NEG director donald jones wrote went broke funding film smartly shoot film breathtaking gorgeous location sequoia national park california gargantuan tree tower great height basically watch backwoods slasher purpose strange reason did particularly_NEG find_NEG jones_NEG '_NEG direction_NEG of_NEG the_NEG setting_NEG very_NEG atmospheric_NEG .._NEG the_NEG dread_NEG wa_NEG missing_NEG disturbing attack john using knife shot clever way jones camera suggests actually screen achieves gasp john doing victim picturesque landscape innocent preyed maniac kind increase terror city folk attempting spend nice day different place smell clean fresh air enjoy sight lovely view stalked creepy predator intimidating knife providing back-story john monster jones allows witness memory flashback discovering wife adultery reacting accordingly ghost wilderness looking child wishing punish naughty killing lover bed refrigerator repairman child sad depressed committed suicide haunt wilderness interacting pa choose realize novelty ghost child backwoods slasher unique appreciated idea hokey silly help heroine escape potentially dangerous situation awfully hard giggling uncontrollably music hideously num performance mind-blowing_NEG mean react situation quite terrifying unfamiliar hostile territory hunted know area think film similar way go_NEG into_NEG the_NEG wood_NEG .._NEG alone_NEG forest aforementioned ghost child voice echo talking sharon father gary kent look like filthy george lucas tattered clothes humanity lost mentioned violence a_NEG grisly_NEG a_NEG what_NEG is_NEG suggested_NEG because_NEG director_NEG jones_NEG is_NEG able_NEG to_NEG effectively_NEG cut_NEG away_NEG from_NEG a_NEG great_NEG deal_NEG of_NEG knife_NEG penetration_NEG way stage set piece leave unsettled teddi murder violence silhouetted surface nearby huge stone formation plea john stop stabbed time attempt crawl away predator finished hanging corpse john skinning seen better worse type slasher film mediocre best effectively shot scenery really_NEG think_NEG it_NEG 's_NEG particularly_NEG memorable_NEG exception ghost child,negative,positive
gypsy possibly greatest musical written bad film version disappointment make re-make flawless_NEG enjoyable adaption musical script completely accurate song included staging remains close original jerome robbins staging bette midler deft choice rose singing personality merman-esquire acting splendid peter reigert fine herby a_NEG great_NEG singer_NEG cynthia gibb straight forward natural louise truth live taping num revival tyne daly better idea gypsy simply exciting stage film fine translation great musical,positive,negative
sheltered young woman home-schooled possibly quite gifted harbor disturbed overly-emotional come surface absentee father pay mother visit asking divorce directed celebrated cinematographer william fraker ill-titled psychological thriller fall trap film helmed director photography shot composed utmost style sacrifice fluid pacing tight gripping narrative fraker cinematographer fond gauzy white golden tone giving picture burnished tableau feel mansion center action look like funeral parlor fraker pace wheezing yarn just like funeral robert shaw sally kellerman shaw interesting actor num s manage cut plastic overlay quite compelling despite jagged editing turn scene little bit half-realized business sondra locke interesting screen personality cast resemblance catherine deneuve repulsion pale saucer-eyed imposingly long hair locke curious human puzzle initially quite intimidating dangerous role old-hat locke fresh bring deep freeze flounder fraker allows locke freak-out scene shaw looking terrifically debonair impossible position playing touchy-feely daddy nonsense worth slogging screenplay peppered modicum tangibility dry wit humorous relief lewis john carlino edward hume limp script adapted stanton forbes novel thy deathbed strand viewer early charisma player get finish line num num,negative,positive
cinema retro magazine num revealed mark lester voice actually dubbed num year old female kathe green leste considered perfect title role director carol reed at_NEG all_NEG pleased_NEG with_NEG his_NEG singing_NEG ability_NEG secret revealed num uk documentary titled oliver famous greene paid num pound work agree participation secret did mark lester kept word revealed fact tv decade release film record mark lester retired acting practicing osteopath england,positive,negative
gave chance jaleel white for_NEG his_NEG urkel_NEG character_NEG mainly sonic hedgehog voice xd like said gave chance fond cared_NEG for_NEG the_NEG urkel_NEG character_NEG pleased white role ever-so-annoying nerd calvin fraiser called calvin come second episode started calling j entertaining interesting think favorite episode j dating ex-cowboys cheerleader snobby kid you_NEG talk_NEG that_NEG way_NEG 'bout_NEG my_NEG momma_NEG grown-up talk stay beef suppose num main character white character attention married story exactly_NEG a_NEG good_NEG thing_NEG when_NEG a_NEG story_NEG about_NEG those_NEG two_NEG possibly_NEG being_NEG pregnant_NEG take_NEG backseat_NEG to_NEG j._NEG having_NEG to_NEG babysit_NEG his_NEG girlfriend_NEG 's_NEG dog_NEG ....._NEG other_NEG than_NEG that_NEG really wish lasted little longer unfortunetely people interested_NEG in_NEG jaleel_NEG white_NEG a_NEG something_NEG other_NEG than_NEG the_NEG god-awful_NEG annoying_NEG as_NEG nerd_NEG known_NEG a_NEG urkel_NEG ...._NEG hope_NEG they_NEG at_NEG least_NEG put_NEG it_NEG out_NEG a_NEG a_NEG dvd_NEG box_NEG set_NEG,positive,negative
saw movie mystery science theater ran num worst thing seen bad fact sheer freakiness movie rating seen believed wrote script child mind beaten mean really devil santa vision hell creepy laughing wind-up reindeer forced child labor racial stereotype ai sesame_NEG street_NEG crow exclaims mst num k showing good ol fashioned nightmare fuel plenty weird innuendo screwed theology merlin presumably arthurian merlin hang santa crazy castle cloud heaven santa talk baby jesus sends letter stork child ask sibling symbol castle look like pentagram raf star best friend watch year num subject anybody hold num hour watch,positive,negative
a-team repeating day dutch television rtl num num hr watch like_NEG the_NEG a-team_NEG ..._NEG i_NEG absolutely_NEG adore_NEG them_NEG just great justin chasing member a-team brings memory old day young sweet given num excellent justin look like chasing a-team member course bad thing documentary bad justin doe look_NEG for_NEG melinda_NEG culea_NEG (_NEG ``_NEG amy_NEG a._NEG allen_NEG ''_NEG )_NEG great action bad doe show_NEG up_NEG at_NEG the_NEG party_NEG end party short laugh everybody action,positive,negative
story ex-navy seal combat medical officer assigned state art russian sub nurse answer help set dying member original crew sub overtaken terrorist bent destruction duo try gain control happens fear naval force unleashing got terrorist sub prevent launching arsenal careful early explicit sexual scene quarter movie couple unexplained scene end watch time miss let run cup coffee slow moving,negative,positive
know_NEG ..._NEG maybe_NEG it_NEG 's_NEG just_NEG because_NEG it_NEG 's_NEG an_NEG impressive_NEG tribute_NEG to_NEG some_NEG muslim_NEG religious_NEG action_NEG (_NEG hajj_NEG )_NEG but_NEG i_NEG just_NEG felt_NEG the_NEG movie_NEG is_NEG so_NEG underrated_NEG just ca believe_NEG that_NEG the_NEG movie_NEG ha_NEG just_NEG been_NEG voted_NEG by_NEG only_NEG num_NEG people_NEG so_NEG far_NEG given_NEG that_NEG the_NEG movie_NEG wa_NEG produced_NEG in_NEG num_NEG and_NEG it_NEG ha_NEG won_NEG many_NEG award_NEG since_NEG then.about_NEG the_NEG movie_NEG ..._NEG it_NEG 's_NEG one_NEG of_NEG those_NEG well-acted_NEG sweet_NEG movies.reda_NEG french teenager sit asked devout elderly father doe know_NEG much_NEG about_NEG islam_NEG )_NEG the_NEG father_NEG want_NEG his_NEG son_NEG to_NEG drive_NEG them_NEG from_NEG their_NEG home_NEG in_NEG france_NEG to_NEG saudia_NEG arabia_NEG on_NEG a_NEG once-in-a-lifetime_NEG religious_NEG pilgrimage.the_NEG generation_NEG gap_NEG between_NEG the_NEG father_NEG and_NEG the_NEG son_NEG is_NEG based_NEG on_NEG simple_NEG enough_NEG term_NEG (_NEG 'you_NEG may_NEG know_NEG how_NEG to_NEG read_NEG and_NEG write_NEG know life unnamed father son sort bromidic generation gap literature affectionate father speaks_NEG in_NEG french_NEG though_NEG reda_NEG understands_NEG arabic_NEG but_NEG can_NEG only_NEG seem_NEG to_NEG answer_NEG in_NEG french_NEG encounter people road scary old woman pick bosnian border way belgrade talkative mustafa jacky nercessian help border turkey reticent shy woman wearing burqa way damascus focus mismatched father much_NEG of_NEG a_NEG conversation_NEG in_NEG the_NEG movie_NEG which_NEG make_NEG it_NEG enjoyable_NEG to_NEG your_NEG eye_NEG magnificent view city director show blue mosque hagia sophia movie relatively_NEG long_NEG generally like_NEG movie_NEG which_NEG do_NEG have_NEG enough_NEG dialog_NEG and_NEG which_NEG take_NEG their_NEG power_NEG from_NEG camera_NEG subtlety_NEG but_NEG this_NEG one_NEG wa_NEG really_NEG great.despite_NEG some_NEG unanswered_NEG detail_NEG (_NEG like_NEG reda_NEG 's_NEG unseen_NEG french_NEG girlfriend_NEG )_NEG the_NEG movie_NEG appeal_NEG to_NEG senses.great_NEG work_NEG of_NEG art_NEG and_NEG remember_NEG this_NEG movie_NEG is_NEG ismaël_NEG ferroukhi_NEG 's_NEG debut_NEG,positive,negative
num largely considered decade horror decided fun definite brain evil dead ii night creep return living dead example movie mindless definite low rent charm perfect night beer friend movie like piece blood diner stacked rental shelf num num offering little intelligence craftsmanship plenty dumb entertainment kevin tenney num movie night demon tradition-stupid poorly acted an_NEG original_NEG bone_NEG in_NEG it_NEG 's_NEG body_NEG dammit have_NEG a_NEG good_NEG time_NEG plot simplistic just come num group dumb teen played bunch actor mid late num decide party hull house thrown angela mimi kinkade suzanne scream queen legend linnea quigley angela decide throw turn arnett arrested development character gob huge mistake demonic force soon possesses angela start evil dead nightmare elm street average dumb dead teen flick throw blender night demon movie original really a_NEG good_NEG movie_NEG thing insanely derivative acting terrible joke fall flat character annoying especially character stooge plot hole numerous way lot fun thing make gore effect notch really memorable moment especially nasty just plane odd bit tube lipstick really stick rarely take seriously exception terrible pun play straight waste_NEG the_NEG audience_NEG time_NEG with_NEG winking_NEG self_NEG awareness_NEG plus definite energy enthusiasm enterprise impossible resist yeah special know be_NEG more_NEG proud_NEG of_NEG that_NEG fact_NEG goofy party horror movie pretend_NEG to_NEG be_NEG anything_NEG more_NEG be_NEG a_NEG classic_NEG night demon good example horror junk food right be_NEG too_NEG memorable_NEG or_NEG original_NEG want_NEG a_NEG fancy_NEG beer_NEG want budweiser,positive,negative
early b entry patriotic category slapped gorgeous young gene tierney ad poster wait good time glimpse riding hollywoodized camel train previously set george sander bruce cabot desert guy barely rally face attack seen sander enjoyable cad fun witness rare good guy turn bruce cabot allure pretty mystery - base unsubtle comparison felt just emerged smiling car covered grease sixth grade education people like way did gene gypsy queen character action adventure filler tho just warned invading local gun ready sabotage attack brit land final gun battle lose main character good feature requires barest attention saturday afternoon programmer paired better interesting identifying great supporting cast surprise appearance dorothy dandridge role half star,negative,positive
good western filmed rocky arizona wild lot tough guy cobern character rock forth raging psycho laid type hole appeared picture enough_NEG to_NEG offset_NEG it_NEG being_NEG exciting_NEG and_NEG worth_NEG seeing_NEG really dumb scene show heston emptying num case powder collecting sack purpose starting gather gunpowder needed pack mule carry ammo grass obviously dry just_NEG drop_NEG a_NEG match_NEG on_NEG it_NEG and_NEG let_NEG 'er_NEG rip_NEG,positive,negative
stifler finished running naked mile attending beta house crazy stuff happens people run naked nerd fun series dead water naked mile crap film significantly better band camp gone did work_NEG for_NEG them_NEG and_NEG it_NEG show_NEG that_NEG they_NEG do_NEG care_NEG either_NEG tell target audience nailed perfectly young teenage boy like naked woman crude humour beer drinking love beta house pretty look away star war massive success stunned audience ahead time special effect lord ring created entire world mythical creature massive battle dazzled eye matrix changed way action film specifically cutting edge special effect advancement technology eagerly await big thing jaw dropped floor come american pie beta house push boundary technology people created spaceship landscape creature using cgi beta house decides use technology create semen yes thing creates life thing time pornography film created time slows white residue shoot room teddy bear funny disgusting beta house show nudity naked mile surprising considering previous installment title doe film need course doe advance plot doe doe laugh doe young boy aroused yes woman beautiful think nudity just porno female catch affection main character pretty doe annoy_NEG the_NEG viewer_NEG like previous girl series once_NEG did_NEG i_NEG ever_NEG believe_NEG this_NEG character_NEG would_NEG ever_NEG do_NEG what_NEG she_NEG doe_NEG pretty sure action character film far realistic american pie series fallen realm reality fantasy world event film happen did need attend school immediately film suppose make people feel like having good time doe watching good time end film hate fun having deer hunter scene film make funny today audience decided substitute bullet wit horse semen laughing instead shooting said semen head face place gun mouth floor laughing time introduced stifler roommate having sex girlfriend cheering nudity film like boy trying frat house shift frat house needing perform certain task shift competition nerd boy go little revenge nerd bit place honestly know_NEG what_NEG these_NEG film_NEG is_NEG about_NEG because_NEG it_NEG go_NEG all_NEG over_NEG the_NEG place_NEG comedy forced shock value beginning dad showing son list people sex joke think fact wife the_NEG last_NEG name_NEG on_NEG the_NEG list_NEG son friend mother list doe work_NEG guess guessed_NEG it_NEG yet_NEG film funny_NEG doe_NEG it_NEG seem_NEG to_NEG be_NEG focused_NEG story pathetic called crude humour series known doe shock_NEG skip lame installment future one know_NEG why_NEG i_NEG have_NEG seen_NEG all_NEG the_NEG entry_NEG in_NEG the_NEG series_NEG unknown reason way eye,negative,positive
saw bit piece tv friend recommended began looking place_NEG nearby_NEG had_NEG it_NEG finally got hold antique store wait_NEG to_NEG watch_NEG it_NEG ..._NEG oh_NEG seen couple year earlier really enjoyed surprised movie num minute long think plot story lacking plot really doe sound like good trailer movie comment teenager angus jesse bradford newfound stray lab yellow marooned island storm boat trip father bruce davison manage survive wilderness wait rescued mentioned_NEG is_NEG that_NEG everything_NEG is_NEG shortened_NEG and_NEG the_NEG event_NEG of_NEG the_NEG plot_NEG are_NEG very_NEG rushed_NEG possible love angus sara shown_NEG together_NEG for_NEG more_NEG than_NEG a_NEG moment_NEG yellow mischievous dog parent reluctant day appreciated join boat trip scene mother mimi rogers mentioning vaguely death like younger boy joel palmer doe go_NEG anywhere_NEG time_NEG learn num day spent island suddenly num num animal castaway exposed wild num kind - wolf - attack something_NEG else_NEG have_NEG been_NEG a_NEG problem_NEG instead_NEG of_NEG having_NEG the_NEG same_NEG type_NEG of_NEG animal_NEG -_NEG maybe_NEG even_NEG the_NEG same_NEG one_NEG -_NEG strike_NEG twice_NEG view angus prepares food discovers fruit root roast trapped rat know survival skill more_NEG scene_NEG with_NEG it_NEG shown_NEG thing blank dog did have_NEG much_NEG part_NEG alone_NEG rescued dog left island scene_NEG showing_NEG how_NEG he_NEG survives_NEG without_NEG a_NEG human_NEG 's_NEG help_NEG wished open watching did enjoy acting good score enjoyable wondering father looked older family main search rescue conductor share name good movie kid protagonist num num interested,negative,positive
incredible melting man fantastically gross trashy energetic z-grade production self-respecting camp-horror freak simply ideal way low-budget num gem like shameless copy hammer quatermass xperiment thousand time filthier astronaust steve west survivor disastrous space-mission turn carrier horrible disease make radioactive cause melt shock seeing face mirror blame steve bust hospital leaving trail sticky pu fallen body part doctor ted nelson urgently disease set steve insatiable appetite human flesh premise sound utterly stupid flick enormously entertaining contains great make-up effect hand rick baker melting dude face look like rotting pizza heavy breathing make sound like darth vader big advantage william sachs screenplay doe waste_NEG any_NEG time_NEG on_NEG tedious_NEG scientific_NEG explanation_NEG or_NEG emotional_NEG speech_NEG repulsiveness start right away last moment film just enjoy silly horror gem try switch brain activity start contemplating stupidity script miss campy fun,positive,negative
near miss flop imperium star ezio pinza alex heir apparent later king small european nation fall love willing american actress entertainer fredda barlo lana turner machination sly prime minister alex king nicely played cedric hardwicke lover separated num year reunited palm spring love rekindled director don hartman script able_NEG to_NEG fully_NEG utilize_NEG his_NEG talent_NEG for_NEG snappy_NEG dialogue_NEG because_NEG of_NEG pinza_NEG 's_NEG tentative_NEG english_NEG usage_NEG requisite rewriting coupled total rapport evidence star result somewhat raggedy tone screenplay exacerbated studio unkind cutting scene leading confusing ending overpowering pinza dominates scene turner performer score good work marjorie main impressive patter effect written debbie reynolds placed track louis mayer singin rain result sprightly performance barry sullivan heavily victimized flagrant cutting prettily filmed largely pebble beach california monterey county environs film endowed pinza iron strong operatic basso solamente una vez original song harold arlen dorothy field douglas shearer splendidly handling sound recording notice fine set decoration edwin willis effective costume design walter plunkett,positive,negative
calling romantic comedy accurate nowadays misleading genre sadly deteriorated cliche focused making main couple little room ambience story making formulaic overly predictable shop corner doe suffer_NEG from_NEG these_NEG illness_NEG manages create recognisably atmosphere strong cast strong nominal lead avoid using word cast example matuschek frank morgan central role film story equally more_NEG important_NEG than_NEG the_NEG romance_NEG num film got mail borrowed pen-pal idea film billed remake correct_NEG and_NEG in_NEG fact_NEG unfair_NEG to_NEG the_NEG new_NEG movie_NEG -_NEG it_NEG share_NEG the_NEG genre_NEG and_NEG borrows_NEG a_NEG plot_NEG element_NEG,positive,negative
generally nice film good story great actor great song cinematography unfortunately bad film weakest point annoying chain sequence copied pretty woman doe hurt attempt originality abbas mustan film newly married couple raj priya salman - rani priya conceive_NEG after_NEG an_NEG accident_NEG she_NEG had_NEG during_NEG the_NEG previous_NEG pregnancy_NEG finally decide use surrogate mother carry child pick madhubala vulgar prostitute played preity zinta film really_NEG realistic_NEG mean it_NEG easier_NEG to_NEG adopt_NEG pick girl doe mean man sleep heard insemination guess writer heard film have_NEG been_NEG made_NEG concept apparently intentional salman act nice playing character character suffers unnecessary cheap dialogue great love wife hard find sleep woman come cheesy unrealistic rani just ok generally effective doe try role get completely overshadowed preity zinta film belongs preity steal big way flawless performance make transformation loud prostitute sensitive woman easily naturally life film emotes make love admire time partly role partly magnetic positive personality career-best performance doubt_NEG she_NEG is_NEG more_NEG talented_NEG than_NEG her_NEG industry_NEG contemporary_NEG just role film ending highlight said tear-jerking exciting well-acted watch preity num num film num num - preity,positive,negative
heard friend day saying scarface suck idiot tried make godfather set early num usualy listen cnn decided stay away mate handed dvd said num pelicangs confused tried best film realistic crap racing stolen car expensive area afford cough num fast num furiouscough humor pelicangs light num s music whats better al pacino wielding m num perfect fan al gta vice city,positive,negative
fair movie good one-off viewing plot fairly worked picture kind pleasent surprise acting little hammy better normal type flick effect hilarious - translucent giant blatantly mache hand wobbling unconvincingly bit wire definitely watch kitsch entertainment value num num,negative,positive
love baseball history especially early num th century cobb main figure ton colorful character looking forward seeing baseball film a_NEG baseball_NEG film_NEG disappointing just sportswriter account cobb ballplayer later year collaborated book appealing movie granted cobb nice guy extremely talented player brutal beat viscous intimidating lot demon fight hated teammate tried hinder chance winning batting title year nonetheless over-the-top portrayal man make cartoon-like watching listening old man rant rave profane hour entertainment day love real biopic cobb showing ballplaying day want portray evil guy way did just bitter blasphemous old man making as reporter fun_NEG to_NEG watch_NEG,negative,positive
movie received great write blockbuster attraction looking forward release date num num num plot sound reasonable cast guaranteed side-splitter whoa apart wall betting event quite bore become_NEG a_NEG comedy_NEG classic_NEG afraid help_NEG to_NEG the_NEG fine_NEG comedy_NEG reputation_NEG of_NEG john_NEG cleese_NEG rowan atkinson quite funny rowan atkinson sort way,negative,positive
warning possible spoiler really_NEG -_NEG keep_NEG reading_NEG )_NEG ahhh reason utterly addicted spoof gem wo have_NEG room_NEG to_NEG list_NEG them_NEG all_NEG opening credit set playful scene kitsch late num s cartoon still enchanting peres prado mambo theme appears curiously uncredited grunt unmistakable no-one did familiar cast name including kathy najimi year hit sister act num num plus teri hatcher tv superman scene imbued shallow injustice flung various actor actress producer daytime tv peeking career people just excuse old-fashioned delicious farce robert harling penned riotous spoof play like issue mad magazine feel like gift audience cliched character bit dim drizzling high jealousy especially celeste talbert sally field perennial award-winning lead nicknamed america sweetheart daytime emmies-like award opening doe introduce celeste sun set vain fear contrary celeste win overjoyed genuine thrill adam did watch won nguh reason adam absence soon justification entire plot instantly trip celeste neurosis cry screech wring hand rest movie dresser tawnee kathy najimi constantly waddling celeste unseen celeste fog paranoia indulges taste tammy faye baker tawnee fact specifically hired rosie schwartz whoopi goldberg seen head writer celeste excellent support network num year celeste freak rosie offer write month just say maggie went visit dalai lama celeste doubt thought dalai lama moved la -well lama fernando lama come skewering line affronting living beefcake actor lorenzo lama son aforementioned fernando lama num remember economics teacher ben stein ferris bueller day num deadeningly call roll bueller bueller bueller secret pleasure seeing nitwit writer hidden member cast include garry marshall real life mr happy day brother penny get paid num num million make command decision sun set - say definitely like peppy cheap carrie fisher betsy faye sharon bitch geoffrey anderson kevin kline yummy-with-a-spoon way dinner theater actor rescued hell david seaton barnes robert downey jr brought canned num year earlier course present logical challenge current scriptwriter character rod randall supposed decapitated year ago work logical difficulty geoffrey anderson step choo-choo celeste worse trick going washington bridge longer_NEG help_NEG hand shake try mascara soon degenerate stalker unfortunately get_NEG rid_NEG of_NEG geoffrey_NEG anderson_NEG so_NEG easily_NEG geoffrey promised development one-man play hamlet mean hold producer promise going_NEG back_NEG to_NEG florida_NEG no-how_NEG argues geoffrey try playing willie loman bunch old fart eating meatloaf seeing geoffrey dinner theater lifestyle hocking accident hilarious florida willie loman fat suit room geoffrey anderson used chafe called stage mr loman forced splat cockroach crawled tv shoe use plier instead broken analog channel changer yummy surgeon dating laurie craven new ingenue leaving_NEG beautiful elizabeth shue laurie round amazing ensemble cast fantastic job know stereotype course course true love did_NEG run_NEG smoothly_NEG montana moorehead cathy moriarty getting impatient waiting star rise getting desperate publicity plot finally succeed celeste settle nerve kill tawnee producer mr fuzzy -you just watch second half utterly lovable farcically malicious riot really believe short-sighted geoffrey read line glass live teleprompter in_NEG stitch_NEG with_NEG stomach-heaving_NEG laughter_NEG and_NEG tear_NEG pouring_NEG down_NEG your_NEG face_NEG feel free demand money video rental soapdish num unmissable gem need often_NEG that_NEG a_NEG movie_NEG can_NEG deliver_NEG so_NEG amply_NEG with_NEG so_NEG many_NEG hilarious_NEG line_NEG well-crafted humor writing draw blazing saddle num uproarious apoplexy value dissimilar watch weep happy source video addiction num num,positive,negative
film really_NEG a_NEG remake_NEG of_NEG the_NEG num_NEG o'brien_NEG film_NEG (_NEG which_NEG is_NEG excellent_NEG )_NEG borrows main premise -- man poisoned spends rest film trying killer like writer chose english professor instead private dick protagonist plot quite original general film move fast awake mar film strange dated quality probably horrendous num original music score combined affected noir feel dennis quaid grin inexplicably film odd moment compelling general way meg ryan fine student film get sort bad dex prof meet british duel pretty laughable bodyguard work rich widow played lovely charlotte rampling scene self-consciously noir help film family plot line interesting dex keep showing place finding bodyguard coincidental film man shot window outside jump -- pretty bad direction aside obvious flaw think hold certainly did predict_NEG the_NEG ending_NEG good -- twist poster think misled thought fine believable ending dennis quaid weird smirk black eye likable right stuff great ball inner space cold creek manor dex supposed somewhat jerk did fine fairly decent movie,positive,negative
main problem vampire movie character sympathetic carpenter learned mistake time used likable vampire hunter charismatic vampire female vampire una certainly coolest vampire blade deacon frost unfortunately good concept like cool slow motion restaurant scene did carpenter_NEG use_NEG more_NEG of_NEG this_NEG movie near good expected strong vampire action longer lasting nicely choreographed fight sequence example inside city left somewhat disappointed los muertos proceeds faster pace predecessor drag little part near bad vampire did like vampire movie climax near end very_NEG intense_NEG sound like los muertos bad movie definitely generally enjoyable rank better entry genre unoriginal dracula remake like vampire movie is_NEG it_NEG an_NEG unintelligent_NEG action_NEG spectacle_NEG like_NEG blade_NEG ii_NEG simply used bit excitement really like installment carpenter probably going_NEG to_NEG happen_NEG spoiler warning ending way predictable una gotten away- movie quite unusual,positive,negative
figured time let fan suffering america day rely kid wb num kid entertainment provide beloved series movie far series go pretty good job bringing fun magic japanese version television problem come movie honestly seen movie japanese definitely seeing fourth excellent movie enjoyable fun watch seeing num theater ca help_NEG but_NEG wonder_NEG how_NEG these_NEG american_NEG producer_NEG read_NEG the_NEG japanese_NEG script_NEG way appears read say insert moral big bold faced letter definitely appears way used wonderful dubbing method used msb extreme sarcasm created crap possible spoiler guess talk pikachu rescue adventure gripe came narration_NEG guess got bad comment narration plagued pikachu vacation instead going caring gentle woman voice appeared pikachu natsu_NEG yasumi_NEG and_NEG pikachu_NEG tankentai_NEG just cut narration have_NEG been_NEG a_NEG problem_NEG thing did really understand exeggcute did let_NEG togepi_NEG go_NEG until_NEG the_NEG end_NEG possibly fan sure the_NEG parent_NEG theme song help_NEG but_NEG roll_NEG my_NEG eye_NEG at_NEG this_NEG one_NEG japanese theme song tankentai wo tsukurou sung japanese child fun enjoyable nauseating favorite part short dancing kireihana nice music fun watch changed bellossom music sucked talk music turned jumpy annoying just unnecessary oh poliwhirl think poliwrath think guy work character constantly learn basically much_NEG could_NEG save_NEG this_NEG little_NEG ill_NEG fated_NEG dub_NEG unfortunate considering potential touched_NEG on_NEG the_NEG worst_NEG of_NEG it_NEG yet_NEG think warning sign apparent received issue nintendo power unfathomable reason placing faith num kid wb thought screwed movie second different far theme go mind just did pay_NEG attention_NEG to_NEG the_NEG warning_NEG sign_NEG i_NEG encountered_NEG in_NEG the_NEG theater_NEG when_NEG the_NEG trailer_NEG said_NEG believe person make difference way said turn hoping turn_NEG into_NEG a_NEG moral_NEG fest_NEG like_NEG msb_NEG did_NEG at_NEG the_NEG end_NEG of_NEG the_NEG english_NEG version_NEG come nintendo power fear realized word main feature power point bit uneasy power a_NEG good_NEG sign_NEG kept false faith big mistake sitting theater literally getting stomach cramp watching movie loved japanese turned complete utter junk hear comment say better moral subtle point did pander_NEG this_NEG thing_NEG repeating like msb did damage movie legend read changed bit read world turn ash ah hah ash chosen japanese version inhabitant arshia needed trainer carry traditional ceremony time chosen greater way did damage lugia lugia coolest character movie movie lugia lugia forced seat ash scene flying main island lugia ash discussing condition lugia existence that_NEG ash_NEG is_NEG going_NEG to_NEG make_NEG all_NEG the_NEG difference_NEG overall category ash really_NEG the_NEG `_NEG one_NEG person_NEG '_NEG that_NEG would_NEG make_NEG the_NEG difference_NEG helped way lot stuff kind nit picking furura flute song nearly_NEG a_NEG sweet_NEG and_NEG enjoyable_NEG a_NEG the_NEG japanese_NEG one_NEG jirarudan speech saying collection started mew card ugh worse misty outrage originally concerned way moltres zapdos held did you_NEG put_NEG them_NEG in_NEG pokéballs_NEG when_NEG you_NEG caught_NEG them_NEG like caging displayed different whining thinking thing collected like stamp real redeeming value came team rocket pretty funny line really_NEG to_NEG make_NEG me_NEG laugh_NEG out_NEG loud_NEG make giggle slightly ease pain stomach officially american movie going imported enjoyable see_NEG another_NEG japanese_NEG movie_NEG be_NEG ruined_NEG in_NEG the_NEG same_NEG fashion_NEG a_NEG the_NEG first_NEG two_NEG importing fourth forget kid wb num kid forsaken time,negative,positive
know star trek fan flocked star trek movie really bad one hero action time way feel doc savage major fanatic character prospect seeing doc crew adventure overwhelming num minute film heightened feeling anticipation decided crib element number doc adventure throw movie resulting somewhat disjointed film lot promise diluted number unfortunate choice music camp element spirit doc familiar doc crew respond long-winded way trying say a_NEG bad_NEG movie_NEG just a_NEG good_NEG a_NEG it_NEG should_NEG have_NEG been_NEG fan superman james bond indiana jones buckaroo banzai character ought check movie just familiar hero provided inspiration,positive,negative
alexander nevsky marked director sergei eisenstein return film-making period exile produced bald-faced propaganda film proclaiming russia superiority germany little plot russian unite battle german russia win film really extended montage battle scene mixed moment german brutality like shocking scene show german soldier throwing russian child raging eisenstein sound film clear idea_NEG what_NEG to_NEG do_NEG with_NEG the_NEG medium_NEG film really look like silent film sound added dialogue scene sit lifelessly screen pacing actor actually_NEG on_NEG the_NEG set_NEG together_NEG at_NEG the_NEG same_NEG time_NEG when_NEG they_NEG were_NEG filming_NEG them_NEG eisenstein us sound excuse overlay rousing prokofiev score proceeding film biggest asset say eisenstein ability lack direct actor tell film narrative format certainly know edit image music maximum effect alexander nevsky shine deficiency grade,positive,negative
movie entertaining excellent performance virginia madsen fact lindsey haun lovely reason movie predictable seen read_NEG the_NEG book_NEG a_NEG mother_NEG 's_NEG gift_NEG but_NEG i_NEG hope_NEG for_NEG britney_NEG and_NEG lynne_NEG spear_NEG sake_NEG it_NEG is_NEG completely_NEG different_NEG than_NEG this_NEG movie_NEG unless consider ending movie essentially music video original idea entire movie brings mind word plagiarized,negative,positive
poor ivy manner born bad luck marry charming wastrel richard ney movie set num s num s rigid victorian idea class starting fray edge uncertain status vexes unduly gretorexes called know_NEG where_NEG their_NEG next_NEG shilling_NEG is_NEG coming_NEG from_NEG but_NEG there_NEG are_NEG yachting_NEG party_NEG and_NEG fancy-dress_NEG ball_NEG in_NEG posh_NEG pleasaunces_NEG aplenty_NEG to_NEG tempt_NEG her_NEG ivy joan fontaine make acquaintance wealthy older gent herbert marshall born middle-aged set extravant chapeau luckily beau string patric knowles physician consulting room provide cache poison bid hubby farewell fact implicates knowles doe phase_NEG her_NEG a_NEG bit_NEG hour trickle hanged neck dead turning plot depends police inspector sir cedric hardwicke knowles mother redoubtable lucile watson knowles loyal housekeeper una sam wood add subtle touch average melodrama fontaine luminous face supply rest,positive,negative
word hilarious watched_NEG at_NEG movie_NEG like_NEG this_NEG in_NEG a_NEG long_NEG time_NEG point movie totally forgot movie just felt like watching viva la bam watching say friend going like realistic liked bam ryan raab rake brandon rest guy did try_NEG to_NEG hard_NEG too_NEG actually_NEG act_NEG just acting like famous idiot self scene adored like raab shower holy laughed hard honestly probably favourite character bam really opinion movie just bit hilarious basically fan cky crew,positive,negative
going_NEG to_NEG lie_NEG and_NEG say_NEG i_NEG do_NEG watch_NEG the_NEG show_NEG --_NEG i_NEG do_NEG lot lot flaw num boarding school perfect drama minimum nice know let reality check impossible school perfect like pca free laptop big dorm room mini fridge school like real life virgin rich weird stolen num character really unrealistic thing right mind talk like talk like perfect teenager secondly logan reese matthew underwood extremely rich boy hot teenage boy question almost_NEG ever_NEG girl_NEG in_NEG that_NEG school_NEG all_NEG over_NEG him_NEG rich hot day girl jerk chase stupidest person shy teenager claim be_NEG in_NEG love_NEG with_NEG zoey_NEG over-reacts involves zoey blind to_NEG see_NEG him_NEG in_NEG love_NEG with_NEG her_NEG come nick know better,negative,positive
want say people poor review like_NEG this_NEG kind_NEG of_NEG comedy_NEG movie great open mind afraid_NEG to_NEG laugh_NEG at_NEG some_NEG stupid_NEG thing_NEG movie shot just like tv lot short clip compiled long movie scene even_NEG have_NEG dialog_NEG someone_NEG will_NEG just_NEG come_NEG out_NEG and_NEG do_NEG something_NEG unexpected_NEG and_NEG it_NEG is_NEG funny_NEG negative felt like wasted money popcorn icee way_NEG i_NEG could_NEG eat_NEG or_NEG drink_NEG anything_NEG during_NEG this_NEG movie_NEG i_NEG wa_NEG constantly_NEG laughing_NEG honestly nervous drinking icee seeing caused laugh shoot mind_NEG some_NEG male_NEG nudity_NEG enjoy jackass movie jackass tv viva la bam sake movie like_NEG the_NEG first_NEG movie_NEG tv see_NEG it_NEG post_NEG a_NEG bad_NEG review_NEG about_NEG it_NEG hardcore christian bash just doe seem_NEG right_NEG to_NEG me_NEG,positive,negative
film just distortion distortion so-called consumerism note billy actor talen bureaucrat consumerism want ask question like doe billy living doe make money doe make living organization doe internal revenue justify church organization know christmas commercialized affords day year people opportunity charitable allows significant number people spend time family friend extended family charitable_NEG doe spend_NEG time_NEG with_NEG their_NEG family_NEG friend extended family holiday vacation time people chance opportunity yes america doe share problem -- perseverance american make great difficulty time strife america proved greatest country world happens american pull unite separate divide yes problem corporation monopoly american bring small business ethic responsibly care people living individual community yes globalization brought share problem american bring production america american government need learn stay budget matter_NEG how_NEG large_NEG or_NEG small_NEG it_NEG may_NEG be_NEG stop dependence credit over-reliance credit make poor cradle grave important buy -- buy rely credit able save small money money rainy day to_NEG say_NEG that_NEG american gain equal share wealth wealth guaranteed_NEG been_NEG guaranteed_NEG stratification teach small percentage american hold america wealth good proximity reach level upper middle class know happen positive work hard -- able reach all_NEG )_NEG of_NEG our_NEG dream_NEG life guaranteed reach have_NEG dream_NEG dead america room plenty hope dream individual pack leader pack experience church religion offer additional distortion pay dignity respect people belief value perspective far distortion expressed film have_NEG any_NEG faith_NEG in_NEG such_NEG belief_NEG value perspective rank film num num -- honesty truth film deserves zero film integrity_NEG recommend_NEG it_NEG,negative,positive
number num really great summer popcorn fun modern jaw number num best summed jeff goldblum movie stupidest idea history stupid idea like number num obituary notice jp achieved realized fresh_NEG idea_NEG they_NEG should_NEG have_NEG just_NEG let_NEG sleeping_NEG dinos_NEG lie_NEG said movie ok mind_NEG knowing_NEG you_NEG already_NEG have_NEG seen_NEG it_NEG before_NEG,negative,positive
documentary entitled fast cheap control fairly interesting documentary documentary contained mini documentary interesting men men extremely involved job showing sheer love enjoyment job sad say subject individual interesting minute boring lasting entirely long video filmed creative way enjoyed film thing voice dub played excellent coincided nicely music,negative,positive
normally skeptical watching film mini-series based novel screenplay different novel fortunately wrong screenplay close novel guess help author executive producer writer huh cast outstanding ca describe_NEG how_NEG much_NEG i_NEG enjoyed_NEG seeing_NEG such_NEG a_NEG wide_NEG range_NEG of_NEG actor_NEG (_NEG from_NEG ossie_NEG davis_NEG and_NEG ruby_NEG dee_NEG to_NEG robert_NEG ri'chard_NEG and_NEG bianca_NEG lawson_NEG )_NEG location setting expecting home cottage imagined mind saw screen slightly different enough_NEG to_NEG make_NEG me_NEG dislike_NEG the_NEG mini-series_NEG recommend read novel be_NEG disappointed_NEG if_NEG you_NEG have_NEG num num star,positive,negative
saw accent underground release short film film boring old fashioned switched hour - little drunk tired went bed kidding_NEG i_NEG had_NEG a_NEG nightmare_NEG about_NEG this_NEG film_NEG within_NEG half_NEG and_NEG hour_NEG of_NEG falling_NEG asleep_NEG stop_NEG thinking_NEG about_NEG why_NEG got switched tv loaded dvd saw rest movie alex frayne sir managed implant film old cynical movie goer head take doing num num ca say_NEG i_NEG 'love_NEG '_NEG this_NEG film_NEG of_NEG yours_NEG lasting impact despite flaw low budget,positive,negative
favorite quote crow car going cliff movie bad car want funniest movie seen seriously scare make funnier for_NEG mystery_NEG science_NEG theater_NEG i_NEG would_NEG be_NEG here_NEG today_NEG -p,negative,positive
rutger hauer help film basically summed young person finding category obviously need lot help beginning hold lot promise film turn michael clayton stranger fiction bad really got hooked beginning like opening soundtrack went great intriguing basically fun plenty curiosity interesting character acted sure people problem feel contrived ironically supposed main discovery character self realization the_NEG film_NEG itself_NEG (_NEG it_NEG 's_NEG a_NEG self_NEG aware_NEG film_NEG )_NEG character supposed recognize life contrived,negative,positive
spoiler spoiler saw movie night screening started liking tim robbins loving sci-fi movie cool score good cinematography interesting film maker vision future realistic starkly interesting nonetheless remember thinking intelligently sci-fi movie seen just keep_NEG it_NEG together_NEG outset number rough edge issue film editing later development issue forgivable unforgivable movie sort lost momentum half way mark film just got tedious realized going_NEG to_NEG go_NEG anywhere_NEG at_NEG all_NEG robbins breathe_NEG life_NEG into_NEG his_NEG character_NEG did best female counterpart escape good role main reason meandering movie film maker decide_NEG whether_NEG or_NEG to_NEG do_NEG a_NEG sci-fi_NEG movie_NEG or_NEG a_NEG futuristic_NEG love_NEG story_NEG ended good cinematography grainy felt like num day later time fitting futuristic movie like dug location shot music cool film maker vision future realistic cool interesting liked interaction minor character movie writing interesting early girl played maria gonzales ca recall_NEG )_NEG good spoiler felt lot futuristic thing movie convenient fix patchwork story virus obviously virus gave end film physically just stick sex scene uncontrollably report code num away erase memory movie end classic sequence cop-out ending ask tie loose end neatly just make dream right robbin character naturally good intuition virus did they_NEG explore_NEG the_NEG myriad_NEG of_NEG issue_NEG surrounding_NEG the_NEG girl_NEG being_NEG a_NEG clone_NEG of_NEG his_NEG mom_NEG interesting story like salutation globe speech intrusive especially accent convincing_NEG future undoubtedly racially culturally androgynous started feeling like t global networking commercial end gotten busted code num well_NEG defined_NEG trivial visa time vital life death loose definition allow use gluing disparate part plot okay starting negative stop cool scene interesting thing movie give num num,negative,positive
num num close school animation computer graphic spectacular time idea cowboy ordinary people casually throwing space vehicle robot amazing maybe inspired treasure planet unfortunately really boring dvd format show basically identical viewing non-sequential episode dvd stoned disk num today standard animation spotty notice_NEG the_NEG computer_NEG graphic_NEG anymore_NEG and_NEG focus_NEG on_NEG how_NEG corny_NEG the_NEG character_NEG are_NEG instead_NEG bright spot heroine character lot believable took seriously modern heroine corny_NEG actually saved men,positive,negative
good ppv like wrestlemania xx num year later wwe crammed match match useless going_NEG to_NEG go_NEG through_NEG every_NEG match_NEG on_NEG the_NEG card_NEG because_NEG it_NEG would_NEG take_NEG forever_NEG to_NEG do_NEG major highlight included huge pop demolition winning tag team belt haku andre giant mixed tag match featuring randy savage sensational queen sherri v dusty rhodes late sapphire clash ultimate warrior hulk hogan match complete waste time like bolshevik v hart foundation num second long koko b ware v rick martel short big bossman v akeem short mr perfect v brutus beefcake ted dibiase v jake snake robert good overall grade - b,positive,negative
- big fanatic horror movie - pretty sick damn american horror movie thing - blood violence even_NEG creepy_NEG nothin wrong blood - doe even_NEG bother_NEG me_NEG -_NEG but_NEG that_NEG 's_NEG what_NEG make_NEG a_NEG movie_NEG creepy_NEG movie entertaining - fun satire making fun koncept main horror usa american suppose_NEG to_NEG be_NEG creepy_NEG funny suppose creepy get pathetic great american horror movie poltergeist psycho bird end thing movie came relief evil ed just_NEG a_NEG cult_NEG movie_NEG -_NEG it_NEG 's_NEG a_NEG classic_NEG ca wait_NEG untill_NEG master_NEG director_NEG anders_NEG jacobsson_NEG make_NEG another_NEG goddamn_NEG splatter_NEG movie_NEG untill watch evil ed - - care_NEG -_NEG it_NEG is_NEG such_NEG an_NEG outstanding_NEG movie_NEG,positive,negative
movie reminds num art-work movie violent radical approach human nature did like_NEG the_NEG movie_NEG but_NEG i_NEG can_NEG say_NEG that_NEG it_NEG is_NEG a_NEG bad_NEG movie_NEG just special reminds camping cosmos num bunch low-class figure resident camp sea belgium description people living will confrontation character match_NEG together_NEG thought book french writer emile zola writer style naturalism did like_NEG the_NEG movie_NEG and_NEG i_NEG also_NEG do_NEG like_NEG the_NEG people_NEG who_NEG are_NEG in_NEG it_NEG vulgar basic good taste ask question live planet member big farce forced live say hell world,negative,positive
doe take_NEG ball_NEG to_NEG make-fun_NEG of_NEG retarded_NEG people_NEG having listen mencia insist brave make retard joke intolerable doe take_NEG ball_NEG to_NEG bite_NEG off_NEG of_NEG the_NEG chapelle_NEG show_NEG racial game-shows racial olympics like lot skit merely reworked chapelle skit just way funny irksome thing insistence just marching beat drum actually marching beat over-worked over-done drum drummed time hate hate present voice latin america carlos_NEG trying_NEG to_NEG censore_NEG you_NEG people like personally think bad,negative,positive
farrah fawcett spent better post-angel career confounding occasional noteworthy acting performance sandwiched playboy frolic letterman escapade come denying_NEG that_NEG this_NEG girl_NEG can_NEG act_NEG far story epic proportion well-done tv-movie gentle quiet occasionally moving fawcett play wayward black sheep daughter come home missed day mom life funeral chagrin stable presumably sensible sister brad johnson play love story unfolds typical element telefilm drama- confounding farrah watch doe remain eminently watchable yes admit did farrah poster wall way silk hope get half star corkymeter bosley proud,positive,negative
contrary reviewer think well-written especially fictional greater imagination required acted other_NEG character_NEG with_NEG whom_NEG to_NEG share_NEG the_NEG focus_NEG of_NEG these_NEG dozen-minutes-plus_NEG well-done monologue just entertained_NEG by_NEG such_NEG solemn_NEG pious rememberances everybody story tell interesting everybody problem intense just not-very-atypical story problem exemplifying anybody life fodder film think poorly tv reality show bag like kind stuff make good internet gossip absolutely other-than-verbal action speaker female gon na leave gender outta,negative,positive
watched film family long thanksgiving holiday weekend thankful insisted watch did pay_NEG much_NEG attention_NEG until_NEG the_NEG end_NEG of_NEG the_NEG film_NEG when_NEG a_NEG head_NEG shearing_NEG seems_NEG promised_NEG ala doe happen_NEG hand watched movie year later loved liveliness absurdity sparkle just plain fun think film female tone woman exploited_NEG in_NEG it_NEG even_NEG though_NEG i_NEG am_NEG sure_NEG that_NEG someone_NEG might_NEG think_NEG that_NEG the_NEG movie_NEG is_NEG pure_NEG exploitation_NEG think movie play trope period thinking ought remake flesh implication original,positive,negative
movie apparently intended young evangelical christian audience teaching tool num num point vote decent movie youth group think_NEG it_NEG will_NEG be_NEG very_NEG well_NEG received_NEG beyond_NEG that_NEG audience rate lot lower reviewer saw wonderful life right did think_NEG of_NEG that_NEG until_NEG they_NEG mentioned_NEG it_NEG reminded chick tract little num num gospel comic book jack chick movie tract probably look lot like second glance strong christian message power prayer influence earth somewhat hampered christian stereotype christian nice somewhat passive squeaky clean non-christians bad people muriel angel play major corniest cheesiest character film unlikeable angel seen movie biggest negative know_NEG if_NEG the_NEG director_NEG intended_NEG for_NEG his_NEG personality_NEG to_NEG come_NEG off_NEG so_NEG badly_NEG just struck way admit reminded know dan love worldly girl at_NEG all_NEG his_NEG type_NEG drive_NEG the_NEG plot_NEG in_NEG this_NEG movie_NEG fell place question wish answered movie doe display positive christian value youth group entertained view wholesome good lesson,positive,negative
death wish num exactly bad movie terrible acting implausible scenerios ridiculous death scene creepy evil-for-no-reason villain num minute movie just best num minute film especially scene decent hardworking citizen string chain street knocking evil bikers shoot joined neighborhood child celebration forget elderly woman broom sweeping scum enough_NEG let forget_NEG how_NEG quickly_NEG the_NEG punk_NEG give_NEG up_NEG after_NEG fraker_NEG is_NEG killed_NEG laughing just thinking love death scene kersey girlfriend just walk away seeing blown little thing like make death wish num bad movie even_NEG mentioning_NEG the_NEG bizarre_NEG soundtrack_NEG watched movie martin balsam seriously think finest character actor getting beaten scum scene hilarious walked away new favorite movie thank death wish num making laugh hard thing forgot mention num weird sound effect kersey say cash buying used car ha evil sounding num mandy fraker mandy did writer run tough guy name num fact gang apparently lend lease thug exchange program need guy mandy working phone line abandoned building num end movie kersey blow fraker just doe look like street gang break choreography giving just watch sync female punk give stop signal love movie cheer like death wish num,positive,negative
series tve basically series chapter life ordinary family num primarily seen eye youngest son based background historical event num student uprising france decaying franco regime war viet-nam rise imperialism specifically related spanish life particular moment regard series simple compilation characteristic foible make apparent kind entertainment generally treated lightweight vein lacking_NEG in_NEG certain_NEG moment_NEG which_NEG might_NEG be_NEG called_NEG dramatic_NEG series aimed people rember time stated younger chooses ignore happening busily occupied thing best thing said series ana duato mother child play total housewife time really manifesting peculiar spanish penchant especially noticeable woman letting thinking doings carried forward impetus heart resorting use brain say spain common sense common sens imanol aria offer little apart being_NEG his_NEG usual_NEG stereotyped_NEG hard_NEG policeman_NEG a_NEG in_NEG other_NEG television_NEG series_NEG actor be_NEG trusted_NEG in_NEG anything_NEG which_NEG is_NEG a_NEG tv_NEG series_NEG resource limited father working-class household at_NEG all_NEG bad_NEG really_NEG recommendable_NEG for_NEG other_NEG audience_NEG spanish-speakers latin america theme parochially related specific spot contemporary spanish history viewer living_NEG here_NEG at_NEG that_NEG time_NEG he_NEG will_NEG miss_NEG most_NEG of_NEG the_NEG reference_NEG probable certain situation cause spanish smile mean_NEG anything_NEG to_NEG other_NEG viewer_NEG,negative,positive
mother took movie drive-in seven year old thirty year ago idea_NEG a_NEG family_NEG movie_NEG would_NEG be_NEG so_NEG violent_NEG clearest memory boy father face pain stabbed stomach killed image haunted week learned lived world person stab father anytime stop father protect realise stabbing fantasy_NEG to_NEG a_NEG seven-year_NEG old_NEG real witnessing actual event place_NEG in_NEG a_NEG child_NEG 's_NEG innocent_NEG mind_NEG sad understand_NEG the_NEG impact_NEG that_NEG bringing_NEG violence_NEG into_NEG the_NEG life_NEG of_NEG our_NEG child_NEG ha_NEG both_NEG on_NEG our_NEG child_NEG and_NEG our_NEG society_NEG parent protect child image violence vigor protect image nudity sex,negative,positive
big follower indian movie especially malayalam tamil shame india sending_NEG this_NEG movie_NEG a_NEG their_NEG official_NEG oscar_NEG entry_NEG seen movie clearly revealed maturity tamil cinema screenplay narrative bollywood better catch way westerner tamil cinema qualitative different bollywood good look glamour promotion coming point india thinking sent movie like oscar really masochist think trying punish oscar judge boredom sending devdas judge toppled lagaan year just brigthly colored stale predictable melodrama love fate destiny away sending_NEG a_NEG movie_NEG like_NEG kanathil_NEG muthital_NEG show_NEG how_NEG much_NEG of_NEG a_NEG revamp_NEG indian_NEG administration_NEG need_NEG to_NEG save_NEG them_NEG from_NEG poor_NEG administrator_NEG who_NEG lack_NEG intelligence_NEG know country issue heavily talented showcased_NEG properly_NEG,positive,negative
sitting watching film tango cash led discussion great late num s movie ridiculous tunrer hooch k num connection came granted seen_NEG k_NEG num_NEG pi_NEG and_NEG if_NEG i_NEG still_NEG value_NEG my_NEG life_NEG will_NEG joshua quote movie year wow wow utterly astonished movie exists fact joshua like disturbs core think joshua interesting guy k num k num,negative,positive
story start home little girl going birthday party mother father act quiet reserved proceed daughter present stuck funny expression parent face gave child gift like hope like killing film catherine mary stewart julia kerbridge reaper num get involved case family tie julia working hard doctor particular murder disrupts entire life rob lowe kevin finney view num door neighbor apartment dwelling julia eventually go bed try help way a_NEG bad_NEG film_NEG certainly crazy unless like film location canada good looking catherine mary stewart native canada,negative,positive
dreamed_NEG when_NEG i_NEG started_NEG watching_NEG this_NEG dvd_NEG that_NEG i_NEG would_NEG be_NEG totally_NEG mesmerized_NEG by_NEG it_NEG within_NEG minute_NEG story completely absorbing entertaining acting superb biggest surprise completely enchanted love young woman radiated screen initial physical encounter far tender romantic delightful vicariously enthralling love scene witnessed film literally stopped breathing believe_NEG the_NEG chemistry_NEG between_NEG the_NEG two_NEG actress_NEG nudity_NEG or_NEG graphic_NEG sex_NEG conveyed passion titillation american production hope evince bravo author screenwriter director cast,positive,negative
out-of-town visiting old friend dinner talking expressed reservation daughter boy friend num beautiful smart athletic young man excellent family nice athletic a_NEG smart_NEG )_NEG told just feeling normal fatherly concern minute later young man arrived dvd flick apparently anxious time share folk bona fide home theater set-up screen excess num foot young folk preceded view young swain proceeded extol virtue frame-by-frame saw moment fascination awfulness endorse critical comment seen scanning told friend go_NEG so_NEG far_NEG a_NEG to_NEG disqualify_NEG the_NEG young_NEG suitor_NEG solely_NEG on_NEG the_NEG basis_NEG of_NEG his_NEG liking_NEG this_NEG opus_NEG --_NEG but_NEG it_NEG certainly_NEG seems_NEG to_NEG warrant_NEG his_NEG bearing_NEG close_NEG watch_NEG flick classic plan num outer space opinion wonderfully awful bruce people work ca stop_NEG the_NEG music_NEG remains firmly simply awful category banana -- best tim conway don knotts everybody seinfeld great difficulty carrying later starring series film great supporting character original situation eddie character really num th- num th-banana level prior griswald movie added_NEG a_NEG whole_NEG lot_NEG to_NEG these_NEG opinion randy quaid capable actor delivered good performance contribution prior vacation pic average best cast member good work past accomplished effort derive year house payment ira contribution presentation -- - story performance lead support be_NEG worse_NEG,negative,positive
year ago saw godfather lasting impression atmosphere movie class acting memorable storyline classic recently bought trilogy watching num looked eagerly viewing num pleased realize early num fitting follow great godfather movie just perfect wait_NEG to_NEG see_NEG godfather_NEG iii_NEG ........_NEG wrong_NEG wish stopped ii storyline good_NEG like story just story character weak especially daughter pacino protege weak character eaten alive godfather num num scene corleone invested trapping catholic church choir assassin horseback riding away sunset unseen helicopter machine gunning meeting away shot daughter num st cousin rolling bit pasta board pathetic shooting step corleone stuffing sweet orange juice diabetes man intelligence guile ready_NEG for_NEG an_NEG emergency_NEG it_NEG wa_NEG good_NEG and_NEG with_NEG the_NEG best_NEG will_NEG in_NEG the_NEG world_NEG i_NEG wont_NEG be_NEG able_NEG to_NEG watch_NEG it_NEG again_NEG watch num num time year,negative,positive
working-class romantic drama director martin ritt unbelievable come moment pleasure charisma star jane fonda robert niro terrific widow ca move_NEG on_NEG illiterate closet-inventor -- probably guess rest adaptation pat barker novel union street better title laid-back verge bland film editing mess pleasant rosy-hued blue-collar fantasy overture_NEG to_NEG serious_NEG issue_NEG (_NEG even_NEG the_NEG illiteracy_NEG angle_NEG is_NEG just_NEG a_NEG plot-tool_NEG for_NEG the_NEG ensuing_NEG love_NEG story_NEG )_NEG and_NEG real_NEG firework_NEG character intentionally bit colorless lead toned interesting degree finale pure fluff -- cynic difficult swallow -- character deserve happy ending picture really_NEG be_NEG satisfying_NEG any_NEG other_NEG way_NEG,positive,negative
doctor mordrid rare film completely radar totally worthwhile really reminds old serial num s num loved follow-up movie judging rest moon output simply enough_NEG tit_NEG to_NEG satisfy_NEG the_NEG typical_NEG audience_NEG unfortunately thanks completely superfluous sacrifice scene family audience - unfortunate em harry potter-style magicfest kid eaten jeffrey comb yvette nipar great - sure_NEG if_NEG ms._NEG nipar_NEG had_NEG wandered_NEG off_NEG an_NEG a-list_NEG picture_NEG onto_NEG this_NEG film_NEG believable seriously - shame did have_NEG the_NEG buck_NEG to_NEG license_NEG dr._NEG strange_NEG think total kiddie phenom,positive,negative
serge farnel precise critic film revue rwandese night critic show france situation undergone united nation rwanda soldier dangerous situation french soldier warmly welcomed genocide force day soldier killed genocide force soldier decided protect life driving french truck doing gave tutsi unforgivable course mind french soldier organized situation,negative,positive
watch_NEG much_NEG television_NEG and_NEG came_NEG across_NEG this_NEG show_NEG reality sure hope for_NEG real_NEG man nag married snotty ground divorce think set bad example person treat person love thing wrong world people bad relationship selfish know_NEG the_NEG meaning_NEG of_NEG what_NEG it_NEG is_NEG to_NEG truly_NEG love_NEG another_NEG self sacrificing something_NEG that_NEG should_NEG be_NEG on_NEG merritt_NEG doe give_NEG one_NEG a_NEG very_NEG good_NEG feeling_NEG watch private counseling personality real deserves better real true love care appreciate reality rating really like know sincerely gb,negative,positive
watching distant know watching_NEG a_NEG french_NEG movie_NEG little sex elliptical people talk_NEG that_NEG much_NEG here_NEG line scattered couple important conversation just let make sense going doe look_NEG american_NEG either_NEG any_NEG car_NEG chase_NEG or_NEG shoot-outs_NEG or_NEG violence_NEG unless consider killing mouse act blood daily tension getting subdued catastrophe time relatively long-held medium-distance shot remind asian cinema just reminds director doe push_NEG thing_NEG to_NEG the_NEG radical_NEG minimalism_NEG of_NEG some_NEG taiwanese_NEG filmmaker_NEG but_NEG then_NEG again_NEG a_NEG taiwanese_NEG movie_NEG turkish movie know_NEG what_NEG that_NEG mean_NEG even_NEG know_NEG if_NEG that_NEG 's_NEG supposed_NEG to_NEG mean_NEG something_NEG movie doe have_NEG a_NEG plot_NEG proper_NEG and_NEG yet_NEG line somewhat long-held shot mitigated tension gradually build sense happening sense lack better word grows end movie feeling going miss cousin thing common world apart,positive,negative
normally_NEG think_NEG there_NEG 's_NEG such_NEG a_NEG thing_NEG a_NEG a_NEG horrible_NEG movie_NEG pretty damned close best acting performance thing snoop dogg line num second scene agree glad short review music video end cool,negative,positive
movie contains humor_NEG for_NEG anyone_NEG who_NEG ha_NEG lived_NEG with_NEG a_NEG family_NEG member_NEG who_NEG ha_NEG a_NEG mental_NEG illness_NEG scene reminded graphically life experience movie man version mommy dearest depicts graphically accurately life child mentally ill parent go show easy psychiatrist corrupt act like god told funny way_NEG say sick humor best movie intense depressing son leave room best use movie people understand_NEG mental_NEG illness_NEG or_NEG do_NEG believe_NEG what_NEG we_NEG family_NEG actually_NEG do_NEG live_NEG through_NEG,negative,positive
christmas eve make kid endure showing wonderful life thoroughly enjoyed bad santa sue admit like cheesy schmaltzy movie like excellent intelligent one thing variety good thing christmas season annual cinematic ka-ching ka-ching santa guise edmund gwenn billy bob thornton fred claus make one_NEG forget_NEG bedford_NEG fall_NEG believe_NEG a_NEG christmas_NEG film_NEG should_NEG have_NEG to_NEG reach_NEG iconic_NEG stature_NEG to_NEG succeed_NEG fred perfectly ok holiday movie humor adult sufficient charm kid wife laughed lot humor obvious vince just vince paul giamatti top-notch santa helped lot a_NEG great_NEG flick_NEG unlikely must-viewing annual christmas tradition wife daughter enjoyed holiday schmaltz small dash spice wrong,negative,positive
robert wagner evil bos digicron telecommunication company virus kill people saying software virus real virus kill people - medically possible possible_NEG from_NEG my_NEG system_NEG '_NEG '_NEG i_NEG 'm_NEG having_NEG to_NEG write_NEG some_NEG new_NEG virus_NEG software_NEG of_NEG my_NEG own_NEG to_NEG trap_NEG it_NEG -_NEG it_NEG may_NEG take_NEG some_NEG time_NEG '_NEG 'but_NEG it_NEG 's_NEG going_NEG after_NEG software_NEG killing people watch virology love moment film plot feature death braille keyboard,negative,positive
time supposed explorer audience primed set sight wonderous new world ungodly reason filmmaker decided distract emergency false alarm bit artificial dramatic suspense instead calmly enjoying surface io standing ring saturn concentrating magic flying comet asteroid distracted worrying wellbeing survival character big let filmmaker unsure want documentary natural wonder solar suspense thriller viewer care character subject matter come hello wanted suspense tension watch real narrative sci-fi movie sure docu-drama character survival risk mission - secondary subject matter wait yes risk mission important subject matter - essentially film space mission just_NEG about_NEG the_NEG solar_NEG system_NEG overplayed distracted strongly discovery new world supposed enjoying film remarkable giving realistic feel human element space mission squabble tension weight responsibility near-fatal mistake sacrifice fit hard-sci-fi subgenre - fact best science closely adhered distraction awful missed showing effect space year astronaut landing earth,positive,negative
movie sheer camp dietrich daughter maria riva wrote book mother see garden allah context high camp amusing laughed delight overwrought score astoundingly ridiculously fantastically melodramatic dialogue viewer read account boyer toupee kept coming unstuck heat snicker time make appearance dietrich boyer rarely look giving line -- instead gaze dreamily distance presumably face photographed best angle advantageous light starring turkey look good dietrich costume world riva note book dietrich managed steal paramount travis banton design divine gown chiffon beige dress cape heartily agree reviewer rave technicolor really hard believe film num -- color fantastic short watch garden allah lenient attitude embrace silliness ca help_NEG but_NEG enjoy_NEG it_NEG,positive,negative
thought wonderful way spend time hot summer weekend sitting air conditioned theater watching light-hearted comedy plot simplistic dialogue witty character likable bread suspected serial killer disappointed realize match_NEG point_NEG num_NEG risk addiction thought proof woody allen fully control style grown love laughed woody comedy year dare say decade been_NEG impressed_NEG with_NEG scarlet_NEG johanson_NEG managed tone sexy image jumped right average spirited young woman be_NEG the_NEG crown_NEG jewel_NEG of_NEG his_NEG career_NEG wittier devil wear prada interesting superman great comedy friend,positive,negative
movie suffer adventure run enigma_NEG to_NEG solve_NEG just illness man acting like animal a_NEG good_NEG reason_NEG to_NEG take_NEG this_NEG journey_NEG pitt lewis great actor magnificent michelle forbes weak david duchovny performance,negative,positive
vaguely remember ben sci-fi fandom day num s doing interview bios obscure notably ben actress fay spain jody fair played angela num young savage ben people low-key sci-fi chicago num nice chat career life published now-long-forgotten fanzine day wish copy interview time march people surely '_NEG remember_NEG me_NEG at_NEG all_NEG so_NEG many_NEG year_NEG later_NEG ben really nice fellow ekeing living con day did even_NEG pay_NEG their_NEG guest_NEG unless course big-name star pay couple dollar good know ben alive kicking remake creature num year older ugly uglier,negative,positive
plenty time kill dvd given friend free require lot courage watch film doe have_NEG good_NEG script_NEG or_NEG humor_NEG for_NEG that_NEG matter_NEG acting imran frozen tushar kapoor slightly better imran movie paresh rawal good comedy usual story revolves college campus imran bad boy n tushar good pretend opposite respective nature story go watch have_NEG any_NEG thing_NEG to_NEG do_NEG and_NEG the_NEG film_NEG is_NEG running_NEG on_NEG your_NEG local_NEG cable_NEG tv_NEG,negative,positive
bit-part masseuse lurid sequel original evidently gave bright idea putting spanner work french soft-core series gambit inverting caucasian carnality casting javan stunner gemser leading role tame series sexploiters increasingly depraved sleazier director took in-name-only sequel surely the_NEG english-language_NEG over-haulers_NEG warner_NEG anticipating star born type meteoric rise result judging way actress credited merely eponymous moniker on-screen heroine albeit couple consonant sacrificed insurance litigation gemser tenure series saw photographer allowing course manner subsequent globe-trotting adventure whilst beautiful actress screen time thespian talent discern mired sort unfeasibly facile cogitation confess africa white skin appealing french film particular entry consternation raincoat brigade essence on-screen carnality puerile symbolism pumping engine piston prosaic coupling - naturally include generous dollop lesbianism connoiseurs kitsch guaranteed continuous stream aural delight epithet ethnographic wisdom perfect black doe perfect white,negative,positive
black vengeance alternate title ying hung ho hon aka tragic hero num just seen vhs story gong woo ching rich famous num poster num still featured page num -dvd set movie starring rod perry black gestapo fred williamson black cobra num richard lawson black fist fourth movie called black strangely character retain original name rich famous black vengeance chow yun-fat character named eddie shaw alex man man tze leung harry andy lau called johnny confusing fact num given copyright date film year american-dubbed according release date given imdb tragic hero released rich famous reason releasing sequel despite user comment enjoyed film among_NEG cyf_NEG 's_NEG best_NEG such_NEG a_NEG ``_NEG the_NEG killer_NEG ''_NEG and_NEG ``_NEG hard-boiled_NEG ''_NEG which_NEG are_NEG truly_NEG astonishing_NEG day come num -dvd set rich famous tragic hero wo hesitate_NEG to_NEG buy_NEG it_NEG hopefully comment black vengeance clear mystery belonged chow yun-fat filmography,negative,positive
edwin porter num short film entitled great train robbery burst screen excitement ingenuity prepares blown away pioneering early film just like melies trip moon critic hailed film introduced western genre modern cinema eye right planning actual heist train murder unwanted civilian looming final scene make realize villain mean business monumental time eastwood western filmmaker used porter image form create story say_NEG that_NEG this_NEG film_NEG did_NEG open_NEG the_NEG door_NEG struggle come story genre defined porter outside initial excitement really anything_NEG to_NEG grapple_NEG onto_NEG jaded modern western haphazard message great train robbery forced untraceable unsurprising unlike melies porter tell linear story robber change course train rob shoot random people just prove true villain final scene end like predestined film surprise glitch looming man gun proverbial face bland porter film boring edition watched addition color near end emphasize emotion felt cheap encouraging_NEG to_NEG the_NEG filmmaker_NEG viewer issue remains important porter film borrowed time time effect diluted story doe carry_NEG the_NEG emotional_NEG powerhouse_NEG it_NEG once_NEG ha_NEG unlike melies early film watch_NEG this_NEG again_NEG know happened know little missing scene finally just set simple story leading point point b point issue only_NEG my_NEG gripe_NEG with_NEG this_NEG film_NEG strongest element early film dull fact told strong narrative character character motif drive outstanding era nonfiction film mainstream broke mold that_NEG i_NEG am_NEG jumping_NEG on_NEG the_NEG prophetic_NEG bandwagon_NEG about_NEG this_NEG film_NEG _NEG it_NEG is_NEG an_NEG important_NEG film_NEG _NEG it_NEG just_NEG is_NEG a_NEG great_NEG film_NEG overall eager jump film root western genre planted equally happy leave film porter talented director anderson obviously went successful created field just in_NEG awe_NEG of_NEG the_NEG film_NEG expecting_NEG big_NEG budget_NEG effect_NEG like_NEG melies_NEG work_NEG wa_NEG i_NEG expecting_NEG a_NEG duplicate_NEG of_NEG ``_NEG a_NEG trip_NEG to_NEG the_NEG moon_NEG ''_NEG did want creativity exploration originality felt porter played safe said early film feel_NEG the_NEG excitement_NEG a_NEG our_NEG villain_NEG did_NEG their_NEG evil_NEG deed_NEG rooting_NEG for_NEG anyone_NEG final conclusion proved kitschy-ness worn minute film started pioneering monumental_NEG great train robbery lost space time capsule cinema grade,negative,positive
star rating work just miss mark little bit lagging pit mike atherton dudikoff peacefully making way wild west spot group men mistreating lady gentleman naturally step put stop doing kill son nasty enforcer just beginning gun blazing battle finish winner m dudikoff action star truly_NEG managed_NEG to_NEG take_NEG off_NEG with_NEG me_NEG maybe discovered late film saw monday human shield just dud ha ha added list thing western film just sort transport different time place provide real escapist entertainment dudikoff picked better script film film hit low point shape naff central villain sounding like blank marlon brando generally ropey acting cast obligatory cheap looking set strange reason life depended watching dudikoff film best choice,positive,negative
big jim carey fan took seat cinema optimism fun dick jane appeared raw material make carey success opening minute good humour film provide went wrong soon plot kicked idea charming charismatic employee suddenly turning work nearest supermarket just hard believe head round fact guy master criminal virtually impossible actor confused situation course stereotypical rich uncaring head operation doe struggle_NEG one_NEG bit_NEG to_NEG pull_NEG off_NEG his_NEG one_NEG dimensional_NEG character_NEG but_NEG for_NEG carey_NEG and_NEG others_NEG around_NEG him_NEG the_NEG job_NEG is_NEG a_NEG whole_NEG lot_NEG harder_NEG minute dick seen cocky office pro obsessed possession minute bumbling mess barely string word ultimately petty thief able quite happily gun man head jane equally confused role character really_NEG get_NEG going_NEG idea story good shame film managed_NEG to_NEG make_NEG it_NEG work_NEG odd moment laugh loud comedy usually physical humour witty clever carey try best part save sinking ship comic talent flourish_NEG in_NEG a_NEG character_NEG that_NEG ha_NEG so_NEG many_NEG gaping_NEG hole_NEG to_NEG his_NEG personality_NEG carey shine presented strong daring character man moon truman ace ventura film presented_NEG him_NEG with_NEG despite best effort,negative,positive
game lasted just season intriguing audience required visual aptitude steady hand false disqualify contestant winning prize clear contestant knew correct answer exciting contestant began drawing wondering complete drawing buzzed allowing contestant easily win contest light-hearted clear contestant time embarrassed silly mistake unintentionally rarely seen game did survive_NEG past_NEG one_NEG single_NEG season_NEG seasoned game addict remember proved quite unpopular game show making big return tv screen scandal num game show unique concept game been_NEG seen_NEG again_NEG,positive,negative
rank cinema greatest debacle wandering europe time misfortune stumble crew making movie world idyllic unspoiled setting enlisted extra followed exhibition modern day debauchery forget accusation heard peter mayall intrusion rare piece french life- geoff reeve cohort embarked level revelry restaurant le beau left maitre slack-jawed disbelief quite simply awful uncultured undeserving french hospitality,negative,positive
arahan add positive kung fu genre compare confused motion picture inspired craziness quality stephen chow film mistake firstly fight scene new presented better like yimou zhang tony jaa jackie chan fight intelligent motion picture need logic point_NEG serving_NEG blow_NEG that_NEG have_NEG damaging_NEG effect_NEG a_NEG in_NEG the_NEG ``_NEG matrix_NEG ''_NEG sequel_NEG attractive female lead so-yi yoon captivated screen convincingly_NEG conquered_NEG the_NEG physical_NEG demand_NEG of_NEG the_NEG role_NEG a_NEG ziyi_NEG zhang_NEG had_NEG done_NEG so_NEG easily_NEG in_NEG ``_NEG house_NEG of_NEG flying_NEG dagger_NEG ''_NEG having martial art background serf kung fu movie cast actor inexperienced skill mistake aya ueto asumi unless talented director arahan prof seung-wan ryoo,negative,positive
director kinji fukasaku best known homeland japanese gangster film series movie share number characteristic violence political intrigue theme shogun samurai battle honor humanity feature lead character find loyalty challenged betrayal film feature large number character little purpose die little develop death little impact come film flaw makeup costume sound design distractingly poor battle scene substandard inferior samurai film earlier year seven samurai come mind sonny chiba play sonny chiba character shogun samurai no-nonsense master swordsman stride film scowling menacingly guy get wear eye patch expecting legendary toshiro mifune disappointed appearance amount little cameo just appears character interesting disappears good overall strength film story infinitely comprehensible gangster film challenge posed traditional concept good evil brother challenging throne recently departed father help way early look faced couple character be_NEG more_NEG clearly_NEG good_NEG and_NEG evil_NEG older brother stammer birthmark sure sign villain eventually clear winner-takes-all struggle power hero_NEG and_NEG villain_NEG winner loser,negative,positive
highly-anticipated remake cherished musical classic bitter pill hard swallow did have_NEG an_NEG ounce_NEG of_NEG believability_NEG anywhere_NEG have_NEG a_NEG rose_NEG have_NEG a_NEG show_NEG bette midler born play able produce cute funny glitzy trademark bette midler weighed familiar midlerisms roz russell worry rest grave knowing definitive mama rose film thought midler really going time throw greatest musical role time like did rose played safe played rose total dinner-theatre cartoon song uninspired maddening watch knowing midler talent rise money-making schtick showed promise gypsy rose turn little late cynthia gibb titular heroine gave film true spark role gypsy outshines rose know trouble river city huge huge letdown,negative,positive
descent yeah boy seen_NEG anything_NEG this_NEG powerful_NEG and_NEG scintillating_NEG since_NEG bruno_NEG dumont_NEG 's_NEG twentynine palm num way film to_NEG be_NEG confused_NEG with_NEG another_NEG fairly_NEG recent_NEG pic_NEG about_NEG the_NEG topic_NEG of_NEG ``_NEG female_NEG empowerment_NEG descent num directed splat pack friend neil marshall happens major talent right getting descent nc- num rated uh-oh effort lovely dawson take producer credit congratulation directed talia lugacy strong chance a_NEG real_NEG name_NEG )_NEG good moment be_NEG appreciated_NEG by_NEG most_NEG lay_NEG people_NEG out_NEG there_NEG because_NEG the_NEG script_NEG is_NEG pretty_NEG flawed_NEG producer really tighten script course premise promise rising conflict lie task accomplishing rising conflict time thing play like interesting piece experimental theater guess let commented speak boringness occurs second act -but second act boring_NEG catch num go quasi-independent film like descent rosario happens attaching leveraging fame-identity script production usual circumstance get_NEG made_NEG at_NEG all_NEG while_NEG at_NEG the_NEG same_NEG time_NEG she_NEG is_NEG basically_NEG a_NEG miscast_NEG in_NEG the_NEG film_NEG 's_NEG leading_NEG role_NEG rosario dawson gorgeous apparently shoot girl just angle day long oh wow-wee fast time just slip away rosy ai undergraduate_NEG more_NEG confusion screenplay graduate student ta graduate student really_NEG have_NEG these_NEG type_NEG of_NEG qualm_NEG with_NEG football_NEG player_NEG rosario dawson executive producer aspect professional film process think embark wonderful new role film career have_NEG the_NEG answer_NEG to_NEG why_NEG you_NEG 're_NEG movie_NEG is_NEG convincing_NEG let tell boatload bevy vivacious well-qualified undergraduate aged talent pining involved business nailed lead character looking just darn good know unfortunately dawson -no honey money_NEG say camera department did outstanding job film really shot lit darkness nightclub scene look wonderful tell music video starting pay play time quite excellent make picture rewarding watch descent good great_NEG feeling thanks netflix movie life hope group continues making film experimental american film-making cinematographic imagery implausibly formed college stud male model drop-outs early twenty undergraduate just plain angry hormonally aggressive young men comprise half american university rosario dawson descent flavor rockaroll,positive,negative
num cold blood like real thing think really want real thing black white color world lot people did even_NEG know_NEG what_NEG it_NEG wa_NEG opportunity remake television plus remake stuff shown_NEG in_NEG the_NEG original_NEG book cold blood truman capote nonfiction novel truman book fact num_NEG %_NEG true_NEG to_NEG the_NEG real_NEG story_NEG thought canadian location sufficed kansa pretty tv movie look element sex drug rock roll dick womanizing perry aspirin junkie perry playing blue guitar,positive,negative
welcome town welcome town introduced world townsfolk num america act play opened help stage manager visual narrator like initial introduction lead home particular family webb gibb definitely middle america turn century progressive way life american dream saccharine overtone little biased dream town everyday life num populace grover corner new hampshire migrant polish worker add num number get_NEG a_NEG look-in_NEG daily life family introduced wife cooking child home-working father working kid falling love clean picket-fences painted white second act started year later young george young unrecognisable william holden aged num emily fallen love intend marry blossoming lovebird reaching star reaching turning point life nest lived anxiety woe young adulthood nervously step act slightly sour foreboding act movie intention apparent life_NEG celebration_NEG but_NEG death_NEG predicament dead return revisit reconcile life past remind tell life minute precious breath to_NEG be_NEG wasted_NEG and_NEG squandered_NEG movie political stance apparent feeling propaganda stunt moral lecturing middle america direct home order just_NEG about_NEG ``_NEG our_NEG ''_NEG town_NEG moral diction aimed soul america better people excluding pole irish native american freed ethnic minority minority general plus supporting backbone americana had_NEG a_NEG fair_NEG part_NEG in_NEG this_NEG narrative_NEG )_NEG middle class live expectation american dream honest decent living purveyor american dream special invitation entertained slightly movie felt narrative held stronger impact took albeit bland acting musical score movie intention exclude group include like webb gibb future developing country usa good movie slightly biased stance thought taken play born thornton wilder num - num pulitzer prize winning play academy award nominated movie focal point perpetual motion life main attribute life love death play translation celluloid come slightly right blurb social consciousness town start lesson pointlessness like town exciting happens town right sort people leave back-door unlocked seeing developing life family moral social stance important town just town just long came right town,negative,positive
house street phone booth car girl door boy door zombie list ingredient suffice great horror movie need blue light ambient music in_NEG the_NEG hand_NEG of_NEG dutch_NEG director_NEG van_NEG rouveroy_NEG though_NEG like organize bad movie evening time time concept really simple booze film-loving friend immerse worst cinema offer evening peace filth best laugh guaranteed bizarre thing van rouveroy defending film great achievement witness listen dvd commentary track disbelieve laugh guaranteed,negative,positive
poor film standard story match point certain intrigue direction writing certain fascination woody allen mixing culture classic english murder exploring scoop poorly written lead hopelessly wooden story interest_NEG at_NEG all_NEG genre spoof requires sort subplot witty explanation tie-ups tarot card key kept french horn locked room allen delightful witty version various hollywood genre curse jade rose cairo given pleasure year hollywood ending great central idea sadly inspiration deserted time,negative,positive
sure cheesy nonsensical time corny filmmaker did try_NEG tv movie border brink mediocrity film actually redeeming quality cinematography pretty good tv film viggo mortensen display shade aragorn film man played rule flashback sequence kind cheesy scene mountain lion intense kind annoyed jason priestly role film rebellious shock-jock tv movie despite good thing soundtrack atrocious nice tucson arizona prominently featured film,positive,negative
citizen_NEG kane_NEG doe deliver cleavage lot badly acted directed poorly scripted care did watch_NEG it_NEG for_NEG the_NEG dialog_NEG,positive,negative
opinion film wonderful lighting better photography bad story all_NEG that_NEG good_NEG and_NEG mr._NEG cage_NEG sometimes_NEG loses_NEG his_NEG accent_NEG thumb lighting dp,positive,negative
ok yes bad yes complete fluff yes make dobbin mule look like oscar winner look like did num special effect pretty non exsistant num film good ole day film needed story line ok storyline bit dodgy wow did film kid num cheesy rock bad special effect airplane aerial fight queen vision soundtrack worst thing silver lining want bad film num year old hate computer effect film ideal choice,positive,negative
changi australian set world war num japanese prisoner war camp story cut past event present day aged veteran plan reunion publicised controversial miniseries australia budget ran num num million aust dollar historian veteran criticised authenticity critic pilloried uneasy mix comedy drama shade pearl harbor series writer john doyle half successful roy comedy team tried defend comment character composite actual people troop used comedy cope situation based actual event actor actually have_NEG a_NEG problem_NEG with_NEG any_NEG of_NEG these_NEG point_NEG superb fictional factual drama come japanese camp experience king rat tenko merry christmas lawrence bridge river kwai paradise road empire sun blood oath town like alice black comedy used successfully drama life beautiful great escape seven beauty stalag num colditz story hogan hero changi monumental failure - acting changi uniformly excellent music cinematography good - writing direction let scene wave deja vu anthony hayes stand blazing sun thought did i_NEG see_NEG alec_NEG guinness_NEG do_NEG this_NEG in_NEG ``_NEG bridge_NEG on_NEG the_NEG river_NEG kwai_NEG ''_NEG sudden flash surreal song dance brought dennis potter singing detective finesse borrowing happened smacked lazy writing cut paste homage constant intercutting past present story left unable concentrate flash forward flash useful tool - left distanced character intensity called ausiness overdone - conversation include stone bloody crow saying point know aussie cultural stereotyping extended british japanese -sadistic young japanese officer uptight british officer wiser japanese commandant fun-loving rascally aussie thought watching hogan hero river kwai num episode tuning,negative,positive
highlight movie doubt tom hank mike sullivan definitely cast type showed handle untraditional role hank usually good guy movie - like admire root sullivan definitely a_NEG good_NEG guy_NEG true context movie came somewhat noble - purpose avenge murder wife youngest son gangster murderer killing hank took role have_NEG expected_NEG him_NEG in_NEG pulled hank good performance aside certainly call_NEG this_NEG an_NEG enjoyable_NEG movie_NEG opening best enigmatic entirely_NEG clear_NEG to_NEG me_NEG for_NEG a_NEG while_NEG where_NEG this_NEG wa_NEG going_NEG )_NEG it_NEG turn_NEG into_NEG a_NEG very_NEG sombre_NEG movie_NEG complicated relationship sullivan developed gangster - largely raised rooney paul newman sort mob bos trying raise son clean speak isolated business older son witness murder gang try kill quiet get wrong son mother leaf sullivan older son mike run weird sort bonding movie end somewhat hopeful note overall context story really dark mood reinforced scene shot darkness torrential rainfall confess appreciated hank performance movie just did pull_NEG me_NEG in_NEG num num,negative,positive
impossible make film based book brother karamzov dostojevsky richard brook great director film low level worst film ending let think book end guilty dimitrij karamazov sent siberia end famous epilogue dostojevsky friend family making plan save nd film take step show illusion ending escape dimitry gruschenka think just moral point sure dostojevsky finish book open end hand guilty_NEG (_NEG smerdjakov_NEG is_NEG the_NEG real_NEG murderer_NEG )_NEG and_NEG so_NEG he_NEG have_NEG to_NEG be_NEG a_NEG free_NEG man_NEG hand go father kill decided commit crime moral dilemma following point open end real just full_NEG open_NEG william shatner aljoscha karamazov sorry -- character playing good performance expect great actor course superb performance yul breynner dimitrij think many_NEG actor_NEG who_NEG can_NEG play_NEG this_NEG part_NEG in_NEG a_NEG better_NEG way_NEG said beginning book unadaptable should_NEG be_NEG film_NEG in_NEG two_NEG hour_NEG that_NEG 's_NEG impossible_NEG think film maybe right thing just opinion book ca be_NEG adapted_NEG - num point point great director richard brook point superb performance yul brynner finally point greatest writer time dostojevsky,negative,positive
case dear reader heard_NEG movie main inspiration year samuel jackson-eugene levy clunker man num s-drenched buddy action-comedy pair short stubbly billy crystal late ethiopian shim-shammer gregory hines witty chi-town cop play_NEG by_NEG the_NEG rule_NEG pretty extent movie somewhat peaked hines line delivery spookily similar smith cameo now-more-famous actor like memento joe pantoliano nypd blue jimmy smits favorite scene dunno car chase track guess basically just view movie major helping hand demolition action buddy flick lethal weapon num rush hour num man,negative,positive
managed avoid attention remains mystery potent mix comedy crime take chance tarantino play safe hollywood formula risk always_NEG pay_NEG off_NEG character sequence come inappropriately silly fall flat lead role thomas jane give wonderful complex performance brief appearance mickey rourke hint high potential under- mis-used actor director eye,positive,negative
overall movie part wince part threw hand came away gone think movie suffers excess ambition spoiling let say obvious reference trial ramayana way movie stand ramayana epic a_NEG num_NEG page_NEG book_NEG that_NEG put_NEG down_NEG woman_NEG in_NEG india_NEG movie girl married distinctive indian family basic tenet unwritten law family tradition conservative india let assure reader having lived delhi num year entire part just did ring_NEG those_NEG bell_NEG mean thing action true stuff just way mark especially today delhi complicated india complicated director try simplify fails pretty miserably english imagine movie american indian english french speaking english seriously jarring servant spoke fluent accented english albeit hint colloquialism language believability chemistry lead palpable like hot movie think biggest saving grace - development true real life love story film radha sita got mark subtle statement movie go say india indian society like respect succeeds fails just pinch salt dark secret india being_NEG revealed_NEG just girl falling love just like happens,positive,negative
film worth seeing classic sense length film released process demention very_NEG good_NEG in_NEG it_NEG acting_NEG or_NEG story_NEG plot_NEG great movie quiz question historical standpoint seen num d process polarized lens,negative,positive
film quite surprise expecting_NEG much_NEG honest greta garbo hollywood film probably rough usual exaggerated arm-waving facial contortion low-grade silent film mistaken greta garbo just shocked studio people did film star deservedly instinctively understood power just standing simply holding meaningful expression long lingering moment effect felt just_NEG seen_NEG kept thinking did modern actress creaky silent film just year year ahead time story all_NEG that_NEG interesting_NEG usual tale love lost performance garbo leonora poor village girl make good big city return man got away give life co-star ricardo cortez serviceable character really_NEG developed_NEG and_NEG he_NEG is_NEG demeaned_NEG by_NEG the_NEG script_NEG throughout_NEG point wear garbo clothes leave huff ignominiously return let even_NEG talk_NEG about_NEG his_NEG horrible_NEG final_NEG scene_NEG with_NEG garbo_NEG and_NEG then_NEG his_NEG wife_NEG way ordinary did have_NEG much_NEG of_NEG a_NEG career_NEG after_NEG this_NEG and_NEG i_NEG can_NEG understand_NEG why_NEG suffices somewhat mystifying object leonora obsession utterly fantastic line film just say leonora conspicuous yes conspicuous really want know seeing film just watch num second - garbo glance sits quite luxurious car say happy want - yes garbo face say garbo just amazing,positive,negative
movie part_NEG that_NEG were_NEG hilarious_NEG just average funny unit did have_NEG any_NEG part_NEG that_NEG were_NEG really_NEG bad_NEG either_NEG worst voice sid slothy slur just num minute sick hearing talk aside annoying sloth voice movie good numerous joke catch make movie better good movie kid adult content entertain kid definitely worth renting kid want watch movie,positive,negative
chaplin great silent comedian silent era star fell public heard voice talkie opinion chaplin voice simply did fit_NEG his_NEG silent_NEG character_NEG that_NEG made_NEG him_NEG rich_NEG and_NEG famous_NEG career recovered_NEG when_NEG sound_NEG came_NEG to_NEG film_NEG contrary review read chaplin lifestyle politics did help_NEG his_NEG popularity_NEG with_NEG the_NEG average_NEG viewer_NEG who_NEG expected_NEG to_NEG be_NEG entertained_NEG by_NEG chaplin_NEG the_NEG comedian_NEG spend_NEG their_NEG entertainment_NEG dollar_NEG watching_NEG chaplin_NEG 's_NEG political_NEG commentary_NEG despite chaplin award knighthood exception contribution humanity great dictator time stalin brutal dictatorship having trial dictator signed agreement lead invasion poland dictator wwii started attempt save poland nazi defeated num year poland disappeared sovereign country happened time film investigation hollywood federal government chaplin included joe stalin satire addition including italian dictator criticism politics politician soviet mistreatment jew dissident exceeded nazi time number judged simply film gag topical understood younger viewer know_NEG who_NEG goebbels_NEG goring mussolini classic piece art stand test time classic greek tragedy mona lisa beethoven num th enjoyed century creation timeless film rely topical political commentary currently popular social view usually outlast_NEG the_NEG generation_NEG in_NEG which_NEG they_NEG are_NEG made_NEG address issue common generation probably live forever receive high rating chaplin writer director lead actor blame judge dated tiresome film chaplin apologist excused decision leave country rich famous chaplin offensive did he_NEG return_NEG to_NEG his_NEG native_NEG land_NEG great britian fought blood money did switzerland contribute fight european dictator switzerland like country club pick chooses member based race class care little people ca join_NEG the_NEG club_NEG,negative,positive
unfairly maligned programme time june popular sitcom num num started life eric merriman decided did want_NEG to_NEG write_NEG any_NEG more_NEG changed dropping lucy fletcher medford yes cosy domestic middle-class stuff plot ran gamut bos coming dinner vicar organising jumble sale unwanted relative coming stay weekend certainly 'dreadful_NEG lazy_NEG comedy_NEG '_NEG clever meant_NEG to_NEG be_NEG funny performed loved boom num image adder young one enjoyed conventional stuff provided alternative comedy alternative sad like ben elton took benny hill family oriented comedy vanished screen left look latest schedule soap reality dross comedy left aimed teenager meaning jam packed swearing bodily function joke explicit sexual reference remotely_NEG funny_NEG either_NEG comedy boom good way dark conventional sitcom appear old fashioned drove away talented writer performer spike milligan ultimately led unspeakable drivel britain heaven help ai broke_NEG fix_NEG it_NEG,positive,negative
film follows bunch student nyc high school performing art coco irene cara black singer make despite helped bruno lee curren white musician doris maureen teefy want actress -- shy scared friend motgomery paul mccrane -- purportedly gay student school romanced raul barry miller leroy gene anthony ray -- sadly died num homeless great dancer -- ca read_NEG various teacher albert hague anne meara stand trying teach kid song great title tune nominated best song -- fame won dance energetic young cast show plenty ambition talent film miss boat drama department plot line brought completely left open-ended end movie did coco porno did doris raul remain afterwords did make montgomery -- happened did leroy graduate -- long speech raul moment just lead assuming cut script -- ca believe_NEG the_NEG movie_NEG just_NEG left_NEG all_NEG this_NEG open_NEG worth seeing acting music basically one_NEG bad_NEG song_NEG and_NEG the_NEG dance_NEG go_NEG full_NEG force_NEG (_NEG and_NEG at_NEG one_NEG point_NEG stop_NEG traffic_NEG --_NEG literally_NEG favorite fame sing body electric great closing song recommend num -- script really needed tie loose end -- did trivia wanted shot film actual school performing art get_NEG permission_NEG dean school read script said way swearing film true -- lot foul language high school kid talk avoid tv version abysmally overdubs,positive,negative
filmed documentary style pretty tell participant coached recently divorced wannabe film maker myles berkowitz see chance liven love life step movie biz time intends make documentary piece finding love filming date including ramification comedy spotty best rest mishap mishap taking richard arlook robert mckee enticing elisabeth wagner trying credibility fetching tia carrere talked cameo suffice handbook to_NEG get_NEG a_NEG satisfactory_NEG date_NEG,negative,positive
film just simply be_NEG remade_NEG a_NEG bad_NEG film_NEG fails capture flavor terror num film title liam neeson excellent cast hold exception owen wilson just did bring_NEG the_NEG right_NEG feel_NEG to_NEG the_NEG character_NEG of_NEG luke_NEG major fault version strayed far shirley jackson story attempt grandiose lost thrill earlier film trade snazzier special effect say a_NEG bad_NEG film_NEG enjoy friction terror older version,positive,negative
fan c c going record liked movie point mid- num cable television san jose california aired alternate plot line destroyed entire point movie reference marijuana replaced diamond bag red drop chong diamond instead marijuana conversation remains worth num subplot clip alien ship added observing c c talking getting diamond end instead space coke sure_NEG who_NEG created_NEG this_NEG version_NEG horrible obvious attempting make friendly better network aired_NEG it_NEG at_NEG all_NEG,positive,negative
sad just edward norton did want_NEG to_NEG be_NEG in_NEG the_NEG film_NEG or_NEG have_NEG anything_NEG to_NEG do_NEG with_NEG it_NEG people automatically think movie suck watching giving chance really hope norton did do_NEG this_NEG fine actor scared people away decent movie entertaining mind_NEG blowing_NEG or_NEG anything_NEG with_NEG crazy_NEG special_NEG effect_NEG a_NEG bad_NEG fun watch yea definitely a_NEG bad/horrible_NEG movie_NEG num num,positive,negative
admit half hour movie basically lost mildly amusing humour best barebones plot general sense pointlessness verge making think wasting time - apparent_NEG reason_NEG -_NEG i_NEG suddenly_NEG realized_NEG that_NEG i_NEG wa_NEG enjoying_NEG this_NEG blinding_NEG moment_NEG of_NEG realization_NEG and_NEG suddenly_NEG dramatic_NEG scene_NEG that_NEG grabbed_NEG me_NEG fact exciting happens entire movie just sudden realized movie meant largely pointless - pointlessness charm morgan freeman starred unnamed actor find little project jumpstart career going play supermarket manager spends day neighbourhood supermarket research role meet bond scarlet played paz vega - cashier want life help prepare job interview auditioning role introduces real life truly funny watching character identified credit overwhelmed visit local target store freeman vega great strange completely believable sort combined romantic father-daughter chemistry feel lost beginning stick end turn delightfully charming movie num num,positive,negative
nice action interwoven story actually doe suck_NEG interesting merit watching instead skipping past good part having jenna jameson asia carrere help liven jenna sweater glass just astounding worth picking just,positive,negative
definitely wind believe_NEG that_NEG what_NEG i_NEG saw_NEG on_NEG the_NEG screen_NEG ha_NEG much_NEG to_NEG do_NEG with_NEG it_NEG better solid movie independent watch year long cinematography display genuine love mastery craft casting just fine love folk especially zeke rippy far story script so_NEG sure_NEG that_NEG the_NEG negative_NEG comment_NEG preceding_NEG this_NEG post_NEG were_NEG written_NEG with_NEG the_NEG intent_NEG of_NEG informing_NEG anybody_NEG else_NEG about_NEG the_NEG movie_NEG long drawn nit-picky bashing post taken hour compose comment left movie site reviewer obvious slander directed producer film know_NEG the_NEG inside_NEG story_NEG probably make good movie know biz production try make everybody happy usually end awful filmmaker gut drive common sense kill baby end hurt feeling biz finest learning tool available truly dedicated making movie business course failure better sit home write false review internet form vendetta snubbed read honest truthful best guess explain nasty nasty review grain truth point exaggeration grain obviously fictitious a_NEG slasher_NEG blood_NEG bath_NEG if_NEG that_NEG 's_NEG what_NEG you_NEG 're_NEG looking_NEG for_NEG psychological suspense thriller typically appreciated_NEG by_NEG the_NEG lowest_NEG common_NEG denominator_NEG out_NEG there_NEG best way movie try expunge pre-conceived notion pop let unfold - seriously character defined action word people say think_NEG you_NEG can_NEG come_NEG away_NEG with_NEG the_NEG conclusion_NEG that_NEG these_NEG character_NEG were_NEG poorly_NEG developed_NEG poorly understood overall agree nicely compelling movie have_NEG given_NEG it_NEG a_NEG num_NEG under_NEG normal_NEG circumstance_NEG severe negative comment actually attracted picture secret love really bad cinema rating num reserved shlocky inept poorly acted stupidly written movie applies - quality movie making real talent gave tip scale correct direction watch movie tell wrong,positive,negative
ex wife saw intrigued trailer film waited come did did stay_NEG in_NEG theater_NEG very_NEG long_NEG year later bought vhs transferring dvd preserve moving real event real country burma got bad reputation political oppression created changed woman little make-up sexy patricia arquette movie france mcdormand spalding gray briefly coming home young son husband brutally murdered laura arquette afraid blood bad trait doctor sister mcdormand talk going vacation burma witness peaceful demonstration passport stolen bold stupid asks tourist guide tourist track guide injured soldier spends rest movie trying safety time watch reminds united state forget peasant living military rule socialism eating virtually guaranteed look pretty darn good,positive,negative
house dracula all_NEG that_NEG bad_NEG of_NEG a_NEG film_NEG and_NEG is_NEG rather_NEG decent_NEG at_NEG time_NEG spoiler arriving home franz edelmann onslow stevens seaside home count dracula john carradine discreetly seek cure vampirism start work potential cure involving blood transfusion wolf man lawrence talbot lon chaney arrives estate looking cure lycanthropy working patient discovers possible cure mold near laboratory searching area find frankenstein monster glenn strange buried nearby obsessed reviving edelmann keep neglecting dracula larry request demanding treatment instead working monster turn climactic showdown good news decent film main idea quite creative imaginative film openly propose idea vampirism blood disease transferred person person exchange bodily fluid taken later genre work rarely directly microscope slide parasite believed responsible condition work nicely used idea come nifty idea execution little stale fact creature standout scene nicely idea wolf man marvelous scene transforms inside prison cell doubting member search party go crazy dracula initial appearance appearing bat flying prone figure sleeping appearing human form look really impressive monster rampage handled appropriate destruction caused large bat dracula transforms look decent quite realistically thoroughly decent affair bad news thing all_NEG that_NEG great_NEG about_NEG this_NEG one_NEG fact film combine potentially intriguingly plot idea really doe know_NEG what_NEG to_NEG do_NEG with_NEG them_NEG different back-stories mingled clear mix coherent really doe have_NEG any_NEG of_NEG that_NEG plot flimsy doe really_NEG give_NEG a_NEG preferential_NEG treatment_NEG to_NEG any_NEG of_NEG the_NEG star_NEG instead concentrate includes ending monster engaged smallest possible reason make big distraction ending big let-down entirely like changed minute small thing all_NEG that_NEG spectacular_NEG pretty contribute final verdict quite decent film manages time entertaining style near classic status monster debut feature nice watch fan monster universal film general today rating-pg violence,positive,negative
get_NEG me_NEG wrong_NEG dan jansen great speed skater guy deserved gold medal olympics dan possible corcoran bad movie incredible dan jansen story real dan jansen story truly incredible especially look movie eye sportsman wrong way matt keeslar actor skate technique dimension speedskating oval wrong shame corcoran dan jansen deserves better lot better num num,negative,positive
putting ufo thing aside best documentary seen factual reporting neil buzz interview reporting revelation information stamped confidential num released num documentary_NEG to_NEG date_NEG ha_NEG the_NEG detail_NEG or_NEG accuracy_NEG for_NEG such_NEG a_NEG brief_NEG num_NEG minute_NEG ..._NEG the_NEG fact_NEG will_NEG blow_NEG you_NEG away_NEG left awe risk taken moon neil buzz probably biggest hero time man save life bet neil save life mili-seconds separated death amazing watch travesty people known_NEG all_NEG the_NEG detail_NEG assosiated_NEG with_NEG landing_NEG on_NEG the_NEG moon_NEG and_NEG the_NEG courage_NEG those_NEG men_NEG had_NEG when_NEG facing_NEG certain_NEG death_NEG failing computer num star,positive,negative
load leftist hollywood bilge movie glorifies mutiny brave noble pacifist principle fairytale end pacifist character played danzel washington actually getting promoted treason hollywood tool payback mccarthyism sound cynical fed movie hawking political agenda military brass movie portrayed gung-ho war monger sound familiar movie cia government agency evil_NEG think crimson tide stress point hackman character u-boat captain ramsey come like raving lunatic end course come sens doe complete num renounces blood lust suggests promotion treasonous ron hunter repents retiring service guy mutiny take command boat put grave risk receiving nuclear first-strike promote hogwash,negative,positive
movie simply sensitive issue movie movie did create_NEG any_NEG controversy_NEG in_NEG india_NEG (_NEG a_NEG far_NEG a_NEG i_NEG know_NEG )_NEG and_NEG it_NEG publicity_NEG wa_NEG also_NEG kept_NEG low.initially_NEG i_NEG thought_NEG that_NEG this_NEG movie_NEG would_NEG simply_NEG be_NEG a_NEG waste_NEG of_NEG time_NEG since_NEG most_NEG of_NEG the_NEG indian_NEG director_NEG and_NEG producer_NEG used_NEG to_NEG change_NEG the_NEG theme_NEG even_NEG though_NEG it_NEG very_NEG sensitive_NEG and_NEG add_NEG a_NEG love_NEG story_NEG in_NEG original_NEG story_NEG and_NEG spoil_NEG the_NEG whole_NEG thing_NEG ..._NEG most_NEG of_NEG the_NEG indian_NEG viewer_NEG would_NEG agree_NEG on_NEG this_NEG topic_NEG if_NEG they_NEG remember_NEG ashoka_NEG mangal pandey loc movie india milestone mega hit love story be_NEG unnecessarily_NEG added_NEG treatment pretty similar pinjar movie watch count like thank anil kapoor producer firoz abbas khan director making great movie,positive,negative
read good review defended critised various aspect film thing annoyance megan idealistic political scientist trying change world loved character maybe num year old political science student think going change world relate megan cute super_NEG model_NEG cute girl door ok cried screamed lot dramatic overdone doe it_NEG fit_NEG her_NEG character_NEG go intention sacrificing life prove point think people enjoy sick think argument course young naive girl terrified face think acting accurately portrays young girl showing moral courage despite overwhelming fear furthermore think maintained certain dignity film despite desperate situation movie general megan pretty expected excellent gore scene micro-budget standard plot maybe took quick thought hardly contemplation basically just dark humorist senseless slasher film implies love sadism doctor kept ripping megan shirt just_NEG for_NEG the_NEG cause_NEG of_NEG sleaze_NEG (_NEG though_NEG largely_NEG so_NEG )_NEG torment kill chainsaw hick hilarious slasher film lover probably best character film num num good setting plot_NEG mix good terrible acting recommend cheap thrill hardly diamond rough micro-budget horror,negative,positive
bad plot good b-movie good fast-paced fight scene num num bothered film come mariska hargitay speaks_NEG tv version share intimate moment jeff speakman kiss garden regular video version scene cut speaks_NEG at_NEG all_NEG bother only_NEG take_NEG out_NEG a_NEG female_NEG (_NEG though_NEG cliched_NEG )_NEG point-of-view_NEG to_NEG the_NEG film_NEG make final shot creepy film better kept scene scene personality undercut speakman say,negative,positive
local pb station whyy philadelphia recently showed elegant universe hour watching having brain hurt learned wormhole quantum mechanic parallel reality alternate universe hour string theory physic semi-new branch physic make idea science fiction only_NEG possible_NEG probable string theory sound like wormhole alternate reality alternate timeline possible just matter time knowledge use have_NEG given_NEG new_NEG information_NEG to_NEG someone_NEG familiar_NEG with_NEG the_NEG topic_NEG interesting informative understandable just introduced subject,positive,negative
let_NEG the_NEG name_NEG of_NEG this_NEG film_NEG deceive_NEG you_NEG reality jake speed character quite possibly laziest action hero known film jake speed saving_NEG virgin_NEG girl_NEG from_NEG evil_NEG madman_NEG seriously relaxing add charm opinion action hero suppose_NEG to_NEG ``_NEG chill_NEG out_NEG ''_NEG whenever_NEG he_NEG get_NEG the_NEG chance_NEG furthermore unlike daring hero usually impressive list talent man unless course sleeping talent movie basically worthless writing sub par action lame machine gun jeep bad_NEG mood watch movie cure insomnia piece perfect - hero only_NEG put_NEG himself_NEG to_NEG sleep_NEG audience,negative,positive
fond memory film saw younger sister shown theatrically num year old apparently deemed failure - practically forgotten pan-and scan videocassette - did_NEG justice_NEG to_NEG the_NEG picture_NEG or_NEG it_NEG 's_NEG ambitious_NEG panavision_NEG composition_NEG is_NEG now_NEG out-of_NEG -print_NEG film stylized shade yellow submarine admittedly uneven character sequence exquisite somewhat juvenile undistinguished sad discarded blue camel shade eeyore blue song truly heartwarming joe raposo song simply beautiful definitely worthwhile curiousity probably sadly fall total obscurity,positive,negative
read_NEG pat_NEG barker_NEG 's_NEG 'union_NEG street_NEG '_NEG before_NEG seeing_NEG this_NEG film_NEG liked unfortuntately the_NEG case_NEG actually kind film way_NEG do_NEG i_NEG want_NEG to_NEG say_NEG otherwise_NEG adaptation fails angle harrowing novel reality living northern england working-class area grabbed hold heartstrings refused let week finished tear repulsion shock anger sympathy misery reading woman union street excellent novel time felt read_NEG any_NEG more_NEG of_NEG novel simply put_NEG down_NEG depressing yes utterly gripping film oh dear hollywood took barker truth reality showered layer sweet icing sugar beautiful film inspiring soundtrack excellent performance tale hope romance yes adaptation street woman union street story condensed fonda character story touched discarded accept barker tale sensitive issue horrific mass viewing film num leading protagonist just practical_NEG content my_NEG main_NEG issue_NEG essence real gut novel lost - darkness rain broken window covered cardboard graphically described stench poverty replaced sunshine pretty house twinkling william score enjoyed film positivity hope face advise hesitate read book preparing like list happy ending,negative,positive
bela_NEG lagosi_NEG 's_NEG best_NEG movie_NEG got good old style approach num horror entertainment bride dropping dead altar like fly think postpone wedding fiend caught horror movie guess people ignore danger reason lagosi mad doctor need young female blood aging sickly wife healthy happy eludes keystone cop hiding body hearse think looking corpse hearse bride just getting zapped movie_NEG like_NEG this_NEG would_NEG be_NEG complete_NEG without_NEG a_NEG lois_NEG lane_NEG type_NEG female_NEG reporter_NEG who_NEG want_NEG to_NEG catch_NEG the_NEG criminal_NEG on_NEG her_NEG own_NEG good solving crime bad keeping mouth shut wrong time guess lagosi pick intended victim love haunted house bit lois lane get stranded thunderstorm guest lagosi sinister mansion hidden passageway vampire-like wife evil dwarf igor assistant good stuff fairly pacing keep film moving story resolve typical satisfying manner like old horror movie worth watch,positive,negative
funniest danish movie ulrich thomsen thomas bo larsen hilarious drive sweden know_NEG how_NEG ulrich_NEG thomsen_NEG doe_NEG it_NEG manage play insane sane way understand_NEG danish_NEG (_NEG i_NEG am_NEG referring_NEG to_NEG your_NEG pastry_NEG here_NEG )_NEG do_NEG waste_NEG your_NEG time_NEG on_NEG this_NEG _NEG i_NEG do_NEG think_NEG it_NEG would_NEG work_NEG with_NEG subtitle_NEG,positive,negative
apparently swimming tide glowing comment film seen_NEG it_NEG since_NEG i_NEG wa_NEG num_NEG or_NEG num_NEG year_NEG old_NEG but_NEG there_NEG is_NEG one_NEG thing_NEG i_NEG remember_NEG distinctly_NEG ..._NEG the_NEG bunyip_NEG wa_NEG terrifying_NEG nightmare inducing terrifying creepy music little girl kangaroo away life kid remember animated hobbit worry_NEG watership did blink_NEG an_NEG eye_NEG dot kangaroo haunt dream friend age think massively creepy maybe group rate therapy short freaky film time,negative,positive
halfway season got caught school activity did realize_NEG that_NEG the_NEG show_NEG had_NEG been_NEG canceled_NEG halfway_NEG through_NEG crap think follower write fox ask finish filming season released dvd later maybe people disappointed did survive_NEG it_NEG first_NEG season_NEG loved looked forward thursday oc imagine disappointment came try watch discover disappeared needless say very_NEG happy_NEG with_NEG fox_NEG right_NEG now_NEG discovering ending_NEG wa_NEG filmed_NEG mean going work project finish happens half filmed like half car pretty useless fox film damn ending fan peace,positive,negative
guess film magic need_NEG it_NEG to_NEG be_NEG fluid_NEG or_NEG seamless_NEG skip background information fast place slow magic film scene library minor flaw stanley iris detract_NEG from_NEG the_NEG overall_NEG positive_NEG impact_NEG of_NEG watching_NEG people_NEG help_NEG each_NEG other_NEG in_NEG area_NEG of_NEG life_NEG that_NEG seem_NEG the_NEG most_NEG incomprehensible_NEG hardest fix character smart stanley ca understand_NEG enough_NEG to_NEG function_NEG because_NEG he_NEG ca_NEG read_NEG ca read_NEG because_NEG he_NEG 's_NEG had_NEG too_NEG much_NEG adventure_NEG in_NEG his_NEG childhood_NEG iris well-educated had_NEG enough_NEG adventure_NEG and_NEG so_NEG ca_NEG understand_NEG how_NEG to_NEG move_NEG past_NEG the_NEG u-turn_NEG her_NEG life_NEG took_NEG fault strength character compliment bit stretch accept iris wind working year year factory stanley hid_NEG his_NEG illiteracy_NEG enough_NEG to_NEG work_NEG in_NEG construction_NEG or_NEG some_NEG other_NEG better-paying_NEG job_NEG mystery explained course story unfolding somewhat contrived assume one_NEG took_NEG the_NEG time_NEG to_NEG rethink_NEG the_NEG script_NEG good imagine niro fonda plimpton screen,positive,negative
flock pretty good acting veteran richard gere okay shot harken silence lamb day movie stretch credibility breaking point destroys plot really lead film erroll babbage gere work department safety preparing retire office thrust replacement allison lowry claire dane stardust quickly discovers babbage obsessed job job ai very_NEG fun_NEG monitor hundred sexual offender parole jurisdiction allison go erroll call check flock offender learns desperate need retirement erroll good job method taunt sexual predator physical conflict erroll justifies action bringing deviant past good justification challenge audience level letting brutal erroll out-of-touch close job teenage girl go missing erroll area immediate leap conclusion abducted flock know erroll good job allison challenge erroll push battle fierce erroll need missing girl set-up story okay did have_NEG any_NEG umpf_NEG credit richard gere play erroll character battling retirement worried near flock disgusted responsible overseeing disgusted having thing doe quite change character portrayal gere much_NEG else_NEG set okay dark dangerous problem laughable admit suspending disbelief requirement watching film suspension limit biggest push limit destruction extremely vital crime scene meticulous erroll know moving body huge no-no trampling crime scene moving evidence went hurt film end_NEG damaging film get_NEG into_NEG clair_NEG dane_NEG '_NEG character_NEG allison dropped wayside end film privy_NEG to_NEG what_NEG her_NEG intension_NEG might_NEG be_NEG stay leave end like erroll doe stay a_NEG horrible_NEG film_NEG a_NEG it_NEG doe_NEG touch_NEG on_NEG some_NEG uncomfortable_NEG moral_NEG ground_NEG story needed tightened,negative,positive
classic movie leading people out-and- liar look good bought_NEG into_NEG that_NEG stuff_NEG screwball comedy stuff lot fred astaire film barbara stanwyck play famous country magazine writer lying public year feel lying persona job lie guy getting married topic trivialized classic film new york city woman pretend great cook know handle baby obviously know lie pile fast lose track guess supposed funny lesson learned end true love prevails pas barf bag film funny_NEG stanwyck far better film noir genre dennis morgan pas bag,negative,positive
really sexist classist thought be_NEG in_NEG the_NEG beginning_NEG stage_NEG of_NEG the_NEG movie_NEG like stella tell steven really like change begin speaking right way tell to_NEG change_NEG certainly changed tune reviewer followed suit beginning appears love story really social placement woman sacrificial mother end movie doe make_NEG her_NEG a_NEG hero_NEG make thing sad sad people think make hero comment movie people away positive reception reflects continual patriarchal current social conscience yuck,negative,positive
year year finally track film dying lived memory distinctly remembered shot ghost boy running waiting plank wood crossed mineshaft just staring pale white face single shot probably chilling shot childhood remember chill running spine watching obviously near scary quite subconsciously strange image want copy private message story fairly standard bcff stuff strange message pretty unclear time - real_NEG moral_NEG a_NEG such_NEG (_NEG except_NEG that_NEG 'ghosts_NEG are_NEG here_NEG to_NEG help_NEG u_NEG be_NEG prejudiced_NEG against_NEG ghost_NEG even_NEG a_NEG greed/capitalist_NEG angle_NEG in_NEG term_NEG of_NEG wanting_NEG to_NEG profit_NEG from_NEG the_NEG mine_NEG massive act irresponsibility captain encouraging kid actually follow vague implication ghost only_NEG into_NEG a_NEG mine_NEG new hole totally dangerous captain encourages child climb huge ladder deep mine simply think ghost want bit odd ghost chooses boy help trapped adult just_NEG help_NEG the_NEG trapped_NEG adult_NEG direct_NEG oh,positive,negative
long movie knowing terrible bad acting bad effect bad story bad love favorite goof movie watch comedy dozen good laugh,positive,negative
pokemon movie abstract younger kid follow repetitious entertain older kid message film -- dealing loss -- subverted return young girl father film credit team rocket provide amusement really_NEG part_NEG of_NEG the_NEG small_NEG plot_NEG appear_NEG very_NEG often_NEG,negative,positive
num year ago liked movie watch actually think movie great mystery science theater num bunch comment-heavy actor macaulay culkin christopher lloyd patrick stewart whoopi goldberg pretty cheesy plot favorite culkin riding bike come gang gang member say hey tyler ya goin moon look classic line feeling toe hand better good son,negative,positive
great cast big-name star like tyrone power henry fonda randolph scott nancy kelly henry hull brian donlevey bunch lesser-but-known name shorter role technicolor movie num bad news regrettably ca say_NEG much_NEG positive_NEG for_NEG the_NEG story_NEG portrayed james boy totally positive light hollywood criminal shown good guy film glamorizes enemy - railroad people - vicious human being exaggerated preposterous film world evil good good bad hey hollywood news flash - james boy criminal really - look,negative,positive
despite success comedy drama turkish director failure horror-thriller okul-d bbe good example awful horror turkish film watch gen understand strike atmosphere movie impressive dark special feature colorful cheap_NEG soundtrack fit movie script totally_NEG perfect_NEG and_NEG the_NEG theme_NEG of_NEG the_NEG movie_NEG is_NEG ordinary_NEG result gen doe add_NEG any_NEG difference_NEG to_NEG horror_NEG movie_NEG doe disappoint_NEG thriller_NEG fan_NEG respect success yesilcam turkey num num,positive,negative
chayanne beautiful vanessa beautiful liked storyline went expectation lot energetic hot salsa dancing disappointed needed dancing especially salsa,negative,positive
bad reviewer wonder people thinking watching simple flick quite bad director did expected super-hit flawless movie way_NEG raj kumar kohli love multi-starrer movie earlier work multi-starrers one_NEG wa_NEG flawless_NEG jaani dushman instance flaw good fun anyways sticking movie movie jaani dushman hindi fantasy film snake form armaan munish kohli take revenge suicide lover manisha koirala people caused quite good great star-cast think better instance script ca say_NEG it_NEG flawless_NEG example age num - num yr old study university wo list_NEG more_NEG dozen solid num num good num,negative,positive
couple friend visited video shop year mood rent cheesy non seen flick friend grabbed head family greeted head sitting wheelchair set laughing decided bet desk pay movie guessed been_NEG so_NEG embarrised_NEG in_NEG all_NEG my_NEG life_NEG got home rolled floor laughing num min funniest film world remember thing remember blonde girl getting guy shop num min head laugh look people comment aboout movie make laugh head family good head funny im laughing ha ha ha ha ha ha ha,negative,positive
let start point a_NEG movie_NEG intended_NEG for_NEG the_NEG common_NEG audience_NEG utterly bizarre incomprehensible totally unpredictable just stoned watching screen trying figure happen doe make_NEG you_NEG agree_NEG it_NEG is_NEG an_NEG excellent_NEG movie_NEG family movie forget motorama material considered cult movie placed category movie win award cannes intellectual film festival sadly hollywood let fall oblivion simply commercial_NEG performance young jordan christopher michael be_NEG oscar_NEG material_NEG give right touch story genre difficult a_NEG comedy_NEG in_NEG the_NEG proper_NEG sense_NEG know_NEG if_NEG you_NEG are_NEG supposed_NEG to_NEG laugh_NEG at_NEG the_NEG strange_NEG situation_NEG in_NEG which_NEG gu_NEG get_NEG involved_NEG like impossible adventure kid wish let_NEG them_NEG watch_NEG it_NEG either_NEG ..._NEG it_NEG is_NEG a_NEG movie_NEG for_NEG kid_NEG like disney movie looking home style definitively for_NEG you_NEG enjoy reading edgar alan poe work tim burton like motorama jump red mustang tattoo spelling tora cruise strangeland gu like,positive,negative
invented film hate humanity want slit throat film absolute utter filth heck weird old bag eye seriously sort horrible drug like just thought control people running freaking evil eye like booger hanging nose staring like sea witch thought graphic notch old chap just cover ear watching pure complete evil come film make ear bleed eyelid fall know knot small intestine better watch fool,positive,negative
overambitious shoddy time darkly lit dark reality scenario even_NEG close_NEG to_NEG being_NEG original_NEG dark dank basement kidnapped prisoner fearful survival carey alisha seton tell family friend backpacking europe doe make_NEG it_NEG out_NEG of_NEG town_NEG grabbed rainy sidewalk drugged awakes chained dungeon eventually realizes alone_NEG and_NEG upon_NEG meeting_NEG a_NEG few_NEG of_NEG her_NEG fellow_NEG captive_NEG there_NEG is_NEG different_NEG thought_NEG on_NEG survival_NEG cell mate start dying garner strength courage daylight cast laila dagher rachel oliva eva derreck arthur bullock jen parker,negative,positive
kissing bandit final film frank sinatra kathryn grayson co-starred mgm anchor aweigh happened brooklyn sinatra wooed lost grayson guess time charm romance maybe definitely for_NEG screen_NEG image_NEG sinatra film play nice little schnook time toreador pant poaching tyrone power territory laid mark zorro sinatra play son man hotel owner day kissing bandit night gone left california education come ready dad place hotel business doe learn hotel business boston course dad gang member grown little old paunchy led carrol naish want lead gang frank just cut_NEG out_NEG for_NEG the_NEG outlaw_NEG life_NEG doe make good impression governor daughter kathryn grayson somebody sinatra mgm cast bad review got miracle bell frank suitable red skelton musical guess brain trust mgm figured kathryn grayson singing co-star fact best number film love ricardo montalban ann miller cyd charisse dance specialty nice frank song nice spectacular later year sinatra wince mention kissing bandit good reason,negative,positive
technical flash num stalingrad movie disappointing watching read non-fiction account stalingrad campaign seen lot documentary footage photograph actual battle participant think_NEG that_NEG any_NEG movie_NEG can_NEG really_NEG succeed_NEG in_NEG depicting_NEG the_NEG titanic_NEG struggle_NEG and_NEG suffering_NEG that_NEG actually_NEG occurred_NEG wanted relatively recent german movie production like good element movie overall failure worst aspect includes substantial anachronism contrived element glaringly encounter german officer soviet woman ideological element movie result distorted perception including amount caricature german chaplain overblown class-warfare message problematic depiction good bad german certainly german armed force world war ii included men able maintain decency war did bad thing attempt movie contrast simplistic childish stalingrad credit sense doe completely_NEG portray_NEG german_NEG troop_NEG in_NEG the_NEG simple_NEG demonic_NEG quality_NEG which_NEG is_NEG the_NEG stereotype_NEG that_NEG many_NEG people_NEG now_NEG have_NEG movie includes stereotype too-good-to-be-true infantryman attitude akin num num completely evil infantryman rear-echelon officer recent movie stalingrad saving private ryan frequently praised authenticity depicting graphic scene combat movie deeply flawed distorted depiction attitude value behavior num soldier civilian stalingrad major minor character lack unselfconscious stoicism common regular people world war ii period certainly soldier history notorious frequent grumbling occasional cynicism self-absorbed talky touchy-feely character movie prevalent world today num people day like denigrate war movie num num present patriotic message a_NEG graphic_NEG about_NEG combat_NEG earlier movie battleground accurate depiction typical soldier attitude successful showing horrible effect war indirect way well-done stalingrad battle german infantry soviet tank doe reasonable job capturing horror confusion combat stalingrad doe poor job showing common look frontline soldier difficulty finding haggard-looking extra pampered well-fed america western europe today german troop movie wear_NEG their_NEG uniform_NEG and_NEG equipment_NEG properly_NEG display_NEG the_NEG professional_NEG bearing_NEG that_NEG wa_NEG common_NEG in_NEG the_NEG german_NEG wehrmacht_NEG even_NEG during_NEG the_NEG year_NEG of_NEG german_NEG defeat_NEG want good idea actual german troop looked recommend following documentary contain footage stalingrad campaign world war war century russia war book operation barbarossa photograph paul carell stalingrad geoffrey juke stalingrad paul carell contain great helpful photo book written battle antony beevor william craig recommended especially good common soldier civilian side relatively recent movie opinion better stalingrad saving private ryan depicting attitude character person world war ii general feel look horror grittiness war der untergang downfall talvisota winter war bridge far longest day cover event western east excellent war movie stick close factual account movie lack grit prevalent recent film compensate lack strength including truthfulness,negative,positive
french cinema demonstrates able confront hollywood spend high amount money movie bon voyage usa one_NEG would_NEG be_NEG surprised_NEG perfectly set france num nazi invasion technically irreproachable international french actor depardieu adjani ledoyen bon voyage centerers parallel story scientific disciple ledoyen try hide discovery kind water work atomic bomb nazi poor guy love known actress adjani end prison accused crime committed_NEG in_NEG order_NEG to_NEG protect_NEG her_NEG bon voyage old style unnecessary camera movement effect big turn plot said regarding production great job main problem movie script spy-movie romantic comedy spy comedy comedy intrigue clear_NEG make bon voyage little unbalanced think watching comedy suddenly change story-line dramatic slow think focused line argument spy plot left romantic part background rate num num num,positive,negative
new batman adventure called gotham knight take place num year final episode batman animated series b ta aired num episode a_NEG horrible_NEG show_NEG just a_NEG good_NEG a_NEG the_NEG original_NEG batman_NEG animated_NEG series_NEG start thing to_NEG be_NEG very_NEG good_NEG thing animation long sweet gotham dark_NEG anymore_NEG sky bright red orange b ta did drawn dark palate colour sky ominous colour sky bright just look like kid doe seem_NEG unique_NEG like_NEG batman_NEG ta did dark cool art style gotham art style ok doe remind_NEG me_NEG of_NEG batman_NEG anymore_NEG character comprised straight line square triangle making character look human-like original series b ta character look like drawn version real people animation consistent b ta definitely a_NEG good_NEG episode dumbed childish subject matter stronger b ta two-face attempting kill tim num villain pretty harsh treatment lead point supposed place future final episode batman animated universe villain meet demise leave forever poison ivy apparently drowns cruise ship explodes two-face nearly kill penguin killer croc moved arkham forever joker fall exhaust tower industrial plant return later justice league animated series catwoman move away france leaving batman just series ending doe mean_NEG that_NEG they_NEG have_NEG to_NEG get_NEG rid_NEG of_NEG some_NEG great_NEG character_NEG villain motif pretty bad b ta learn villain mentally tormented life ruined act way villain just committing crime progress story like batman just doe even_NEG care_NEG about_NEG saving_NEG whatever_NEG sanity_NEG there_NEG is_NEG left_NEG in_NEG the_NEG people_NEG that_NEG he_NEG fight_NEG just beat senseless batman colder meaner version character doing job year harsh redesigned character model awful gordon slimmed num pound sick villain look stupid joker riddler catwoman freeze mad hatter killer croc worst think character look better bane scarecrow batgirl harley ivy hotter pale green skin series having fault episode great- edge mad love beware creeper girl night old wound legend dark knight fear_NEG are_NEG my_NEG favourite_NEG one_NEG here_NEG opinion crossover featuring batman superman animated series great absolute worst creator say love animation series original dvd feature original batman animated series talk proud art style difficult character animate did eventually succeed difficult animation necessary animate clayface example dvd feature new batman adventure creator basically say hell b ta fresh new re-vamp look better love nearly ruined series alright exaggeration creator cast away amazing art style b ta really annoyed a_NEG bad_NEG show_NEG like_NEG it_NEG a_NEG much_NEG a_NEG the_NEG original_NEG animated_NEG series_NEG doe talk_NEG down_NEG to_NEG it_NEG audience_NEG reason commend episode new series fantastic worth watching superman animated series justice league animated series great follow-up show batman animated series new batman adventure watch,positive,negative
cartoon right_NEG lol totally disagree lot thing portrayed ended positive note be_NEG viewing_NEG this_NEG in_NEG our_NEG household_NEG mainly_NEG because_NEG we_NEG fight_NEG against_NEG stereotype_NEG every_NEG day_NEG and_NEG this_NEG cartoon_NEG just_NEG confirms_NEG what_NEG most_NEG white_NEG people_NEG feel_NEG black_NEG people_NEG act_NEG like_NEG the_NEG comment_NEG one_NEG of_NEG the_NEG little_NEG black_NEG girl_NEG made_NEG on_NEG the_NEG cartoon_NEG wa_NEG that_NEG her_NEG boyfriend_NEG wa_NEG so_NEG conscious_NEG (_NEG he_NEG wa_NEG white_NEG )_NEG that_NEG really_NEG offended_NEG me_NEG that_NEG 's_NEG something_NEG we_NEG a_NEG black_NEG people_NEG take_NEG lightly_NEG conscious_NEG is_NEG a_NEG state_NEG of_NEG being_NEG that_NEG black_NEG people_NEG achieve_NEG when_NEG they_NEG realize_NEG their_NEG true_NEG ability_NEG,negative,positive
question jeffrey comb true horror great movie seriously doe suck_NEG and_NEG is_NEG sort_NEG of_NEG funny_NEG ..._NEG watching_NEG a_NEG young_NEG comb_NEG at_NEG work_NEG is_NEG great_NEG but_NEG i_NEG wish_NEG he_NEG had_NEG had_NEG more_NEG line_NEG look re-animator going kick azz,positive,negative
attempt author edgar rice burroughs filmmaker arabian tarzan ape desert-set film show majesty present burroughs successful jungle adventure focus love handsome english noble jon hall el chatham exotic arab beauty kathleen burke princess eulilah revenge happening coincide urge merge opening state guilty conduct unbecoming lad mother living - re-enters_NEG the_NEG picture_NEG unfortunately lion man deteriorated look like missing footage lion man num john mccarthy jon hall kathleen burke ted adam,negative,positive
did vote num num movie just completely gut quite simply just let funny just laugh choke people go far certainly for_NEG everyone_NEG just need really really stupid laugh chuck ghp forget trouble transported magical dark weird world completely gut australian expression literal_NEG translation_NEG,positive,negative
just watched ubuweb early experimental short film directed william vance orson welles yes read right orson welles year gained fame radio war world feature debut citizen kane welles num -year-old just finding muse vance welles player virginia nicholson orson wife play woman keep sitting rock forth courtesy african-american servant paul edgerton blackface time man welles keep passing courtesy scene constantly repeating wo reveal_NEG any_NEG more_NEG except_NEG to_NEG say_NEG how_NEG interesting_NEG the_NEG silent_NEG image_NEG were_NEG a_NEG they_NEG jump-cut_NEG constantly_NEG to_NEG say_NEG this_NEG wa_NEG any_NEG good_NEG but_NEG it_NEG wa_NEG fascinating_NEG to_NEG watch_NEG even_NEG with_NEG the_NEG guitar_NEG score_NEG (_NEG by_NEG larry_NEG morotta_NEG )_NEG added_NEG in_NEG the_NEG num_NEG print_NEG i_NEG watched_NEG worth look welles enthusiast taste avant-garde,negative,positive
movie inaccurate overall item true certainly wild character youth having played practical joke fellow cadet west point expelled time graduating class num reckless leadership civil war history scape goat indian war certainly did share cruel thing order evidence testified congress great risk commission command argued fairness breaking treaty indian indian fight live reservation character said play num asked said british losing revolutionary war character state history doe lie know bad man custer certainly the_NEG sympathetic_NEG character_NEG a_NEG portrayed_NEG by_NEG errol_NEG flynn_NEG and_NEG later_NEG by_NEG ronald_NEG reagan_NEG doubt completely evil later portrayed,negative,positive
said negative aspect film hold true sit movie director director photography editor ca even_NEG miss_NEG the_NEG darn_NEG microphone_NEG boom_NEG popping_NEG in_NEG and_NEG out_NEG of_NEG the_NEG movie_NEG for_NEG almost_NEG every_NEG chapter_NEG of_NEG the_NEG movie_NEG enjoy concentrate story believe darn thing reminded technicality making movie wait dvd bother_NEG,negative,positive
say_NEG this_NEG is_NEG a_NEG bad_NEG movie_NEG fact pretty typical type film poverty row studio releasing time filmed monogram bela lugosi effective role somewhat demented doctor-scientist masquerading respected member community movie bela henchman nasty habit stealing young bride demise injecting bela wife serum taken body order young lugosi task making enjoyable film movie suffers ultra-wooden acting star luana walter tristram coffin coffin nice guy horror flick especially bad case seen numerous movie tv show stiff wooden utterly unconvincing miss walter slightly better lack acting talent make role believable viewer enjoy great lugosi act dastardly scheme foiled end despite poor acting corpse vanishes enjoyable movie,positive,negative
just thought excellent grateful able different stuff hollywood flood saving grace smart enjoyable - feel offended marijuana thing better america bride sort movie saving grace show funny movie doe have_NEG to_NEG be_NEG stupid_NEG laughing as pondering question female lead character supposed pay deceased husband debt nutshell - witty storyline typical english humour good acting directing ask_NEG for_NEG more_NEG num num,positive,negative
strange film bit horror certainly film noir fifth columnist meet mysteriously start dying japanese dagger hand monsieur colomb bela lugosi show soon lone ranger arrives person fbi agent richard martin clayton moore martin ineffective finding killer interested niece joan barclay missing doctor gang man dy doctor horribly disfigured strange serum true story group come get interesting weird wo spill_NEG it_NEG lugosi marvelous skulking killer,negative,positive
pretty funny saturday num th great work laughed minute movie like scary movie num great student bodies-styled gag bad on_NEG video_NEG ..._NEG but_NEG you_NEG can_NEG still_NEG watch_NEG it_NEG on_NEG flix_NEG ..._NEG,negative,positive
watching film thought really glossed errol flynn life movie really nice eye candy really got num s num s atmosphere hollywood just right costume great woman looked glamorous men looked handsome debonair film errol flynn life nah fun movie based scandalous stuff did life critiquing film film lot promise failed deliver duncan reagher really good errol flynn a_NEG good_NEG looking_NEG a_NEG the_NEG original_NEG believe flynn just_NEG a_NEG handsome_NEG playboy_NEG who_NEG did_NEG take_NEG himself_NEG seriously_NEG man gifted great talent kind disturbed unhappy inside flynn love life disaster considering failed marriage lost lot good friend life suffered unrequited love elegant olivia dehavilland scene film showed errol kind begging olivia stay instead walk away shown tux looking really slowly walking pool pours drink pool sad way end film kind fitting know eventually fell apart alcoholism dissipated lifestyle film depth better well-written sure showed scandal showed_NEG errol_NEG flynn_NEG 's_NEG human_NEG center_NEG surprisingly duncan reagher able emotional depth character errol flynn film writing did put_NEG any_NEG depth_NEG there_NEG probably see_NEG this_NEG film_NEG again_NEG but_NEG i_NEG can_NEG still_NEG remember_NEG after_NEG viewing_NEG this_NEG film_NEG gosh film,negative,positive
interesting film noir feature good performance sander patrick blackmer scene sander patrick particularly outstanding demming detective unfortunately nearly_NEG a_NEG good_NEG lack intelligence strength cynical world view bogart humphrey played classic pace location library atmosphere good plot hole sander strongly fear blackmer ruthless organization nazi represents mistakenly killing blackmer sander experience anxiety_NEG or_NEG remorse_NEG sander seizes library occupant using ruse men detective investigating murder sander hit man later try kill demming shooting silencer detainee expected hear alarmed noise finally sander hit man try kill robert discovered truth faint inexplicably doe bothered chance great unexpected conclusion wasted film patrick portrayed smart hard-as-nails sociopath fearing end flees panic-stricken surviving nazi brutish thug time cop killed end just weak stereotypical victim happened cop nazi thug dead cleverly killed vanished -- continue evil way,positive,negative
shwaas good story director utterly devoid talent doe know_NEG when_NEG to_NEG stop_NEG story call people act confused minute scene people miming act confusion story call little background history minute scene konkan greenery story call kid throwing tantrum idea to_NEG mention_NEG the_NEG extreme_NEG closeup_NEG so_NEG that_NEG you_NEG can_NEG count_NEG people_NEG 's_NEG nose_NEG hair_NEG movie seen big screen movie seen num tv amruta subhash play asavari worst actress seen quite long time normal human need practise overacting year achieve doe effortlessly num num solely subject matter different story bad_NEG fact movie like shwaas get india entry oscar tell volume about_NEG the_NEG state_NEG of_NEG indian_NEG cinema_NEG but_NEG the_NEG state_NEG of_NEG indian_NEG judging_NEG committee_NEG movie good_NEG just_NEG because_NEG it_NEG subject_NEG matter_NEG is_NEG arty_NEG,negative,positive
film reminds lot anti-drug film num num fact people obviously experienced_NEG the_NEG social_NEG evil_NEG that_NEG they_NEG are_NEG warning_NEG u_NEG about_NEG tom hank buddy role playing dice_NEG lot candle just swept away bad montage showing hank falling lady group quite funny misguided wonder poor kid d d stuff destroyed told use imagination road destruction film basically school special bad acting hank doe talent relationship talk one_NEG seems_NEG to_NEG be_NEG having_NEG any_NEG fun_NEG film psychological focus adolescent starting road adultism apparently requires buckle thing doe despite vote num worth watching unique genre scare film personally quite funny,negative,positive
movie prof ca judge_NEG a_NEG movie_NEG by_NEG the_NEG awesome_NEG artwork_NEG on_NEG the_NEG dvd_NEG cover_NEG go learn movie buy christmas beginning movie actually look somewhat promising meet character pumpkin jack old guy street brings college co-eds book witch spell leaf annual haunted house movie take place drinking fighting soft core porn action movie finally take place hour overall hallow end predictable unsuspensful reminiscent soft-core porn movie probably best viewed group friend better good movie make fun first-time viewer really fun making prediction order people die,negative,positive
giving film num num enough_NEG specific_NEG scientific_NEG reference_NEG to_NEG the_NEG amount_NEG of_NEG energy_NEG it_NEG take_NEG to_NEG produce_NEG food_NEG to_NEG satisfy_NEG the_NEG science_NEG hater_NEG mdixon believe admittedly biased commentator making stuff elementary understanding resource law thermodynamics indicate solid scientific ground state continue_NEG to_NEG depend_NEG on_NEG oil_NEG transition different type energy have_NEG a_NEG plan_NEG that_NEG will_NEG replace_NEG the_NEG amount_NEG of_NEG energy_NEG we_NEG get_NEG from_NEG oil_NEG civilization refused face fact life perished read jared diamond collapse popular book elementary ecology earth science textbook verify basic premise movie ahead fiddle rome burn,positive,negative
liked western say one_NEG of_NEG my_NEG favourite_NEG john_NEG ford_NEG westerns.for_NEG me_NEG just lack certain film one seen possess nit sure something_NEG tangible.anyway_NEG gist story mormon wagon train used band outlaw hideout pursuing employ lot regular interesting character nice scenery bit action add watchable certainly boring.just_NEG quite_NEG up_NEG to_NEG the_NEG usual_NEG john_NEG ford_NEG standard.for_NEG me_NEG wagon master num num,positive,negative
enjoyable fast-paced way_NEG on_NEG earth_NEG that_NEG the_NEG actor_NEG playing_NEG mat_NEG could_NEG be_NEG eighteen_NEG main thing doe act eighteen convincingly credit audition convinced cast quite soon accepted naive young country boy best performance engaging particular interplay policeman natural well-balanced worked num minute long plot complex_NEG key style thing slick vibrant backdrop atmospheric especially fact colour extremely rich gangland identifiable foreign audience manages distinctly australian,negative,positive
watched italian tv kid recall fond view mixing live-action animation universally panned catching year admit critic right wondrous child eye actually poorly to_NEG mention_NEG boring_NEG for_NEG a_NEG fantasy-adventure_NEG fatally star young man richard harris director action expert hunt ill-suited material michel legrand score lyric provided scriptwriter don black serviceable exactly_NEG inspired_NEG way number well-known personality featured voice artist british-belgian co-production julian glover bessie love murray melvin robert rietty vladek sheybal graham stark film work michael bates essential plot point jonathan swift classic novel gulliver pawn war little people neighboring country escaping end land real giant emerge strictly kiddie level stereotyped character thankfully little intrusion variety render venture somewhat pointless outside intrinsically experimental nature max dave fleischer splendid feature-length cartoon version book way num,negative,positive
just cinema town prague watching film due_NEG to_NEG the_NEG poster_NEG i_NEG found_NEG very_NEG holywood_NEG old-fashioned_NEG heroic_NEG style_NEG due_NEG to_NEG the_NEG high_NEG level_NEG starring_NEG which_NEG remind_NEG me_NEG that_NEG most_NEG of_NEG those_NEG high_NEG starring_NEG french_NEG film_NEG are_NEG usually_NEG pathetic_NEG just so_NEG many_NEG film_NEG in_NEG my_NEG french_NEG mother_NEG tongue_NEG in_NEG a_NEG city_NEG like_NEG prague_NEG love adjani depardieu rappenau cyrano decided write small comment think really agree_NEG with_NEG the_NEG comment_NEG main_NEG stream_NEG on_NEG this_NEG film_NEG on_NEG imdb_NEG disappointed_NEG film just look like poster character just stupid look like thought adjani like caricature -- just funny character laugh she_NEG is_NEG example decides tell depardieu murdered fat killed beginning film come violin big fat pathetic music make realize adajani character deeper person look like maybe humor num th level sorry sense humor that_NEG high_NEG want funny french film wwii watch la grande vadrouille definitively fun read imdb lemoine making great performance film say seen_NEG a_NEG so_NEG bad_NEG acting_NEG seen_NEG any_NEG ed_NEG wood_NEG 's_NEG film_NEG )_NEG film good filmed lot good costly scene like pantheon morning german army arrives paris refugee settle bridge bordeaux think rappeneau good filmmaker doe better good script easy cyrano to_NEG write_NEG the_NEG dialog_NEG num num,negative,positive
num - visit lodz ghetto nazi-occupied poland recorded german cameraman naive co-operation jewish community combined archival footage clip international newsreel excerpt related cultural film portray world jew swindler parasite interprets jewish life viewpoint traditional anti-semitism nazi ideology candid cinematically-unique expression racial hatred personally film frightening highly offensive hope picture reach_NEG the_NEG screen_NEG again_NEG,negative,positive
looked forward movie good family movie michael landon editing team did better job editing movie better scene context hope movie series good beg better care editing story place did seem_NEG to_NEG have_NEG a_NEG center_NEG unfortunate movie series great enjoy story willie missy great role model plus romantic viewer enjoy good love story,negative,positive
a_NEG follower_NEG of_NEG a_NEG certain_NEG movie_NEG genre_NEG classify movie industrial non-industrial valentine second industrial movie director jamie blank urban legend unlike urban legend screenplay story line weak unlike urban legend basic element movie dashing iconic make valentine best basic iconic element growing hatred serial killer down-to-earth secondary school year grown wound accumulated soul classmate girlfriend fun concentrate element watching movie come point view humanism entirely good evil fact somebody known evil secretly kind hearted just story line direction weak a_NEG satisfied_NEG a_NEG we_NEG deserved_NEG second iconic element course magnificent togetherness late num s super starlet favourite jessica cauffiel killed coolest way killed arrow shot bow broach tummy stay stuck playing hide-and-seek blind date able_NEG to_NEG met_NEG with_NEG katherine heigl starlet getting killed biology laboratory trying hide human body model lying surgical operation table denise richards killed just valentine day gift whirlpool bath jessica capshaw killed confidential unseen way calumniated serial killer marley shelton unluckiest vicissitude fortune going killed confidential way know_NEG movie coming end getting killed finally benita ha luckiest a_NEG classmate_NEG of_NEG the_NEG serial_NEG killer_NEG david boreanaz iconic element soundtrack blind date labyrinth scene valentine day celebration dorothy house scene ultimately killing theme everybody loved soundtrack far know hard rock suit_NEG better_NEG within_NEG a_NEG serial_NEG killer-mystery_NEG movie_NEG,positive,negative
yagyu ichizoku inbo_NEG ''_NEG (_NEG let_NEG 's_NEG just_NEG say_NEG ``_NEG the_NEG shogun_NEG 's_NEG samurai_NEG ''_NEG )_NEG is_NEG somewhere_NEG between_NEG horrifically_NEG boring_NEG and_NEG mind-bogglingly_NEG painful_NEG to_NEG watch_NEG historical epic chance rich saga really more_NEG than_NEG just_NEG another_NEG cheap_NEG '_NEG num_NEG s_NEG action_NEG flick_NEG with_NEG a_NEG based-on-real-events_NEG story_NEG and_NEG an_NEG eyepatch-sporting_NEG sonny_NEG chiba_NEG movie halfway point tempted commit seppuku music like thousand dog heat wailing ear tune composed ennio morricone an_NEG insult_NEG towards_NEG morricone_NEG )_NEG use zoom lens cinematography nauseating fascinating term action really series brutal attack oh-no-they-did shock_NEG terrible movie,negative,positive
disappointed tetsuo instant tsukamoto fan num min film fresh innovative just different enjoy having movie face push make squirm button tetsuo did just movie enjoy getting breath fresh air appreciate offbeat style used make indie film worthwhile testuo ii likely disspointment looking visceral hyper-kinetic feel movie skip thats stripped away tetsuo ii odd reason just typical hollywood style action flick confused worthwhile opinion die-hard tsukamoto fan,negative,positive
story eclipse maybe indigo ha child beginning love murder oh people hot trail bloody birthday pretty mediocre title film nice lil surprise way_NEG expecting_NEG a_NEG film_NEG that_NEG dealt_NEG with_NEG blood-thirsty_NEG psychopath_NEG kid_NEG say best flick seen kid villain end movie seriously wanted kid die horrible fashion really solid num s horror flick kid getting away mayhem murder just ca think_NEG about_NEG slightest bit investigation easily uncover lil sh t murderer couple police town end like dimwit suppose gotten away haha yeah chinese jet-pilot movie delivered evilass kid entertaining lot premarital sex decent boobage kiddin_NEG stellar title dash mind flick shot recommendable underrated num s horror flick,positive,negative
appearance serial time mid forty cardboard set moon king lightning bolt sewn apron know drill rocky jones adventure featuring space cop dealing insufferable bitch queen planet offeecious commie planet wo join_NEG the_NEG united_NEG planet_NEG noble messenger intergalactic reason announce offeecious collision course vaguely slavic planet bitch queen decides blow guy evacuate land introduces moral effect greatness nation in_NEG it_NEG land_NEG people hammered home time climactic talkfest bq constant nasal ranting offeeeecious provides relief seriously wanting space effect tv,negative,positive
expecting documentary covering num num era sci-fi received big ol commercial laced leftist political innuendo james cameron movie mogul baby boomer pushing work sky past referred bug exploration movie num including favorite earth flying saucer thing world forbidden planet deadly mantis tarantula lower budget example rarely mentioned like space monster num moon cosmic man better documentary remaining actor director stunt men collector plus non-hollywood era interviewed wish num rating available num generous,negative,positive
heighten drama sudsy maternity ward story set special ward difficult case main story loretta young leave long prison stretch murder doctor save baby cost life heed husband plea opposite melodrama sentiment dominant the_NEG honest_NEG sort_NEG say example just thing moving hospital psycho ward door maternity ward let woman hysterical pregnancy wander stealing baby just laugh sarcasm recognizable warner film glenda farrell swig gin hot-water bottle wait twin chagrin find law selling example repartee careful farrell late careful aline macmahon course wonderfully authoritative chief nurse expect_NEG her_NEG to_NEG be_NEG given_NEG a_NEG dramatic_NEG moment_NEG main theme film sight baby turn mush given obvious limitation film better,negative,positive
bad raunchy predictable tacky salacious soap opera best just guilty pleasure line valley doll mean best somebody get pregnant wedlock time heard phrase affair drinking backstabbing jealousy tragic altogether_NEG unexpected_NEG death_NEG caroline bender hope lange mike rice delicious stephen boyd centerpiece goings-on chemistry immediate glue keep film fragmented suzy parker off-the-chart gorgeous ex-fashion model appears gregg adam aspiring stage actress role according biography read apparently much_NEG of_NEG a_NEG stretch_NEG parker doe surprisingly credible job holding couple scene opposite louis jourdan play david savage jourdan probably took role money special screen credit clearly headed aging road diane baker fine naive gullible april morrison martha hyer barbara lemont particularly juicy storyline film legend joan crawford chew usual serving scenery amanda farrow role like jourdan savage crawford likely took paycheck obviously dated dialog plot device num predictability soap opera genre like good soap best satisfy,positive,negative
movie show free enterprise quest almighty buck transcends racial ethnic barrier ultimately market place determines message sent public movie dramatizes point conservative white-collar advertising company taken group street-wise african american chaired no-nonsense black man want make buck belief sell product telling truth movie show matter_NEG how_NEG hard_NEG he_NEG try_NEG to_NEG do_NEG something_NEG different_NEG market place political demand conform rendering different_NEG than_NEG his_NEG predecessor_NEG interesting off-beat movie,positive,negative
longest time liked movie better original care bear movie summer watched decided wrong better care bear movie guessed read review a_NEG bad_NEG movie_NEG just strange people mentioned completely disavows knowledge movie ca think_NEG of_NEG another_NEG sequel_NEG that_NEG contradicts_NEG the_NEG original_NEG so_NEG blatantly_NEG (_NEG especially_NEG with_NEG the_NEG gender_NEG of_NEG some_NEG character_NEG and_NEG how_NEG they_NEG all_NEG met_NEG )_NEG little watching quite bit confused distraught felt way watching adult reason movie actually pretty good disassociate movie ca think_NEG of_NEG another_NEG movie_NEG for_NEG little_NEG kid_NEG with_NEG a_NEG demon_NEG a_NEG it_NEG 's_NEG villan_NEG for_NEG a_NEG minute_NEG suggesting_NEG that_NEG evil_NEG demon_NEG who_NEG want_NEG to_NEG steal_NEG the_NEG soul_NEG of_NEG camper_NEG and_NEG care_NEG bear_NEG are_NEG good_NEG just cool supremely evil movie little kid like bizzare santa clause satan movie mexico hear demon darkheart want chick help care bear return giving special power dark kiddy flick eh did mention darkheart appears girl whiney voiced num year old boy freaky kid care-a-lot looking baby care bear oh man demon baby care bear movie needless say get cleared end before_NEG we_NEG get_NEG to_NEG see_NEG darkheart_NEG trap_NEG the_NEG care_NEG bear_NEG '_NEG soul_NEG in_NEG this_NEG scary_NEG chandelere_NEG thing_NEG in_NEG one_NEG [_NEG surprisingly_NEG ]_NEG deeply_NEG disturbing_NEG scene_NEG )_NEG left question wether movie cult audience richly deserves just watch,positive,negative
gun blasting building exploding car crashing just minute action-packed film involving rogue ex-cia mercenary ca seem_NEG to_NEG die_NEG matter_NEG how_NEG many_NEG time_NEG he_NEG 's_NEG shot_NEG (_NEG hence_NEG the_NEG title_NEG )_NEG is_NEG pretty_NEG decent_NEG tough toothy gary busey usually cast villain kinda flick usual crazy charm bit subdued carrying entire doe mean_NEG there_NEG is_NEG a_NEG lot_NEG of_NEG terrific_NEG supporting_NEG role_NEG including_NEG william_NEG smith_NEG luke askew mill watson armstrong henry silva lincoln kirkpatrick thalmus rasulala forgotten character-actors smaller action sequence hold entire story busey free group kidnapped american military elite return high-tech supertank normal tank cheesy add-on pasted state doe america deserve killing machine bad guy question asked course like film centering cia getting preachy,positive,negative
powerful true story phoolan book film based came released prison chance tell allegedly based diary illiterate doe work said area film accurate acting bad_NEG sensitivity shown really story need old tv series far happens cram couple hour read autobiography highly recommended fantastic story,negative,positive
good say movie read revolution hell writing abbie dismissed clown-prince num man idea used cleverness sense humor pop culture flamboyant personality attention idea medium concentrated man the_NEG idea_NEG problem movie later life did suffer depression flick like national enquirer version abbie deserves better know_NEG abbie_NEG or_NEG his_NEG time_NEG movie wo help_NEG film lie zero,negative,positive
hard proper_NEG job_NEG going_NEG down_NEG at_NEG the_NEG pit_NEG rent_NEG your_NEG kid_NEG diy pimp story gratuitous sex scene hard core soft core read like public information film fifty wide miss use barge pole,negative,positive
just watched dog heaven learn sequel watch_NEG it_NEG horrible absolutely awful rush character develop sasha example begin singing count love end like dramatic romance flick comedy-adventure film rip charlie character replace gushy soft rebellious version humor carface character just completely lost totally different dog doe have_NEG a_NEG cool_NEG voice_NEG anymore_NEG that_NEG villain_NEG you_NEG love_NEG to_NEG hate_NEG anymore_NEG just wimp voiced mermaid man spongebob speaking voice actor charlie completely different voice horrible_NEG like_NEG it_NEG terrible comparison excellent job burt reynolds did character film dom deluise wonderful itchy character stay true film get num num purely dom deluise voicing itchy oh complaint know ann-marie movie gone parent did charlie completely forget mention_NEG at_NEG all_NEG of_NEG her_NEG in_NEG the_NEG second_NEG film_NEG mean small mention itchy acceptable ex charlie ca take_NEG care_NEG of_NEG every_NEG kid_NEG that_NEG need_NEG rescuing_NEG sort mean died living deserves kind mention watch_NEG this_NEG if_NEG you_NEG 're_NEG looking_NEG for_NEG a_NEG wonderful_NEG sequel_NEG,negative,positive
ca understand_NEG what_NEG it_NEG is_NEG that_NEG fan_NEG of_NEG the_NEG genre_NEG did_NEG like_NEG about_NEG this_NEG film_NEG truly lot fun special effect wonderful generally agree review imdb voter this_NEG time_NEG waited came home video felt reason enjoy_NEG the_NEG film_NEG believe special effect film need seen big screen the_NEG case_NEG film begs comparison film released time blair witch mummy film thought terrible blair probably overrated horror film time mummy gob money pure dreck people liked special effect film like mummy haunting rich_NEG in_NEG character_NEG development_NEG like funhouse ride analogy mummy b ticket haunting e-ticket,positive,negative
hilariously horrible num made-for-tv horror clinker about_NEG a_NEG deadly_NEG demonically_NEG possessed_NEG dessert_NEG cake_NEG exceptionally awful undeniably amusing enjoyable cathode ray refuse reach breathtaking apex absolute unremitting silliness atrociousness quite tasty sort way richard crenna looking haggard possibly inebriated yvette mimieux act got_NEG over_NEG the_NEG brutal_NEG rape_NEG she_NEG endured_NEG in_NEG ``_NEG jackson_NEG county_NEG jail_NEG sluggishly portray disgustingly nice respectable suburbanite couple quaint dull sleepy small town existence get ripped asunder cute german shepard family pet turn ancient lethal evil spirit pretty soon mimieux repellently cutesy kid kim richards ike eisenmann psychic alien moppet disney witch mountain picture worshiping crude crayon drawing nasty ugly canine entity den boy doe that_NEG sound_NEG really_NEG scary_NEG and_NEG disturbing_NEG scary disturbing laughably ludicrous claptrap sure ai sure funny thanks curtis night tide harrington hopelessly weak direction cartoonish so_NEG )_NEG special_NEG effect_NEG painfully plot game cast struggle valiantly absurd story lead martine beswicke armstrong briefly pop member satanic cult victor jory nice cameo helpful native american shaman favorite scene malicious mephestophelion mutt put whammy crenna practically forcing stick hand wildly spinning lawnmower blade stuck-up snobby fright film fan hold nose perfectly putrid stench admittedly smelly schlock devout tv trash lover deem endearingly abominable offal boob tube equivalent alpo,positive,negative
regret single second time lost watching movie really unhappily hard switch movie started watching especially classic people use classic think movie movie-lover watched time watched get_NEG me_NEG wrong_NEG like humphrey bogart wife lauren bacall couple actor movie big fraud opinion really_NEG good_NEG plot_NEG espionage flick a_NEG romantic_NEG love_NEG story_NEG even_NEG a_NEG convincing_NEG mixture_NEG of_NEG both_NEG of_NEG these_NEG genre_NEG thing caused tension uncertain bacall stay end think ''_NEG is_NEG very_NEG overrated_NEG and_NEG bogart_NEG wa_NEG in_NEG many_NEG better_NEG film_NEG during_NEG the_NEG num_NEG s_NEG,negative,positive
just watched incredible melting man second time boring watched understand_NEG why_NEG it_NEG ha_NEG become_NEG such_NEG a_NEG 'cult_NEG classic_NEG '_NEG when_NEG it_NEG is_NEG so_NEG tediously_NEG dull_NEG opening scene look promising fat nurse drop canister blood run dear life really happens melting man stalk wood house whilst having flashback life astronaut makeup quite good melting gooey face look fairly realistic cool scene throw man head river float reach waterfall fall rock burst open much_NEG to_NEG wet_NEG yourself_NEG over_NEG though_NEG scene shot darkness ca really_NEG see_NEG what_NEG is_NEG happening_NEG much_NEG gore_NEG vipco dvd watched incredible melting man that_NEG great_NEG at_NEG all_NEG mark cheese factor want true cult classic watch deadly spawn instead,negative,positive
going detail good somewhat provocative tv movie consensus user one_NEG to_NEG blame_NEG here_NEG ''_NEG disagree yes young male lover beverly played rob estes young horny good looking getting_NEG a_NEG much_NEG a_NEG he_NEG want_NEG from_NEG mom_NEG doe mean_NEG climb bed sex daughter ok use excuse just wanted watch tv buy_NEG it_NEG people responsibility action only_NEG did_NEG he_NEG ``_NEG cross_NEG the_NEG line_NEG ''_NEG by_NEG having_NEG sex_NEG with_NEG a_NEG very_NEG vulnerable_NEG teen_NEG supposedly responsible adult said mom know_NEG about_NEG this_NEG responsible yes good flick got coming kid_NEG yourselves_NEG folk_NEG that_NEG what_NEG happened_NEG wa_NEG ``_NEG one_NEG 's_NEG fault_NEG ''_NEG,positive,negative
movie australian girl -- debbie nell schofield sue sue knight -- happens girlfriend surfer guy caught art cinema america num technically teenager num interested seeing australian teen acted script wise new show usual teenage adventure dealing dating sex suicide knew going happen did bored_NEG interesting despite accent change clothes hair teenager much_NEG different_NEG than_NEG american_NEG teen_NEG difficulty hang-ups based book real surfer girl true life adventure heard faithful adaptation acting just ok actor attractive well-made pretty interesting unsung_NEG masterpiece_NEG but_NEG a_NEG pretty_NEG accurate_NEG portrayal_NEG of_NEG what_NEG it_NEG 's_NEG like_NEG being_NEG a_NEG teenager_NEG and_NEG trying_NEG to_NEG be_NEG with_NEG the_NEG popular_NEG kid_NEG num,positive,negative
play new genre horror killer doll film got_NEG too_NEG much_NEG money_NEG for_NEG make_NEG it_NEG but_NEG i_NEG think_NEG that_NEG the_NEG only_NEG film_NEG that_NEG make_NEG shadow_NEG to_NEG chucky_NEG is_NEG this.ok_NEG it´s_NEG a_NEG tipical_NEG product_NEG direct_NEG to_NEG video_NEG or_NEG direct_NEG to_NEG tv_NEG but_NEG pinocchio_NEG is_NEG real_NEG and_NEG the_NEG killer_NEG is_NEG the_NEG little_NEG girl.the_NEG imagination_NEG of_NEG child_NEG are_NEG too_NEG big_NEG and_NEG this_NEG film_NEG play_NEG with_NEG it.the_NEG role_NEG are_NEG good_NEG and_NEG candance_NEG mckenzie_NEG is_NEG great_NEG,negative,positive
imagine young people involved making necromancy aka witching plus bunch title felt little weird set horror movie man participated john houseman production proletarian play cradle rock scared people thinking alien invading war world directed starred greatest movie time citizen kane orson welles starring third-rate flick satanic cult basically creative movie lot nudity background music prof really distracting movie particularly_NEG predictable_NEG worth_NEG seeing_NEG low welles sunk fortunately final thirteen year life narrated documentary bug bunny superstar warner cartoon num s hosted documentary man saw tomorrow nostradamus recommend this_NEG one_NEG just avoid starring pamela franklin michael ontkean,negative,positive
half movie pure delight novel funny wonderful performance close knit brother sister living manhattan fall woman adult bright witty ask romantic comedy start refreshing head unexplored territory fall apart go universal adult comedy coming-of-age coming-out-of-the-closet story time disappointment people film begin promise doe need turn pedestrian film freeze-frame ending shot heather graham jumping air celebrate happiness finding underline banality film different magical ended old old,negative,positive
awesome enjoying thoroughly set alaska agree_NEG with_NEG the_NEG homosexual_NEG content_NEG on_NEG tonight_NEG 's_NEG show_NEG feel pushing hard bring new york alaska thing new yorker struggling alaska wild try turn alaska town new york nice dainty woman true alaska men bring sex couple mix throwing balance way alaska portrayed man new york woman think num show perfect balance doing ca we_NEG have_NEG a_NEG nice_NEG show_NEG without_NEG the_NEG imbalance_NEG of_NEG nature_NEG,negative,positive
opera filmed synchronization variety mass medium production start point opera initial appearance raven eye wizard oz synch start point mgm lion roar dorothy knock tin man chest orchard dorothy heel click synchs gone wind prince darkness synch start point music score start point electric ladyland original release version song sequence rocka rolla original release version song sad wing destiny original release sin sin original release stained class original release hell bent leather original release point entry original release screaming vengeance original release defender faith original release turbo original release,positive,negative
roeg great movie turkey feel play written untalented high-school student class assignment set decoration appealing somewhat surrealistic way actual story insufferable hokum,negative,positive
year old set stay interested eleanor geena davis fred hugh laurie little nice well-to-do couple set bring home orphanage new little brother son george johnathan lipnicki come home quite odd new sibling sharp dressed little mouse named stuart voiced michael fox yes mouse stuart happy sense belonging super sized world contains new family pet cat snowbell voiced nathan lane stuart embarks experience family loyalty overall friendship george finally accept tiny new brother dapper dressed stuart save embarrassment model boat race cast julia sweeney harold gould estelle getty jeffery jones voice chaz palminteri bruno kirby jennifer tilly,negative,positive
sure film black militant stereotype jargon time sense movie dated satirical look america number parasitical industry advertising target just important counter- message effect big buck make industry socially promoting war toy alcohol movie allure capitalism note example putney garb suddenly change resemble third-world revolutionary fidel just pull firm moment look like swope mini-revolution succeeded staff moving maybe spread movement militant succumb allure big buck departs shaking head hijack plane cuba downey final word ironical arab believe burn money tower leaving metaphorical structure advertising capitalism smoking ruin look like change succeed cleansing act destruction a_NEG a_NEG process_NEG of_NEG reforma_NEG message_NEG consistent_NEG with_NEG the_NEG radical_NEG spirit_NEG of_NEG the_NEG time_NEG subtext genuinely funny moment especially commercial play did compare anarchic style marx make good point throw-away line fly fast outrageous set-ups year later hard movie consistent handle despite crudity film remains work daring originality genuinely telling moment,positive,negative
atmosphere great plenty excellent buildup thats fails way build constantly creepy set make feel like really freaky coming right corner hear plenty story people talking freaky event people door talk deep emotional past set lame equipment thats lead believe paranormal laugh time need exercise horrible spirit audience seen rid spirit wa_NEG and_NEG everything_NEG is_NEG put_NEG in_NEG a_NEG neat_NEG little_NEG package_NEG looked freaky great potential lead thing,negative,positive
great movie - especially music - etta james - speaks volume finally special,negative,positive
believe war film try convey terror war avoid idealism respect rudimentary military principle zvezda barely doe zvezda russian war film expecting patriotism sentimentality beautiful poetic picture lush score slavic cheekbone cruel german did need_NEG wa_NEG the_NEG naive_NEG love_NEG non-affair_NEG unrealistically silly war scene abuse syrupy soundtrack film avoided carefully historical political reference stalinism nazism holocaust end passing nonetheless insulting sense history endnote liberating poland missed opportunity film a_NEG propaganda_NEG apparently_NEG,negative,positive
noticed james earl jones waiter serving hagarty wife reveals pregnant restaurant lake watched movie video taped television watched scene thought recognized voice jones waiter laughed end rewound tape slowly stepped camera pulled showed waiter listen closely waiter laugh hagarty look tell going baby watch closely slow scene camera show waiter albeit quickly,positive,negative
collaboration schoedsack cooper compelling documentary migration bakhtiari tribe persia twice year num num people half million animal cross river mountain pasture feel like pampered weakling watching people herd animal ice cold water walk barefoot snow cross mountain trying animal walk steep narrow mountain path,positive,negative
father pride good show unfortunately have_NEG a_NEG very_NEG long_NEG life_NEG pretty sad specially consider time worst show air think simple life admit similarity simpson despite similarity merit animation just adequate incredible_NEG good best character animal likable funny sigfried roy moment music good liked song very_NEG original_NEG think lot potential mission hill very_NEG famous_NEG but_NEG i_NEG liked_NEG a_NEG lot_NEG did have_NEG the_NEG appreciation_NEG that_NEG it_NEG deserved_NEG shame,positive,negative
used love muppets muppet movie great muppet caper muppets manhattan good family movie cleverly written fun watch thought_NEG i_NEG would_NEG see_NEG the_NEG day_NEG when_NEG they_NEG would_NEG jump_NEG on_NEG the_NEG hollywood_NEG sleaze_NEG bandwagon_NEG scooter caged rave dancer pepe making lewd suggestive comment minute -- your_NEG father_NEG 's_NEG muppets_NEG jim_NEG henson_NEG 's_NEG muppets_NEG anymore_NEG wonderful life themed movie moment enough_NEG to_NEG save_NEG it_NEG cringed watching child hope movie certainly disappointment,negative,positive
mike sedlak co-wrote score movie proud love comment gone_NEG far_NEG enough_NEG movie premiered san francisco summer num theater packed friend family clapped day pulled screen bay area interested hearing scene scene detail make movie enjoyable let know start shot gideon blake throw toilet plunger distract evil henchman guarding radio transmitter deck bud house gideon diffused bomb original version did help_NEG bombed bring,negative,positive
life megan jackie kresler dylan shane elliott change nevada desert reno la vega stop eat small greasy spoon reluctantly learn infamous area num proprietor jonathan breck getting road year old lincoln radio get little crazy broadcasting hitler speech num olympics later num news bulletin elvis presley drafted military car slowly break scare life mysterious unexplainable thing happen lonely radiation-poisoned desert remnant nuclear testing megan meet lost little girl channing nichols wounded wwii soldier nightmarish journey doe end_NEG there_NEG kresler impressive degree james lay make good use patsy cline tune moderately interesting sci-fi,negative,positive
okay got movie christmas present free - movie meant stereoscopic num main character car movie fall flat num d that_NEG hard_NEG to_NEG film_NEG in_NEG a_NEG car_NEG second - story very_NEG good_NEG lot thing wrong - showing death beginning film movie suck going killed watch good laugh waste_NEG your_NEG time_NEG buying_NEG it_NEG just download cheap,positive,negative
leon errol handle double role uncle matt lindsay lord basil epping superbly trouble liking mexican spitfire series contrived produce mistaken identity telegraphed way advance errol funny stuffy lord epping preferred lot wit repetition,negative,positive
